registry_id,source_region,address,road_address,legal_dong_code,sigungu_code,building_registry_pk,building_name,primary_main_use,approval_year,unit_count,observed_floor_count,total_observed_area_m2,has_title_section,has_unit_section,has_floor_section,has_area_section,violation_status,data_completeness_score,old_building_flag,non_residential_use_flag,basement_or_unknown_floor_flag,missing_approval_year_flag,registry_weak_label,risk_reasons
000130a1cbc5d58f,서울,서울특별시 강동구 명일동 15번지,서울특별시 강동구 고덕로 210 (명일동),10100,11740,10261100763,삼익그린맨션,,2022,1,1,0.0,0,1,0,0,unknown,0.667,0,0,0,0,1,low_data_completeness
000adfcd3976475b,경기,경기도 고양시 덕양구 주교동 221-2번지,경기도 고양시 덕양구 대주로 505 (주교동),10100,41281,110417638,,주택,2022,0,1,0.0,1,0,0,0,unknown,0.833,0,0,0,0,0,
000e11ef5d1f6e93,서울,서울특별시 노원구 월계동 12번지,서울특별시 노원구 마들로 127 (월계동),10200,11350,10121134221,,,2022,1,1,0.0,0,1,0,0,unknown,0.667,0,0,0,0,1,low_data_completeness
0015c0e177f85d01,인천,인천광역시 강화군 강화읍 신문리 10-10번지,,25021,28710,10621100194983,장애인회관,노유자시설,2013,0,1,0.0,1,0,0,0,unknown,0.833,0,1,0,0,1,non_residential_main_use
00168b0c9e7dac13,경기,경기도 군포시 당동 51번지,경기도 군포시 공단로 145 (당동),10100,41410,11131100200512,,세차장,2016,0,1,1096.89,1,0,1,0,unknown,0.833,0,1,0,0,1,non_residential_main_use
0020db20d5219011,인천,인천광역시 동구 만석동 1-90번지,인천광역시 동구 보세로42번길 30-11 (만석동),10100,28140,1000000000000006548371,,공장,2025,0,1,471.0,1,0,0,0,unknown,0.833,0,1,0,0,1,non_residential_main_use
0021dd86894edbd3,경기,경기도 과천시 문원동 15-23번지,경기도 과천시 공원마을2길 52 (문원동),10200,41290,110813614,,,2022,1,1,0.0,0,1,0,0,unknown,0.667,0,0,0,0,1,low_data_completeness
0024f36784937421,인천,인천광역시 부평구 부평동 10-234번지,인천광역시 부평구 주부토로100번길 12 (부평동),10100,28237,10591181769,궁전빌라,,2022,1,1,0.0,0,1,0,0,unknown,0.667,0,0,0,0,1,low_data_completeness
00287b45d55ffd56,서울,서울특별시 금천구 가산동 41-1번지,서울특별시 금천구 벚꽃로42길 20 (가산동),10100,11545,1019144683,,,2022,1,1,0.0,0,1,0,0,unknown,0.667,0,0,0,0,1,low_data_completeness
002ed7a2d7a19b53,경기,경기도 가평군 가평읍 읍내리 102-14번지,경기도 가평군 잎너비길 35-75 (가평읍 읍내리),25021,41820,11301100249214,,단독주택,2018,0,1,0.0,1,0,0,0,unknown,0.833,0,0,0,0,0,
003bfa8da2a51cf8,경기,경기도 김포시 북변동 200-16번지,경기도 김포시 봉화로 164-2 (북변동),10100,41570,1000000000000003596016,MU빌리지,,2024,1,1,0.0,0,1,0,0,unknown,0.667,0,0,0,0,1,low_data_completeness
003f95c5f0ef778e,경기,경기도 고양시 일산서구 일산동 551-16번지,경기도 고양시 일산서구 고양대로 701-6 (일산동),10100,41287,11041100176587,대명아트빌,공동주택(다세대주택),2008,0,1,0.0,1,0,0,0,unknown,0.833,0,0,0,0,0,
004f0e802e373c0f,서울,서울특별시 강서구 가양동 14-3번지,서울특별시 강서구 양천로 489 (가양동),10400,11500,1017130196,가양우성아파트,아파트,2022,0,2,94.0,0,0,0,1,unknown,0.833,0,0,0,0,0,
0074278c35e0cde8,경기,경기도 구리시 갈매동 162-25번지,경기도 구리시 금강로 54 (갈매동),10100,41310,11091100207832,,동.식물관련시설,2019,0,1,977.0,1,0,0,0,unknown,0.833,0,1,0,0,1,non_residential_main_use
0076239db7cb9e43,서울,서울특별시 강남구 대치동 511번지,서울특별시 강남구 삼성로 150 (대치동),10600,11680,1024125744,한보미도맨션208동,,2022,1,1,0.0,0,1,0,0,unknown,0.667,0,0,0,0,1,low_data_completeness
0076d0197ea61e17,경기,경기도 구리시 갈매동 147-18번지,경기도 구리시 담터길21번길 81 (갈매동),10100,41310,11091284,,폐수처리장,1997,0,1,2623.0,1,0,0,0,unknown,0.833,1,1,0,0,1,old_building|non_residential_main_use
007ffe2479224182,인천,인천광역시 미추홀구 숭의동 1-153번지,인천광역시 미추홀구 경인로142번길 19-9 (숭의동),10100,28177,105612228,,주택,1974,0,1,0.0,1,0,0,0,unknown,0.833,1,0,0,0,1,old_building
0085a2264ae3bf8c,인천,인천광역시 동구 만석동 5-21번지,인천광역시 동구 인중로 440-1 (만석동),10100,28140,1055112122,서해빌라,,2022,1,1,0.0,0,1,0,0,unknown,0.667,0,0,1,0,1,basement_or_unknown_floor|low_data_completeness
0085b77c98e9add2,서울,서울특별시 도봉구 쌍문동 19번지,서울특별시 도봉구 도당로 10 (쌍문동),10500,11320,10111554,LG트윈빌1,기숙사,1984,0,1,0.0,1,0,0,0,unknown,0.833,1,1,0,0,1,old_building|non_residential_main_use
0097f1fc3fd7dc30,인천,인천광역시 미추홀구 숭의동 1-99번지,인천광역시 미추홀구 경인로144번길 44 (숭의동),10100,28177,10561100292317,,업무시설,2020,0,1,150.0,1,0,0,0,unknown,0.833,0,1,0,0,1,non_residential_main_use
00a6ba84e96f0d02,서울,서울특별시 강서구 개화동 348-2번지,서울특별시 강서구 개화3길 33 (개화동),11000,11500,1017149555,,연립주택,2022,0,1,26.31,0,0,0,1,unknown,0.833,0,0,0,0,0,
00ad597cfe3738ff,서울,서울특별시 구로구 신도림동 280-14번지,서울특별시 구로구 신도림로11라길 47-7 (신도림동),10100,11530,101816837,,연립주택,1976,0,1,0.0,1,0,0,0,unknown,0.833,1,0,0,0,1,old_building
00c4138baa65c649,서울,서울특별시 노원구 월계동 18번지,서울특별시 노원구 마들로 31 (월계동),10200,11350,101213224,그랑빌아파트,공동주택(아파트),2002,0,1,0.0,1,0,0,0,unknown,0.833,1,0,0,0,1,old_building
00cbb91a4272c1a0,경기,경기도 광주시 경안동 19-7번지,경기도 광주시 광주대로55번길 7-4 (경안동),10100,41610,1125171980,,,2022,1,1,0.0,0,1,0,0,unknown,0.667,0,0,1,0,1,basement_or_unknown_floor|low_data_completeness
00ccb191b94a5864,서울,서울특별시 노원구 월계동 12번지,서울특별시 노원구 마들로 127 (월계동),10200,11350,10121182546,,,2022,1,1,0.0,0,1,0,0,unknown,0.667,0,0,0,0,1,low_data_completeness
00d460d2cc601790,경기,경기도 고양시 일산서구 일산동 525-21번지,경기도 고양시 일산서구 고양대로 724-8 (일산동),10100,41287,11041320768,,,2022,1,1,0.0,0,1,0,0,unknown,0.667,0,0,0,0,1,low_data_completeness
00e2fbc3ed3189e2,인천,인천광역시 계양구 효성동 1-11번지,인천광역시 계양구 길마로88번길 5 (효성동),10100,28245,1060113203,원익그린맨션,,2022,1,1,0.0,0,1,0,0,unknown,0.667,0,0,0,0,1,low_data_completeness
00ea18f7e58c6352,인천,인천광역시 강화군 강화읍 신문리 205-5번지,인천광역시 강화군 강화대로 429 (강화읍 신문리),25021,28710,1062135747,중앙시장,,2022,1,1,0.0,0,1,0,0,unknown,0.667,0,0,1,0,1,basement_or_unknown_floor|low_data_completeness
011b1877d60779cc,서울,서울특별시 도봉구 쌍문동 9번지,서울특별시 도봉구 도봉로139길 74-7 (쌍문동),10500,11320,10111548,,단독주택,1980,0,1,117.32,1,0,1,0,unknown,0.833,1,0,0,0,1,old_building
011e804ebb371493,서울,서울특별시 도봉구 쌍문동 8-2번지,서울특별시 도봉구 도봉로139길 74-14 (쌍문동),10500,11320,10111538,,다가구주택,1983,0,1,93.89,1,0,1,0,unknown,0.833,1,0,0,0,1,old_building
0127a8b1bb78f18f,인천,인천광역시 부평구 부평동 10-21번지,인천광역시 부평구 주부토로100번길 7 (부평동),10100,28237,10591181303,로얄하이츠빌라,,2022,1,1,0.0,0,1,0,0,unknown,0.667,0,0,0,0,1,low_data_completeness
01364582ea2aad55,서울,서울특별시 광진구 중곡동 18-3번지,서울특별시 광진구 용마산로28길 6 (중곡동),10100,11215,10061100205912,,,2022,1,1,0.0,0,1,0,0,unknown,0.667,0,0,0,0,1,low_data_completeness
01445cb03943855e,경기,경기도 과천시 관문동 71-17번지,경기도 과천시 산마을길 65 (관문동),10100,41290,11081100183491,,주차장,2014,0,1,669.0,1,0,0,0,unknown,0.833,0,1,1,0,1,non_residential_main_use|basement_or_unknown_floor
014abe6d40df52e7,인천,인천광역시 남동구 구월동 3-18번지,인천광역시 남동구 석산로228번길 17-8 (구월동),10100,28200,1058127543,,,2022,1,1,0.0,0,1,0,0,unknown,0.667,0,0,0,0,1,low_data_completeness
015703f65feb99a4,경기,경기도 가평군 가평읍 읍내리 87번지,경기도 가평군 잎너비길 35-237 (가평읍 읍내리),25021,41820,113011992,,단독주택,2001,0,1,602.21,1,0,1,0,unknown,0.833,1,0,0,0,1,old_building
01708308206ec816,서울,서울특별시 강남구 역삼동 605번지,서울특별시 강남구 봉은사로 156 (역삼동),10100,11680,10241100294423,마티네 차움,"숙박시설(의료관광호텔),의료시설,근린생활시설",2020,0,1,1948.5,1,0,0,0,unknown,0.833,0,1,0,0,1,non_residential_main_use
017131ad990e0d46,서울,서울특별시 강동구 명일동 47-3번지,서울특별시 강동구 동남로75길 13-10 (명일동),10100,11740,102614338,명일동 47-3,"교육연구시설,제1,2종근린생활시설",1992,0,1,1287.5,1,0,0,0,unknown,0.833,1,1,0,0,1,old_building|non_residential_main_use
017510d59769088b,서울,서울특별시 금천구 가산동 40-14번지,서울특별시 금천구 벚꽃로42길 7 (가산동),10100,11545,1019151422,,,2022,1,1,0.0,0,1,0,0,unknown,0.667,0,0,0,0,1,low_data_completeness
0176cf1503a190d9,서울,서울특별시 관악구 봉천동 1-207번지,서울특별시 관악구 청림3길 79-5 (봉천동),10100,11620,10221122947,,,2022,1,1,0.0,0,1,0,0,unknown,0.667,0,0,0,0,1,low_data_completeness
018d91d4f16d39df,서울,서울특별시 강동구 명일동 42번지,서울특별시 강동구 고덕로62길 76 (명일동),10100,11740,102611816,우성아파트,아파트,1986,0,1,0.0,1,0,0,0,unknown,0.833,1,0,0,0,1,old_building
0191084939949764,인천,인천광역시 계양구 효성동 1-4번지,인천광역시 계양구 새벌로171번길 4 (효성동),10100,28245,10601100192638,인천효성동초등학교,초등학교,2012,0,1,4.56,1,0,1,0,unknown,0.833,0,1,0,0,1,non_residential_main_use
01a80d61c847fc75,경기,경기도 광명시 광명동 24-63번지,경기도 광명시 연서일로17번길 29-14 (광명동),10100,41210,10981748,,단독주택,1978,0,1,132.0,1,0,0,0,unknown,0.833,1,0,0,0,1,old_building
01abbd818a4c0aa2,인천,인천광역시 연수구 옥련동 118-16번지,인천광역시 연수구 한진로72번길 30 (옥련동),10100,28185,105718319,,,2022,1,1,0.0,0,1,0,0,unknown,0.667,0,0,1,0,1,basement_or_unknown_floor|low_data_completeness
01aff76edd216a31,서울,서울특별시 강서구 등촌동 14-7번지,서울특별시 강서구 양천로 424 (등촌동),10200,11500,10171100352290,가양역 데시앙플렉스 지식산업센터,기타공장,2022,0,2,86.19,0,0,0,1,unknown,0.833,0,1,1,0,1,non_residential_main_use|basement_or_unknown_floor
01bf97c14f8d8a02,경기,경기도 고양시 일산서구 일산동 294번지,,10100,41287,11041235419,,단독주택,2022,0,1,39.24,1,0,1,0,unknown,0.833,0,0,0,0,0,
01c60c627a5f9bd4,인천,인천광역시 남동구 구월동 4-5번지,인천광역시 남동구 석산로228번길 57 (구월동),10100,28200,10581100322021,현대캐슬,공동주택,2019,0,1,244.7,1,0,0,0,unknown,0.833,0,0,0,0,0,
01d52d1596271e20,경기,경기도 고양시 일산서구 일산동 551-13번지,경기도 고양시 일산서구 원일로 116-6 (일산동),10100,41287,11041234117,,근린생활시설,2022,0,1,0.0,1,0,0,0,unknown,0.833,0,1,0,0,1,non_residential_main_use
01f3ba7bd0aa48ce,서울,서울특별시 관악구 봉천동 1-507번지,서울특별시 관악구 청림5길 56 (봉천동),10100,11620,102219691,,단독주택,1975,0,1,0.0,1,0,0,0,unknown,0.833,1,0,0,0,1,old_building
01f5f85b4fdbf4cc,서울,서울특별시 강북구 미아동 3-9번지,서울특별시 강북구 오현로9길 23 (미아동),10100,11305,1010130822,,다세대주택,2022,1,3,70.37,0,1,0,1,unknown,0.833,0,0,1,0,1,basement_or_unknown_floor
01f60ffec2b48498,인천,인천광역시 중구 중앙동3가 4-8번지,인천광역시 중구 홍예문로 7 (중앙동3가),10300,28110,1054115487,,,2022,1,1,0.0,0,1,0,0,unknown,0.667,0,0,0,0,1,low_data_completeness
02092b8a3295cb1a,서울,서울특별시 강서구 염창동 65번지,서울특별시 강서구 양천로67길 71-3 (염창동),10100,11500,10171100318473,진영리버타운,,2022,1,1,0.0,0,1,0,0,unknown,0.667,0,0,0,0,1,low_data_completeness
023135e030340704,서울,서울특별시 강남구 역삼동 603-5번지,서울특별시 강남구 봉은사로 138 (역삼동),10100,11680,10241100249309,더스위트캐슬,"업무시설(오피스텔),근린생활시설",2015,0,1,913.7,1,0,0,0,unknown,0.833,0,0,0,0,0,
024662f62cf8c84e,인천,인천광역시 강화군 강화읍 신문리 205-5번지,인천광역시 강화군 강화대로 429 (강화읍 신문리),25021,28710,1062135847,중앙시장,,2022,1,1,0.0,0,1,0,0,unknown,0.667,0,0,1,0,1,basement_or_unknown_floor|low_data_completeness
024e373e4d434d42,서울,서울특별시 강북구 미아동 3-89번지,서울특별시 강북구 오패산로30가길 5-6 (미아동),10100,11305,10101800,,단독주택,1968,0,1,0.0,1,0,0,0,unknown,0.833,1,0,0,0,1,old_building
025264970826ad12,경기,경기도 군포시 당동 14-1번지,경기도 군포시 공단로 149 (당동),10100,41410,111319582,아이밸리 군포,,2022,1,1,0.0,0,1,0,0,unknown,0.667,0,0,1,0,1,basement_or_unknown_floor|low_data_completeness
0264e1a3fdcba299,서울,서울특별시 강북구 미아동 3-11번지,서울특별시 강북구 오현로9길 17 (미아동),10100,11305,10101100194975,동방플러스빌,다세대주택,2022,1,3,74.69,0,1,0,1,unknown,0.833,0,0,1,0,1,basement_or_unknown_floor
026943f43e83f1f5,경기,경기도 가평군 가평읍 읍내리 97-3번지,경기도 가평군 잎너비길 17-80 (가평읍 읍내리),25021,41820,11301100181284,,단독주택,2008,0,1,757.4,1,0,1,0,unknown,0.833,0,0,0,0,0,
026bf022bc60e834,경기,경기도 광명시 광명동 25-14번지,경기도 광명시 광명로928번길 42-5 (광명동),10100,41210,10981765,,단독주택,1989,0,1,155.0,1,0,0,0,unknown,0.833,1,0,0,0,1,old_building
0274a5c7051c2537,경기,경기도 가평군 가평읍 읍내리 214번지,경기도 가평군 가평제방길 233 (가평읍 읍내리),25021,41820,1000000000000002714926,힐스테이트 가평 더뉴클래스,,2023,1,1,0.0,0,1,0,0,unknown,0.667,0,0,0,0,1,low_data_completeness
0278f311bb007685,서울,서울특별시 강서구 개화동 425-20번지,서울특별시 강서구 개화동로5길 3-18 (개화동),11000,11500,10171100238165,개화동 경동미르웰,다세대주택,2022,0,1,31.47,0,0,0,1,unknown,0.833,0,0,0,0,0,
02961799fdc16d28,경기,경기도 구리시 갈매동 163-15번지,경기도 구리시 담터길 11 (갈매동),10100,41310,11091300,,주택.변소,1969,0,1,0.0,1,0,0,0,unknown,0.833,1,0,0,0,1,old_building
02b7fdc8b73ea35a,경기,경기도 김포시 북변동 200-16번지,경기도 김포시 봉화로 164-2 (북변동),10100,41570,1000000000000003596014,MU빌리지,,2024,1,1,0.0,0,1,0,0,unknown,0.667,0,0,0,0,1,low_data_completeness
02c90b0658d2131b,경기,경기도 구리시 갈매동 128-9번지,경기도 구리시 경춘북로 344 (갈매동),10100,41310,11091246,,주유소,1995,0,2,1108.44,1,0,1,0,unknown,0.833,1,1,0,0,1,old_building|non_residential_main_use
02cae5f95032d48f,서울,서울특별시 구로구 신도림동 271-25번지,서울특별시 구로구 신도림로19길 144 (신도림동),10100,11530,10181100189264,신도림삼성쉐르빌 1,오피스텔,2010,0,29,13418.86,1,0,1,0,unknown,0.833,0,0,0,0,0,
02ccb5d6657afa7a,인천,인천광역시 옹진군 북도면 신도리 514-2번지,인천광역시 옹진군 신도로896번길 31 (북도면 신도리),31022,28720,106318371,영광빌라,,2022,1,1,0.0,0,1,0,0,unknown,0.667,0,0,0,0,1,low_data_completeness
02dfcb8082fca8b3,경기,경기도 과천시 문원동 15-2번지,경기도 과천시 공원마을1길 49-1 (문원동),10200,41290,11081158,,마을회관,1985,0,1,282.0,1,0,0,0,unknown,0.833,1,1,0,0,1,old_building|non_residential_main_use
02e456cb344aa068,서울,서울특별시 도봉구 쌍문동 19-22번지,서울특별시 도봉구 도당로2길 13 (쌍문동),10500,11320,10111559,,제2종근린생활시설(사무소),2006,0,1,178.0,1,0,0,0,unknown,0.833,0,1,0,0,1,non_residential_main_use
02eabdcfc6b4eb27,인천,인천광역시 서구 백석동 블록,인천광역시 서구 한들로 73 (백석동),10100,28260,1000000000000002036191,검암역 로열파크씨티 푸르지오 2단지,,2023,1,1,0.0,0,1,0,0,unknown,0.667,0,0,0,0,1,low_data_completeness
02fc2d30178e76b2,경기,경기도 광명시 광명동 24-44번지,경기도 광명시 광삼로13번길 30-8 (광명동),10100,41210,1098117395,,,2022,1,1,0.0,0,1,0,0,unknown,0.667,0,0,1,0,1,basement_or_unknown_floor|low_data_completeness
030a5e867bb2f670,서울,서울특별시 광진구 중곡동 18-84번지,서울특별시 광진구 용마산로22길 5-26 (중곡동),10100,11215,100618044,,공동주택,2002,0,1,215.9,1,0,0,0,unknown,0.833,1,0,0,0,1,old_building
03155f0f6ca6a988,서울,서울특별시 노원구 월계동 12번지,서울특별시 노원구 마들로 127 (월계동),10200,11350,10121182500,,,2022,1,1,0.0,0,1,0,0,unknown,0.667,0,0,0,0,1,low_data_completeness
0343c5fd203c6b05,서울,서울특별시 강서구 염창동 65번지,서울특별시 강서구 양천로67길 71-3 (염창동),10100,11500,10171100318488,진영리버타운,,2022,1,1,0.0,0,1,0,0,unknown,0.667,0,0,0,0,1,low_data_completeness
0346ee67b30c9f4d,서울,서울특별시 강북구 미아동 3-9번지,서울특별시 강북구 오현로9길 23 (미아동),10100,11305,1010130826,,다세대주택,2022,1,3,64.89,0,1,0,1,unknown,0.833,0,0,1,0,1,basement_or_unknown_floor
0350705c76218168,서울,서울특별시 노원구 월계동 3-7번지,서울특별시 노원구 마들로 45 (월계동),10200,11350,101211079,서울한천초등학교,기타교육연구시설,1997,0,1,36.0,1,0,1,0,unknown,0.833,1,1,0,0,1,old_building|non_residential_main_use
03542eef713f0144,인천,인천광역시 강화군 강화읍 신문리 1-6번지,인천광역시 강화군 강화대로 407-1 (강화읍 신문리),25021,28710,1062122542,,사무소,1966,0,1,59.18,1,0,1,0,unknown,0.833,1,1,0,0,1,old_building|non_residential_main_use
0366734c19d234a1,경기,경기도 고양시 일산동구 식사동 13-8번지,,10100,41285,11041100436786,저장고(탄4),교정및군사시설,1976,0,1,652295.0,1,0,0,0,unknown,0.833,1,1,0,0,1,old_building|non_residential_main_use
037f59d17fb89619,경기,경기도 고양시 일산동구 식사동 13-8번지,,10100,41285,11041100436788,저장고(탄6),교정및군사시설,1976,0,1,652295.0,1,0,0,0,unknown,0.833,1,1,0,0,1,old_building|non_residential_main_use
0391718b08241516,인천,인천광역시 계양구 효성동 8-16번지,인천광역시 계양구 새벌로171번길 11 (효성동),10100,28245,106012082,대경넥스텔,공동주택,2002,0,1,0.0,1,0,0,0,unknown,0.833,1,0,0,0,1,old_building
03a8f8f2a9ed9e68,서울,서울특별시 금천구 가산동 50-3번지,서울특별시 금천구 벚꽃로 298 (가산동),10100,11545,10191100191109,대륭 포스트타워 6차,,2022,1,1,0.0,0,1,0,0,unknown,0.667,0,0,0,0,1,low_data_completeness
03b92e92024a81ba,인천,인천광역시 계양구 효성동 11-20번지,인천광역시 계양구 봉오대로601번길 3-1 (효성동),10100,28245,106011126,,주택,1982,0,1,0.0,1,0,0,0,unknown,0.833,1,0,0,0,1,old_building
03c14c70020b580b,인천,인천광역시 미추홀구 숭의동 1-90번지,인천광역시 미추홀구 수봉로33번길 27 (숭의동),10100,28177,105617925,하나베스트빌,공동주택,2003,0,1,229.0,1,0,0,0,unknown,0.833,1,0,0,0,1,old_building
03cd2d061643eda8,서울,서울특별시 강서구 염창동 65번지,서울특별시 강서구 양천로67길 71-3 (염창동),10100,11500,10171100318506,진영리버타운,,2022,1,1,0.0,0,1,0,0,unknown,0.667,0,0,0,0,1,low_data_completeness
03f411a22bf09a20,서울,서울특별시 노원구 월계동 12번지,서울특별시 노원구 마들로 127 (월계동),10200,11350,10121113019,,,2022,1,1,0.0,0,1,0,0,unknown,0.667,0,0,0,0,1,low_data_completeness
04016edfb1be590d,인천,인천광역시 중구 중앙동1가 15-2번지,인천광역시 중구 신포로23번길 98 (중앙동1가),10100,28110,10541630,중앙파크빌,"업무시설,공동주택",2003,0,1,139.5,1,0,0,0,unknown,0.833,1,0,0,0,1,old_building
041da507efb6bc9c,서울,서울특별시 노원구 월계동 12번지,서울특별시 노원구 마들로 127 (월계동),10200,11350,101212705,,아파트,1987,0,4,2253.45,1,0,1,0,unknown,0.833,1,0,0,0,1,old_building
041de6aef629c731,경기,경기도 구리시 갈매동 136-38번지,경기도 구리시 경춘북로303번길 7-6 (갈매동),10100,41310,11091100177021,,소매점,2010,0,1,222.72,1,0,1,0,unknown,0.833,0,1,0,0,1,non_residential_main_use
0420673ba1dc47cd,서울,서울특별시 노원구 월계동 12번지,서울특별시 노원구 마들로 127 (월계동),10200,11350,10121195211,,,2022,1,1,0.0,0,1,0,0,unknown,0.667,0,0,0,0,1,low_data_completeness
04206a4924dacc40,경기,경기도 고양시 일산서구 일산동,,10100,41287,11041229461,,단독주택,2022,0,1,18.3,1,0,1,0,unknown,0.833,0,0,0,0,0,
04561ea15cf62650,서울,서울특별시 구로구 신도림동 271-25번지,서울특별시 구로구 신도림로19길 144 (신도림동),10100,11530,10181100189229,신도림삼성쉐르빌 1,,2022,1,1,0.0,0,1,0,0,unknown,0.667,0,0,0,0,1,low_data_completeness
04678ddef9b7cb5e,인천,인천광역시 미추홀구 숭의동 1-67번지,인천광역시 미추홀구 수봉로33번길 28-14 (숭의동),10100,28177,105612184,,"제1종근린생활시설, 주택",1983,0,1,0.0,1,0,0,0,unknown,0.833,1,0,0,0,1,old_building
046b4ae4533995b7,경기,경기도 김포시 북변동 165-1번지,,10100,41570,112313613,,근린생활시설,1998,0,1,567.0,1,0,0,0,unknown,0.833,1,1,0,0,1,old_building|non_residential_main_use
046b63e6c894ce48,경기,경기도 고양시 일산서구 일산동 551-35번지,경기도 고양시 일산서구 원일로 110 (일산동),10100,41287,11041239507,,"근린생활시설,판매시설",2005,0,1,673.0,1,0,0,0,unknown,0.833,1,1,0,0,1,old_building|non_residential_main_use
048141a00318e915,인천,인천광역시 중구 중앙동3가 4-8번지,인천광역시 중구 홍예문로 7 (중앙동3가),10300,28110,1054115471,,,2022,1,1,0.0,0,1,0,0,unknown,0.667,0,0,0,0,1,low_data_completeness
0486de1b2ecae412,경기,경기도 고양시 일산동구 식사동 236-4번지,경기도 고양시 일산동구 견달산로210번길 45-15 (식사동),10100,41285,11041100226837,루미나리,,2022,1,1,0.0,0,1,0,0,unknown,0.667,0,0,0,0,1,low_data_completeness
049cb45bed635586,경기,경기도 광명시 광명동 24-78번지,경기도 광명시 광삼로13번길 30-12 (광명동),10100,41210,1098117420,부안빌라,,2022,1,1,0.0,0,1,0,0,unknown,0.667,0,0,1,0,1,basement_or_unknown_floor|low_data_completeness
049ea812b8374c96,인천,인천광역시 남동구 구월동 3-8번지,인천광역시 남동구 석산로 230 (구월동),10100,28200,10581100314414,호진다온채,,2022,1,1,0.0,0,1,0,0,unknown,0.667,0,0,0,0,1,low_data_completeness
049fc6d0ec7c4082,인천,인천광역시 부평구 부평동 10-268번지,인천광역시 부평구 장제로199번길 48 (부평동),10100,28237,10591100239813,승림하이츠,공동주택,2011,0,1,393.0,1,0,0,0,unknown,0.833,0,0,0,0,0,
04ac760293f3e29c,경기,경기도 가평군 가평읍 읍내리 120-1번지,경기도 가평군 잎너비길 35-33 (가평읍 읍내리),25021,41820,113012010,,"주택, 창고",1995,0,1,600.0,1,0,0,0,unknown,0.833,1,0,0,0,1,old_building
04c89c941b5033f7,경기,경기도 과천시 문원동 15-15번지,경기도 과천시 공원마을1길 38 (문원동),10200,41290,11081100182903,,,2022,1,1,0.0,0,1,0,0,unknown,0.667,0,0,0,0,1,low_data_completeness
04cbfafc7a56f3df,경기,경기도 고양시 덕양구 주교동 38-13번지,경기도 고양시 덕양구 원당로 112 (주교동),10100,41281,11041100458201,고양 엘림프라자,,2022,1,1,0.0,0,1,0,0,unknown,0.667,0,0,0,0,1,low_data_completeness
04ce379178030f88,서울,서울특별시 관악구 봉천동 1-70번지,서울특별시 관악구 청림3다길 12 (봉천동),10100,11620,1022197279,,,2022,1,1,0.0,0,1,0,0,unknown,0.667,0,0,0,0,1,low_data_completeness
04d3015be9c7df8e,경기,경기도 군포시 당동 14-1번지,경기도 군포시 공단로 149 (당동),10100,41410,111319596,아이밸리 군포,,2022,1,1,0.0,0,1,0,0,unknown,0.667,0,0,1,0,1,basement_or_unknown_floor|low_data_completeness
04d8ba21b3106c12,인천,인천광역시 미추홀구 숭의동 1-139번지,인천광역시 미추홀구 경인로144번길 36 (숭의동),10100,28177,105617927,두리맨션,공동주택,2003,0,1,174.0,1,0,0,0,unknown,0.833,1,0,0,0,1,old_building
04dbce94ee1c8026,인천,인천광역시 남동구 구월동 3-36번지,인천광역시 남동구 석산로228번길 10 (구월동),10100,28200,105816256,신동아빌라,공동주택,1995,0,1,406.09,1,0,0,0,unknown,0.833,1,0,0,0,1,old_building
04dfd8c6b79a097b,인천,인천광역시 남동구 구월동 3-23번지,인천광역시 남동구 당좌로 39 (구월동),10100,28200,10581100316226,나라사랑주택,,2022,1,1,0.0,0,1,0,0,unknown,0.667,0,0,0,0,1,low_data_completeness
04ea497df71884da,경기,경기도 고양시 일산서구 일산동 525-21번지,경기도 고양시 일산서구 고양대로 724-8 (일산동),10100,41287,11041320775,,,2022,1,1,0.0,0,1,0,0,unknown,0.667,0,0,0,0,1,low_data_completeness
04f99293e9532a45,경기,경기도 과천시 관문동 71-8번지,경기도 과천시 산마을길 37 (관문동),10100,41290,11081141,,창고,1981,0,1,487.62,1,0,1,0,unknown,0.833,1,1,0,0,1,old_building|non_residential_main_use
051019d3e578a5b9,경기,경기도 김포시 북변동 200-7번지,경기도 김포시 봉화로 162-1 (북변동),10100,41570,11231100515336,,,2022,1,1,0.0,0,1,0,0,unknown,0.667,0,0,0,0,1,low_data_completeness
0517209221cc113e,경기,경기도 광주시 경안동 10-23번지,경기도 광주시 중앙로154번길 26 (경안동),10100,41610,11251100232554,,,2022,1,1,0.0,0,1,0,0,unknown,0.667,0,0,0,0,1,low_data_completeness
052dc2c5e12aa4aa,서울,서울특별시 관악구 봉천동 1-530번지,서울특별시 관악구 청림3다길 7 (봉천동),10100,11620,1022114474,,단독주택,1993,0,1,115.67,1,0,0,0,unknown,0.833,1,0,0,0,1,old_building
0547e35febff5ef4,경기,경기도 고양시 일산서구 일산동 353번지,,10100,41287,11041239267,,단독주택,2022,0,1,61.0,1,0,1,0,unknown,0.833,0,0,0,0,0,
0552dfdd749163d2,경기,경기도 김포시 북변동 185번지,,10100,41570,112313623,,주택,2022,0,1,0.0,1,0,0,0,unknown,0.833,0,0,0,0,0,
0568ad2a823a9b01,경기,경기도 과천시 문원동 15-54번지,경기도 과천시 공원마을6길 27 (문원동),10200,41290,11081100186674,,,2022,1,1,0.0,0,1,0,0,unknown,0.667,0,0,0,0,1,low_data_completeness
0572f0dd8cdfd7b8,인천,인천광역시 동구 만석동 1-53번지,인천광역시 동구 보세로26번길 24-36 (만석동),10100,28140,10551100181548,,,2022,1,1,0.0,0,1,0,0,unknown,0.667,0,0,0,0,1,low_data_completeness
057db58788c9acb8,서울,서울특별시 관악구 봉천동 1-551번지,서울특별시 관악구 청림3길 51 (봉천동),10100,11620,102218889,,단독주택 외1,1991,0,1,74.48,1,0,0,0,unknown,0.833,1,0,0,0,1,old_building
057dc5dc9002ae2b,경기,경기도 광주시 경안동 10-23번지,경기도 광주시 중앙로154번길 26 (경안동),10100,41610,11251100232553,,,2022,1,1,0.0,0,1,0,0,unknown,0.667,0,0,0,0,1,low_data_completeness
0582b93b52a02ff3,인천,인천광역시 서구 백석동 28-3번지,인천광역시 서구 서곶로 670 (백석동),10100,28260,106112229,,기타교육연구시설,1997,0,3,1979.1,1,0,1,0,unknown,0.833,1,1,0,0,1,old_building|non_residential_main_use
058398b36f087cd4,서울,서울특별시 구로구 신도림동 271-25번지,서울특별시 구로구 신도림로19길 144 (신도림동),10100,11530,10181100189163,신도림삼성쉐르빌 1,,2022,1,1,0.0,0,1,0,0,unknown,0.667,0,0,0,0,1,low_data_completeness
05840bc6b1744422,경기,경기도 광주시 경안동 20-16번지,경기도 광주시 광주대로 31 (경안동),10100,41610,1000000000000002748019,지에이타워,,2023,1,1,0.0,0,1,0,0,unknown,0.667,0,0,0,0,1,low_data_completeness
0599ff53a366301f,인천,인천광역시 옹진군 북도면 시도리 53-6번지,인천광역시 옹진군 시도로86번길 217-43 (북도면 시도리),31021,28720,10631100176873,,단독주택,2010,0,1,394.4,1,0,1,0,unknown,0.833,0,0,0,0,0,
05a7c00aa32f3f14,서울,서울특별시 강서구 염창동 79-8번지,서울특별시 강서구 양천로69길 35 (염창동),10100,11500,1017124881,염경중학교,교육연구및복지시설,2006,0,1,8910.0,1,0,0,0,unknown,0.833,0,1,0,0,1,non_residential_main_use
05a984983832e9df,서울,서울특별시 강북구 미아동 3-30번지,서울특별시 강북구 오패산로30길 73 (미아동),10100,11305,10101768,,단독주택,1992,0,2,389.03,1,0,1,0,unknown,0.833,1,0,0,0,1,old_building
05b2735faa3dc8d2,인천,인천광역시 계양구 효성동 1-17번지,인천광역시 계양구 새벌로 191 (효성동),10100,28245,1060113249,그린파크,,2022,1,1,0.0,0,1,0,0,unknown,0.667,0,0,0,0,1,low_data_completeness
05b9249b1e407d30,인천,인천광역시 부평구 부평동 10-235번지,인천광역시 부평구 주부토로94번길 15 (부평동),10100,28237,1059138782,,주택,1975,0,1,0.0,1,0,0,0,unknown,0.833,1,0,0,0,1,old_building
05c5a3dc84891010,인천,인천광역시 남동구 구월동 3-5번지,인천광역시 남동구 석산로 230-3 (구월동),10100,28200,1058127526,조은그린빌,,2022,1,1,0.0,0,1,0,0,unknown,0.667,0,0,0,0,1,low_data_completeness
05d458fc358cce1f,서울,서울특별시 강서구 염창동 96-4번지,서울특별시 강서구 양천로73길 52 (염창동),10100,11500,101718875,예본빌딩,근린생활시설,1998,0,1,549.89,1,0,0,0,unknown,0.833,1,1,0,0,1,old_building|non_residential_main_use
05deefadbf925904,경기,경기도 구리시 갈매동 510번지,경기도 구리시 갈매순환로204번길 65 (갈매동),10100,41310,11091100207185,구리 스마트벤처타워,,2022,1,1,0.0,0,1,0,0,unknown,0.667,0,0,0,0,1,low_data_completeness
05df3e0b20a9525d,서울,서울특별시 노원구 월계동 12번지,서울특별시 노원구 마들로 127 (월계동),10200,11350,10121134218,,,2022,1,1,0.0,0,1,0,0,unknown,0.667,0,0,0,0,1,low_data_completeness
05df8266c6c1a87f,인천,인천광역시 중구 중앙동2가 3-2번지,인천광역시 중구 제물량로206번길 21 (중앙동2가),10200,28110,10541100226108,,,2022,1,1,0.0,0,1,0,0,unknown,0.667,0,0,0,0,1,low_data_completeness
05ea6b6d02f1f688,인천,인천광역시 연수구 옥련동 116-39번지,인천광역시 연수구 비류대로154번길 16 (옥련동),10100,28185,10571633,,주택,1985,0,1,0.0,1,0,0,0,unknown,0.833,1,0,0,0,1,old_building
05f1cbf0c1c117fd,인천,인천광역시 중구 중앙동3가 4-8번지,인천광역시 중구 홍예문로 7 (중앙동3가),10300,28110,1054115504,,,2022,1,1,0.0,0,1,0,0,unknown,0.667,0,0,0,0,1,low_data_completeness
0618297bdd023f2a,인천,인천광역시 서구 백석동 블록,인천광역시 서구 한들로 73 (백석동),10100,28260,1000000000000002037361,검암역 로열파크씨티 푸르지오 2단지,,2023,1,1,0.0,0,1,0,0,unknown,0.667,0,0,0,0,1,low_data_completeness
061edc37bc8a7488,경기,경기도 과천시 문원동 15-20번지,경기도 과천시 공원마을2길 51 (문원동),10200,41290,110813607,로즈빌2,,2022,1,1,0.0,0,1,0,0,unknown,0.667,0,0,0,0,1,low_data_completeness
06253723df4b5d9a,인천,인천광역시 서구 백석동 58번지,인천광역시 서구 녹색숲로31번길 52 (백석동),10100,28260,10611100320474,,분뇨및쓰레기처리시설,1999,0,1,0.0,1,0,0,0,unknown,0.833,1,1,0,0,1,old_building|non_residential_main_use
0638880504137f7e,서울,서울특별시 노원구 월계동 12번지,서울특별시 노원구 마들로 127 (월계동),10200,11350,10121195152,,,2022,1,1,0.0,0,1,0,0,unknown,0.667,0,0,0,0,1,low_data_completeness
063a9083e42acf12,서울,서울특별시 관악구 봉천동 1-483번지,서울특별시 관악구 청림3길 64 (봉천동),10100,11620,1022128960,,단독주택,1970,0,1,0.0,1,0,0,0,unknown,0.833,1,0,0,0,1,old_building
0642a7ca0d55b9e8,인천,인천광역시 동구 만석동 5-20번지,인천광역시 동구 인중로 440 (만석동),10100,28140,1055112113,서해그린빌라,,2022,1,1,0.0,0,1,0,0,unknown,0.667,0,0,1,0,1,basement_or_unknown_floor|low_data_completeness
0660d406207a4a43,경기,경기도 김포시 북변동 166-1번지,경기도 김포시 김포대로1127번길 121 (북변동),10100,41570,11231100246838,,창고시설,2012,0,1,500.0,1,0,0,0,unknown,0.833,0,1,0,0,1,non_residential_main_use
06673a5c85160f53,인천,인천광역시 동구 만석동 1-4번지,인천광역시 동구 보세로26번길 23 (만석동),10100,28140,10551199,40동,일반공장,1970,0,1,14864.38,1,0,1,0,unknown,0.833,1,1,0,0,1,old_building|non_residential_main_use
067b2a729d1320ae,경기,경기도 광주시 경안동 20-16번지,경기도 광주시 광주대로 31 (경안동),10100,41610,1000000000000002747993,지에이타워,,2023,1,1,0.0,0,1,0,0,unknown,0.667,0,0,0,0,1,low_data_completeness
067fb92eccfd062d,인천,인천광역시 남동구 구월동 3-21번지,인천광역시 남동구 석산로228번길 19 (구월동),10100,28200,10581100321247,하누리,,2022,1,1,0.0,0,1,0,0,unknown,0.667,0,0,0,0,1,low_data_completeness
0689eabc8dfec05b,경기,경기도 고양시 일산동구 식사동 13-8번지,,10100,41285,11041100436814,저장고(탄25),국방ㆍ군사시설,1973,0,1,652544.48,1,0,1,0,unknown,0.833,1,1,0,0,1,old_building|non_residential_main_use
06b96275f169291b,서울,서울특별시 강남구 역삼동 601-23번지,서울특별시 강남구 봉은사로4길 9 (역삼동),10100,11680,10241119667,,다세대주택,2022,0,2,47.13,0,0,0,1,unknown,0.833,0,0,1,0,1,basement_or_unknown_floor
06bbbea2053cec53,인천,인천광역시 강화군 강화읍 신문리 2-6번지,인천광역시 강화군 강화대로409번길 3 (강화읍 신문리),25021,28710,106218245,,기타제2종근린생활시설,1985,0,4,972.36,1,0,1,0,unknown,0.833,1,1,0,0,1,old_building|non_residential_main_use
06cc9493bdba44c2,경기,경기도 광명시 광명동 24-69번지,경기도 광명시 연서일로17번길 29-18 (광명동),10100,41210,10981750,,단독주택,1975,0,1,96.0,1,0,0,0,unknown,0.833,1,0,0,0,1,old_building
06d4bab5f506c951,인천,인천광역시 연수구 옥련동 118-3번지,인천광역시 연수구 비류대로144번길 23-4 (옥련동),10100,28185,105718289,,,2022,1,1,0.0,0,1,0,0,unknown,0.667,0,0,1,0,1,basement_or_unknown_floor|low_data_completeness
06eac7a12bec300d,인천,인천광역시 계양구 효성동 1-58번지,인천광역시 계양구 길마로 100 (효성동),10100,28245,106012062,삼성하이츠맨션,다세대주택,2001,0,4,215.24,1,0,1,0,unknown,0.833,1,0,0,0,1,old_building
06f846e93ff4fff1,경기,경기도 고양시 일산서구 일산동 524-10번지,경기도 고양시 일산서구 일중로 27 (일산동),10100,41287,11041237210,,소매점,1992,0,1,1411.92,1,0,1,0,unknown,0.833,1,1,0,0,1,old_building|non_residential_main_use
06fa899edd887d59,서울,서울특별시 도봉구 쌍문동 11-5번지,서울특별시 도봉구 도봉로139길 102 (쌍문동),10500,11320,1011117045,선우아파트,,2022,1,1,0.0,0,1,0,0,unknown,0.667,0,0,0,0,1,low_data_completeness
070ed9535229c5e5,인천,인천광역시 연수구 옥련동 81-68번지,인천광역시 연수구 독배로 111 (옥련동),10100,28185,105718109,,,2022,1,1,0.0,0,1,0,0,unknown,0.667,0,0,1,0,1,basement_or_unknown_floor|low_data_completeness
07359bff6c1e87d7,인천,인천광역시 부평구 부평동 10-271번지,인천광역시 부평구 길주남로54번길 14 (부평동),10100,28237,1059134768,,다세대주택(15세대),1994,0,1,308.0,1,0,0,0,unknown,0.833,1,0,0,0,1,old_building
073fe042f05f006d,서울,서울특별시 금천구 가산동 41-7번지,서울특별시 금천구 벚꽃로42길 18 (가산동),10100,11545,1019146404,,,2022,1,1,0.0,0,1,0,0,unknown,0.667,0,0,0,0,1,low_data_completeness
07440cc5118c099c,경기,경기도 고양시 일산서구 일산동 551-18번지,경기도 고양시 일산서구 일중로55번길 16 (일산동),10100,41287,11041100435267,,제2종근린생활시설,2021,0,1,715.0,1,0,0,0,unknown,0.833,0,1,0,0,1,non_residential_main_use
0749cea9e773d237,경기,경기도 광명시 광명동 25-4번지,경기도 광명시 광명로928번길 41-10 (광명동),10100,41210,10981761,,다가구주택,1990,0,1,142.0,1,0,0,0,unknown,0.833,1,0,0,0,1,old_building
075ede48cb10e7bb,경기,경기도 고양시 일산서구 일산동 551-21번지,경기도 고양시 일산서구 일중로55번길 28 (일산동),10100,41287,11041324495,,,2022,1,1,0.0,0,1,0,0,unknown,0.667,0,0,0,0,1,low_data_completeness
076423b3c6d9ff99,경기,경기도 광주시 경안동 11-42번지,경기도 광주시 광주대로71번길 12-3 (경안동),10100,41610,1125121448,,주택,1953,0,1,0.0,1,0,0,0,unknown,0.833,1,0,0,0,1,old_building
07657ebe53c78180,인천,인천광역시 연수구 옥련동 118-19번지,인천광역시 연수구 비류대로144번길 23-6 (옥련동),10100,28185,105718325,,,2022,1,1,0.0,0,1,0,0,unknown,0.667,0,0,1,0,1,basement_or_unknown_floor|low_data_completeness
0769da1cd056a01f,인천,인천광역시 미추홀구 숭의동 1-59번지,인천광역시 미추홀구 수봉로33번길 28-19 (숭의동),10100,28177,105617923,광백드림빌,공동주택,2006,0,1,284.0,1,0,0,0,unknown,0.833,0,0,0,0,0,
0771029fd5396196,서울,서울특별시 금천구 가산동 50-3번지,서울특별시 금천구 벚꽃로 298 (가산동),10100,11545,10191100191430,대륭 포스트타워 6차,,2022,1,1,0.0,0,1,0,0,unknown,0.667,0,0,0,0,1,low_data_completeness
077e2061517fae53,경기,경기도 광명시 광명동 24-15번지,경기도 광명시 광삼로13번길 28-11 (광명동),10100,41210,10981722,,단독주택,1978,0,1,157.11,1,0,1,0,unknown,0.833,1,0,0,0,1,old_building
079d0ce6b7ce3dc9,경기,경기도 가평군 가평읍 읍내리 214번지,경기도 가평군 가평제방길 233 (가평읍 읍내리),25021,41820,1000000000000002714451,힐스테이트 가평 더뉴클래스,,2023,1,1,0.0,0,1,0,0,unknown,0.667,0,0,0,0,1,low_data_completeness
07a3f8b6cffc5204,서울,서울특별시 강북구 미아동 3-226번지,서울특별시 강북구 도봉로18라길 19 (미아동),10100,11305,1010112859,,다세대주택,2000,0,1,220.54,1,0,0,0,unknown,0.833,1,0,0,0,1,old_building
07b2efac8af210cb,경기,경기도 광명시 광명동 24-31번지,경기도 광명시 광삼로13번길 38 (광명동),10100,41210,1098117385,공주빌라,,2022,1,1,0.0,0,1,0,0,unknown,0.667,0,0,1,0,1,basement_or_unknown_floor|low_data_completeness
07e08f4ca01a5546,서울,서울특별시 광진구 중곡동 18-17번지,서울특별시 광진구 용마산로28길 14-7 (중곡동),10100,11215,1006127430,,,2022,1,1,0.0,0,1,0,0,unknown,0.667,0,0,0,0,1,low_data_completeness
0804fdd5db0021e3,경기,경기도 고양시 일산서구 일산동 518번지,,10100,41287,11041229709,,단독주택,2022,0,1,58.2,1,0,1,0,unknown,0.833,0,0,0,0,0,
082fa58eae1eda05,인천,인천광역시 계양구 효성동 1-11번지,인천광역시 계양구 길마로88번길 5 (효성동),10100,28245,1060113204,원익그린맨션,,2022,1,1,0.0,0,1,0,0,unknown,0.667,0,0,0,0,1,low_data_completeness
08327510583b14be,경기,경기도 광주시 경안동 8-18번지,경기도 광주시 광주대로 74 (경안동),10100,41610,1125110585,,단독주택,2022,0,1,56.69,1,0,1,0,unknown,0.833,0,0,0,0,0,
0849dbb2e694acd8,서울,서울특별시 노원구 월계동 12번지,서울특별시 노원구 마들로 127 (월계동),10200,11350,10121195260,,,2022,1,1,0.0,0,1,0,0,unknown,0.667,0,0,0,0,1,low_data_completeness
085ddef1ceccc826,서울,서울특별시 강동구 명일동 47-5번지,서울특별시 강동구 동남로75길 13 (명일동),10100,11740,1026119561,은현빌딩,"근린생활시설, 교육연구시설",1993,0,1,669.9,1,0,0,0,unknown,0.833,1,1,0,0,1,old_building|non_residential_main_use
0869deefe8f5fee1,서울,서울특별시 강서구 방화동 128-3번지,서울특별시 강서구 방화대로52가길 32 (방화동),10900,11500,10171128595,,다세대주택,2022,0,2,76.76,0,0,0,1,unknown,0.833,0,0,1,0,1,basement_or_unknown_floor
086c7a7a5b9a9f6b,인천,인천광역시 서구 백석동 28-3번지,인천광역시 서구 서곶로 670 (백석동),10100,28260,106112228,,기타교육연구시설,2000,0,1,231.28,1,0,1,0,unknown,0.833,1,1,0,0,1,old_building|non_residential_main_use
08703d91121ae68e,경기,경기도 과천시 문원동 15-49번지,경기도 과천시 공원마을6길 35 (문원동),10200,41290,11081100185272,보니타스,,2022,1,1,0.0,0,1,0,0,unknown,0.667,0,0,0,0,1,low_data_completeness
08947e443c0db256,인천,인천광역시 부평구 부평동 10-233번지,인천광역시 부평구 주부토로100번길 20 (부평동),10100,28237,10591100263627,스마트빌,,2022,1,1,0.0,0,1,0,0,unknown,0.667,0,0,0,0,1,low_data_completeness
08a3aa526a499fa2,경기,경기도 고양시 일산동구 식사동 2-33번지,경기도 고양시 일산동구 사리현로 107 (식사동),10100,41285,1000000000000003633233,,기타종교집회장,2024,0,1,198.0,1,0,1,0,unknown,0.833,0,1,0,0,1,non_residential_main_use
08a6c9b245fbdc67,인천,인천광역시 동구 만석동 2-23번지,인천광역시 동구 만석부두로 16-3 (만석동),10100,28140,10551229,5동,공장,2001,0,1,0.0,1,0,0,0,unknown,0.833,1,1,0,0,1,old_building|non_residential_main_use
08cb285a2f08cd18,경기,경기도 고양시 일산동구 식사동 210-1번지,경기도 고양시 일산동구 사리현로 24-75 (식사동),10100,41285,11041204932,,,2022,1,1,0.0,0,1,0,0,unknown,0.667,0,0,1,0,1,basement_or_unknown_floor|low_data_completeness
08d79b1a321c18b2,서울,서울특별시 강서구 염창동 95-24번지,서울특별시 강서구 양천로73길 33 (염창동),10100,11500,1017125031,유앤아이빌딩,근린생활시설,2004,0,1,335.0,1,0,0,0,unknown,0.833,1,1,0,0,1,old_building|non_residential_main_use
08e400d3fa659ebe,경기,경기도 광주시 경안동 11-46번지,경기도 광주시 중앙로154번길 27-9 (경안동),10100,41610,1125126173,,주택,1984,0,1,0.0,1,0,0,0,unknown,0.833,1,0,0,0,1,old_building
08e4b6282b6878be,인천,인천광역시 계양구 효성동 1-17번지,인천광역시 계양구 새벌로 191 (효성동),10100,28245,1060113243,그린파크,,2022,1,1,0.0,0,1,0,0,unknown,0.667,0,0,0,0,1,low_data_completeness
0911d7a433ef8d6a,경기,경기도 김포시 북변동 163-4번지,경기도 김포시 김포대로1127번길 77 (북변동),10100,41570,112313611,,단독주택,1993,0,1,392.5,1,0,1,0,unknown,0.833,1,0,0,0,1,old_building
0912d8e3bd5a1ced,인천,인천광역시 부평구 부평동 10-267번지,인천광역시 부평구 장제로199번길 46 (부평동),10100,28237,1059126960,보령빌라,다세대주택,2001,0,1,165.0,1,0,0,0,unknown,0.833,1,0,0,0,1,old_building
0922a97f841b129b,서울,서울특별시 강남구 역삼동 603-5번지,서울특별시 강남구 봉은사로 138 (역삼동),10100,11680,10241100249377,더스위트캐슬,오피스텔,2022,0,4,31.565,0,0,0,1,unknown,0.833,0,0,1,0,1,basement_or_unknown_floor
0925b1babdb40a3e,서울,서울특별시 광진구 중곡동 18-93번지,서울특별시 광진구 용마산로22길 11-19 (중곡동),10100,11215,10061787,,다가구용단독주택(12가구),1996,0,1,215.9,1,0,0,0,unknown,0.833,1,0,0,0,1,old_building
092ab5b7ba04f685,경기,경기도 고양시 일산동구 식사동 13-8번지,,10100,41285,11041100436789,저장고(탄7),교정및군사시설,1975,0,1,652295.0,1,0,0,0,unknown,0.833,1,1,0,0,1,old_building|non_residential_main_use
092b04ee1801dff8,서울,서울특별시 노원구 월계동 12번지,서울특별시 노원구 마들로 127 (월계동),10200,11350,1012141646,,,2022,1,1,0.0,0,1,0,0,unknown,0.667,0,0,0,0,1,low_data_completeness
0946110e539bdd84,서울,서울특별시 노원구 월계동 12번지,서울특별시 노원구 마들로 127 (월계동),10200,11350,10121195204,,,2022,1,1,0.0,0,1,0,0,unknown,0.667,0,0,0,0,1,low_data_completeness
09561deafed7041a,서울,서울특별시 강동구 명일동 15번지,서울특별시 강동구 고덕로 210 (명일동),10100,11740,1026138791,삼익그린맨션,,2022,1,1,0.0,0,1,0,0,unknown,0.667,0,0,0,0,1,low_data_completeness
0973583345c60d73,경기,경기도 과천시 문원동 15-40번지,경기도 과천시 공원마을4길 41 (문원동),10200,41290,110813623,우리빌,,2022,1,1,0.0,0,1,0,0,unknown,0.667,0,0,0,0,1,low_data_completeness
0979cb1a974ffb50,인천,인천광역시 남동구 남동구 720-7번지,인천광역시 남동구 109 (남동구),00000,28200,105811812,선광공업(주),일반공장,2002,0,1,3.75,1,0,1,0,unknown,0.833,1,1,0,0,1,old_building|non_residential_main_use
09801c9dae7dd4c1,경기,경기도 구리시 갈매동 510번지,경기도 구리시 갈매순환로204번길 65 (갈매동),10100,41310,11091100207174,구리 스마트벤처타워,,2022,1,1,0.0,0,1,0,0,unknown,0.667,0,0,0,0,1,low_data_completeness
09901f1ef2b37141,인천,인천광역시 중구 중앙동1가 21-2번지,인천광역시 중구 신포로27번길 101 (중앙동1가),10100,28110,10541628,,"창고시설,제2종근린생활시설,단독주택",1981,0,1,112.4,1,0,0,0,unknown,0.833,1,0,0,0,1,old_building
099b4535b51be098,서울,서울특별시 구로구 신도림동 276-1번지,서울특별시 구로구 경인로67나길 52 (신도림동),10100,11530,1018118321,,주택,1976,0,1,0.0,1,0,0,0,unknown,0.833,1,0,0,0,1,old_building
09b01e453a19c943,서울,서울특별시 강서구 방화동 128-3번지,서울특별시 강서구 방화대로52가길 32 (방화동),10900,11500,10171128594,,다세대주택,2022,0,3,88.07,0,0,0,1,unknown,0.833,0,0,1,0,1,basement_or_unknown_floor
09b1db167086c319,인천,인천광역시 남동구 구월동 3-5번지,인천광역시 남동구 석산로 230-3 (구월동),10100,28200,1058127525,조은그린빌,,2022,1,1,0.0,0,1,0,0,unknown,0.667,0,0,0,0,1,low_data_completeness
09c068889afef920,서울,서울특별시 강서구 마곡동 4-2번지,서울특별시 강서구 양천로47길 106-1 (마곡동),10500,11500,10171100249993,청솔씨티빌,사무소,2022,0,2,26.17,0,0,0,1,unknown,0.833,0,1,1,0,1,non_residential_main_use|basement_or_unknown_floor
09cc2ee30525bbdb,경기,경기도 광명시 광명동 25-10번지,경기도 광명시 광명로928번길 41-6 (광명동),10100,41210,109815397,,다세대주택,1986,0,1,159.0,1,0,0,0,unknown,0.833,1,0,0,0,1,old_building
09dc2a96aa14ba8e,인천,인천광역시 계양구 효성동 1-13번지,인천광역시 계양구 길마로88번길 9 (효성동),10100,28245,1060113225,원익그린맨션,,2022,1,1,0.0,0,1,0,0,unknown,0.667,0,0,0,0,1,low_data_completeness
09ddfb096ba25fd9,서울,서울특별시 금천구 가산동 32-31번지,서울특별시 금천구 벚꽃로52길 15 (가산동),10100,11545,101913879,,주택,1988,0,1,0.0,1,0,0,0,unknown,0.833,1,0,0,0,1,old_building
09df55599905f7ea,서울,서울특별시 노원구 월계동 12번지,서울특별시 노원구 마들로 127 (월계동),10200,11350,1012141496,,,2022,1,1,0.0,0,1,0,0,unknown,0.667,0,0,0,0,1,low_data_completeness
09e5ca0e11417b1e,경기,경기도 군포시 당동 14-1번지,경기도 군포시 공단로 149 (당동),10100,41410,111319610,아이밸리 군포,,2022,1,1,0.0,0,1,0,0,unknown,0.667,0,0,1,0,1,basement_or_unknown_floor|low_data_completeness
09f34c00adfd45ad,서울,서울특별시 강동구 명일동 15번지,서울특별시 강동구 고덕로 210 (명일동),10100,11740,102611203,삼익그린맨션,아파트,1983,0,1,0.0,1,0,0,0,unknown,0.833,1,0,0,0,1,old_building
09fab21bc9d98b8f,서울,서울특별시 강북구 미아동 3-36번지,서울특별시 강북구 오현로9길 45 (미아동),10100,11305,10101100197339,,,2022,1,1,0.0,0,1,0,0,unknown,0.667,0,0,0,0,1,low_data_completeness
09ff3f588d2d6589,인천,인천광역시 계양구 효성동 1-13번지,인천광역시 계양구 길마로88번길 9 (효성동),10100,28245,106012045,원익그린맨션,다세대주택,1995,0,4,945.82,1,0,1,0,unknown,0.833,1,0,0,0,1,old_building
09ffe13041934a58,서울,서울특별시 강동구 명일동 28번지,서울특별시 강동구 고덕로 210 (명일동),10100,11740,102611212,삼익그린맨션,아파트,1984,0,1,0.0,1,0,0,0,unknown,0.833,1,0,0,0,1,old_building
0a08681e476456c6,인천,인천광역시 강화군 강화읍 신문리 3-6번지,인천광역시 강화군 강화대로403번길 5-1 (강화읍 신문리),25021,28710,1062125571,,"근린생활시설,주택",1992,0,1,0.0,1,0,0,0,unknown,0.833,1,0,0,0,1,old_building
0a087a30ed8f0414,서울,서울특별시 강서구 가양동 14-3번지,서울특별시 강서구 양천로 489 (가양동),10400,11500,1017130127,가양우성아파트,기타제1종근린생활시설,2022,0,1,35.13,0,0,0,1,unknown,0.833,0,1,0,0,1,non_residential_main_use
0a15413067d0a338,경기,경기도 광명시 광명동 25-9번지,경기도 광명시 광명로928번길 41-8 (광명동),10100,41210,1098117428,,,2022,1,1,0.0,0,1,0,0,unknown,0.667,0,0,1,0,1,basement_or_unknown_floor|low_data_completeness
0a268bbd4b3a98ac,서울,서울특별시 강남구 대치동 511번지,서울특별시 강남구 삼성로 150 (대치동),10600,11680,1024125344,한보미도맨션211동,,2022,1,1,0.0,0,1,0,0,unknown,0.667,0,0,0,0,1,low_data_completeness
0a26cbccb32185e4,인천,인천광역시 계양구 효성동 1-30번지,인천광역시 계양구 길마로 98 (효성동),10100,28245,1060113269,삼성하이츠맨션,,2023,1,1,0.0,0,1,0,0,unknown,0.667,0,0,0,0,1,low_data_completeness
0a39d396a266092b,경기,경기도 고양시 덕양구 주교동,,10100,41281,110411533,,단독주택,2022,0,1,53.93,1,0,1,0,unknown,0.833,0,0,0,0,0,
0a3ac65bdfdfeace,경기,경기도 구리시 갈매동 53-12번지,경기도 구리시 106 (갈매동),10100,41310,11091180,,단독주택,1986,0,1,197.22,1,0,1,0,unknown,0.833,1,0,0,0,1,old_building
0a3bd1feefe283ba,경기,경기도 고양시 일산동구 식사동 13-8번지,,10100,41285,11041100436790,저장고(탄8),국방ㆍ군사시설,1975,0,1,652319.0,1,0,1,0,unknown,0.833,1,1,0,0,1,old_building|non_residential_main_use
0a5f0a914efd340c,서울,서울특별시 강서구 개화동 425-20번지,서울특별시 강서구 개화동로5길 3-18 (개화동),11000,11500,10171100238164,개화동 경동미르웰,다세대주택,2022,0,1,30.95,0,0,0,1,unknown,0.833,0,0,0,0,0,
0a77c268ad9f45f8,인천,인천광역시 동구 만석동 1-36번지,인천광역시 동구 만석부두로7번길 15-7 (만석동),10100,28140,10551100173701,,일반공장,2009,0,1,462.0,1,0,1,0,unknown,0.833,0,1,0,0,1,non_residential_main_use
0a7a1dae8939b20a,인천,인천광역시 강화군 강화읍 신문리 9-2번지,인천광역시 강화군 강화대로 381 (강화읍 신문리),25021,28710,10621100250955,,창고시설,2021,0,1,1831.0,1,0,0,0,unknown,0.833,0,1,0,0,1,non_residential_main_use
0aa88c890f6f7ade,서울,서울특별시 노원구 월계동 18번지,서울특별시 노원구 마들로 31 (월계동),10200,11350,101213183,그랑빌아파트,경비실,2002,0,1,0.0,1,0,0,0,unknown,0.833,1,1,0,0,1,old_building|non_residential_main_use
0ac8a2d103be8fbd,인천,인천광역시 미추홀구 숭의동 1-11번지,인천광역시 미추홀구 경인로 148 (숭의동),10100,28177,10561100237021,다우림,아파트,2015,0,14,5370.65,1,0,1,0,unknown,0.833,0,0,0,0,0,
0ac9d513c6997381,인천,인천광역시 서구 백석동 51-229번지,,10100,28260,10611100270145,북측저류조 (송풍기동),기타제1종근린생활시설,2013,0,1,10699.14,1,0,1,0,unknown,0.833,0,1,0,0,1,non_residential_main_use
0ae54d05f840e25e,인천,인천광역시 남동구 구월동 3-5번지,인천광역시 남동구 석산로 230-3 (구월동),10100,28200,105816251,조은그린빌,다세대주택,2002,0,4,888.86,1,0,1,0,unknown,0.833,1,0,0,0,1,old_building
0b0555344f9db801,서울,서울특별시 강남구 대치동 511번지,서울특별시 강남구 삼성로 150 (대치동),10600,11680,1024125128,,,2022,1,1,0.0,0,1,0,0,unknown,0.667,0,0,0,0,1,low_data_completeness
0b16a80225a0128b,서울,서울특별시 노원구 월계동 12번지,서울특별시 노원구 마들로 127 (월계동),10200,11350,101212701,,아파트,1987,0,14,7656.25,1,0,1,0,unknown,0.833,1,0,0,0,1,old_building
0b23a0088d3abd4c,경기,경기도 고양시 덕양구 주교동 273-1번지,경기도 고양시 덕양구 원당로59번길 120 (주교동),10100,41281,11041103860,예중파크뷰아파트,,2022,1,1,0.0,0,1,0,0,unknown,0.667,0,0,0,0,1,low_data_completeness
0b24625ede4969d2,서울,서울특별시 강북구 미아동 3-11번지,서울특별시 강북구 오현로9길 17 (미아동),10100,11305,10101100194971,동방플러스빌,,2022,1,1,0.0,0,1,0,0,unknown,0.667,0,0,0,0,1,low_data_completeness
0b2aa9aa7d06a10b,서울,서울특별시 금천구 가산동 6-4번지,서울특별시 금천구 벚꽃로 340-6 (가산동),10100,11545,1019113787,,다가구주택,1991,0,2,293.91,1,0,1,0,unknown,0.833,1,0,0,0,1,old_building
0b358871dfbda07e,인천,인천광역시 미추홀구 숭의동 1-92번지,인천광역시 미추홀구 경인로142번길 57 (숭의동),10100,28177,105612195,,"근린생활시설, 주택(3)",1995,0,1,134.59,1,0,0,0,unknown,0.833,1,0,0,0,1,old_building
0b36bdaa778837ba,서울,서울특별시 강서구 공항동 2-85번지,서울특별시 강서구 방화대로23길 29 (공항동),10800,11500,1017190295,,다세대주택,2022,0,1,82.09,0,0,0,1,unknown,0.833,0,0,0,0,0,
0b5d4ab0a12cddfd,경기,경기도 김포시 북변동 142-10번지,경기도 김포시 북변중로 127 (북변동),10100,41570,11231100491828,영지 주식회사,병원,2021,0,4,3996.56,1,0,1,0,unknown,0.833,0,1,0,0,1,non_residential_main_use
0b7608eca2da97e2,경기,경기도 김포시 북변동 200-6번지,경기도 김포시 봉화로 164-4 (북변동),10100,41570,1000000000000002665897,MU빌리지,,2023,1,1,0.0,0,1,0,0,unknown,0.667,0,0,0,0,1,low_data_completeness
0b8af76cc139d8d0,경기,경기도 김포시 북변동 152-6번지,경기도 김포시 중봉로115번길 42-16 (북변동),10100,41570,11231100218379,,제조업소,2011,0,2,1320.6,1,0,1,0,unknown,0.833,0,1,0,0,1,non_residential_main_use
0b97d5aa2a351249,인천,인천광역시 중구 중앙동3가 4-8번지,인천광역시 중구 홍예문로 7 (중앙동3가),10300,28110,1054115431,,,2022,1,1,0.0,0,1,0,0,unknown,0.667,0,0,0,0,1,low_data_completeness
0ba33989ab9c0b71,경기,경기도 고양시 일산서구 일산동 524-16번지,경기도 고양시 일산서구 일중로 17 (일산동),10100,41287,11041325951,포오스프라자,,2022,1,1,0.0,0,1,0,0,unknown,0.667,0,0,0,0,1,low_data_completeness
0ba702f20057ed0f,경기,경기도 군포시 당동 115-17번지,경기도 군포시 산본로179번길 21 (당동),10100,41410,11131543,,근린생활시설,1996,0,1,151.0,1,0,0,0,unknown,0.833,1,1,0,0,1,old_building|non_residential_main_use
0bc45e51d1d3611f,인천,인천광역시 강화군 강화읍 신문리 205-5번지,인천광역시 강화군 강화대로 429 (강화읍 신문리),25021,28710,1062135828,중앙시장,,2022,1,1,0.0,0,1,0,0,unknown,0.667,0,0,1,0,1,basement_or_unknown_floor|low_data_completeness
0bc664f3201f894b,서울,서울특별시 강남구 역삼동 606-15번지,서울특별시 강남구 논현로105길 6-5 (역삼동),10100,11680,10241100221410,,"제1,2종근린생활시설",2013,0,1,271.3,1,0,0,0,unknown,0.833,0,1,0,0,1,non_residential_main_use
0be5816db264a5d3,인천,인천광역시 계양구 효성동 1-11번지,인천광역시 계양구 길마로88번길 5 (효성동),10100,28245,1060113210,원익그린맨션,,2022,1,1,0.0,0,1,0,0,unknown,0.667,0,0,0,0,1,low_data_completeness
0c0dfc7689e1d776,경기,경기도 과천시 문원동 15-53번지,경기도 과천시 공원마을6길 29 (문원동),10200,41290,110813636,우리빌,,2022,1,1,0.0,0,1,0,0,unknown,0.667,0,0,0,0,1,low_data_completeness
0c1a8a6181b9124a,인천,인천광역시 부평구 부평구 391-4번지,,00000,28237,1059197313,,,2022,0,1,0.0,0,1,0,0,unknown,0.667,0,0,1,0,1,basement_or_unknown_floor|low_data_completeness
0c28852c2d89327e,인천,인천광역시 연수구 옥련동 116-44번지,인천광역시 연수구 비류대로154번길 7 (옥련동),10100,28185,10571637,,주택,1985,0,1,0.0,1,0,0,0,unknown,0.833,1,0,0,0,1,old_building
0c2d8ac4af3862b7,서울,서울특별시 노원구 월계동 13번지,서울특별시 노원구 마들로 111 (월계동),10200,11350,101211594,,아파트,1986,0,1,0.0,1,0,0,0,unknown,0.833,1,0,0,0,1,old_building
0c30ebcd71b3e477,서울,서울특별시 도봉구 쌍문동 13번지,서울특별시 도봉구 도당로 22 (쌍문동),10500,11320,10111551,,근린생활시설,2001,0,1,641.0,1,0,0,0,unknown,0.833,1,1,0,0,1,old_building|non_residential_main_use
0c487a8c7e07b1fb,인천,인천광역시 서구 백석동 58번지,인천광역시 서구 녹색숲로22번길 30 (백석동),10100,28260,10611100246354,,분뇨.쓰레기처리시설(실증플랜트보호시설),2012,0,1,0.0,1,0,0,0,unknown,0.833,0,1,0,0,1,non_residential_main_use
0c6a878ee82e1b88,인천,인천광역시 부평구 부평동 10-66번지,인천광역시 부평구 장제로221번길 23 (부평동),10100,28237,10591100251190,다온그린빌,,2022,1,1,0.0,0,1,0,0,unknown,0.667,0,0,0,0,1,low_data_completeness
0ca7c75fbcbf0eb4,서울,서울특별시 강서구 염창동 85번지,서울특별시 강서구 양천로67가길 83 (염창동),10100,11500,101713089,,교육연구및복지시설,1984,0,1,11584.0,1,0,0,0,unknown,0.833,1,1,0,0,1,old_building|non_residential_main_use
0cc698feabc8b0f0,서울,서울특별시 금천구 가산동 32-20번지,서울특별시 금천구 벚꽃로 334-11 (가산동),10100,11545,1019115638,,단독주택,1992,0,1,103.02,1,0,0,0,unknown,0.833,1,0,0,0,1,old_building
0cca7e945b82cff4,서울,서울특별시 도봉구 쌍문동 25-6번지,서울특별시 도봉구 도봉로139길 81-15 (쌍문동),10500,11320,10111100209054,로뎀하이빌,"공동주택[도시형생활주택(단지형다세대)], 제2종근린생활시설",2017,0,1,414.4,1,0,0,0,unknown,0.833,0,0,0,0,0,
0cdc7d181036e8e6,인천,인천광역시 중구 중앙동2가 20-7번지,인천광역시 중구 신포로23번길 68 (중앙동2가),10200,28110,10541669,,주택,2022,0,1,0.0,1,0,0,0,unknown,0.833,0,0,0,0,0,
0cf06fe35793ec51,인천,인천광역시 남동구 구월동 3-19번지,인천광역시 남동구 당좌로 41 (구월동),10100,28200,10581100330112,"구월동 3-19,20 번지 다가구주택(19가구)",다가구주택,2020,0,3,894.93,1,0,1,0,unknown,0.833,0,0,0,0,0,
0d067351064cd080,서울,서울특별시 도봉구 쌍문동 13-7번지,서울특별시 도봉구 도당로 20 (쌍문동),10500,11320,10111553,,근린생활시설,1994,0,1,434.0,1,0,0,0,unknown,0.833,1,1,0,0,1,old_building|non_residential_main_use
0d06b9afa4f11bf8,서울,서울특별시 광진구 중곡동 18-4번지,서울특별시 광진구 용마산로28길 8 (중곡동),10100,11215,10061100230889,,,2022,1,1,0.0,0,1,0,0,unknown,0.667,0,0,0,0,1,low_data_completeness
0d085ee1fd2ffd89,서울,서울특별시 강남구 대치동 511번지,서울특별시 강남구 삼성로 150 (대치동),10600,11680,1024125585,한보미도맨션209동,,2022,1,1,0.0,0,1,0,0,unknown,0.667,0,0,0,0,1,low_data_completeness
0d08a7a329279c12,인천,인천광역시 서구 백석동 58번지,인천광역시 서구 자원순환로596번길 37 (백석동),10100,28260,10611100390890,,자원순환관련시설,2021,0,1,0.0,1,0,0,0,unknown,0.833,0,1,0,0,1,non_residential_main_use
0d24c747c16996dd,서울,서울특별시 금천구 가산동 50-3번지,서울특별시 금천구 벚꽃로 298 (가산동),10100,11545,10191100191302,대륭 포스트타워 6차,,2022,1,1,0.0,0,1,0,0,unknown,0.667,0,0,0,0,1,low_data_completeness
0d2d1482eadcd916,경기,경기도 김포시 북변동 200-6번지,경기도 김포시 봉화로 164-4 (북변동),10100,41570,1000000000000002665902,MU빌리지,,2023,1,1,0.0,0,1,0,0,unknown,0.667,0,0,0,0,1,low_data_completeness
0d32b6177525d827,경기,경기도 고양시 덕양구 주교동 190-1번지,경기도 고양시 덕양구 고양대로1290번길 32-14 (주교동),10100,41281,110411542,,단독주택,1984,0,1,892.51,1,0,1,0,unknown,0.833,1,0,0,0,1,old_building
0d416dff484a0f47,서울,서울특별시 강서구 등촌동 14-7번지,서울특별시 강서구 양천로 424 (등촌동),10200,11500,10171100352440,가양역 데시앙플렉스 지식산업센터,기타공장,2022,0,2,92.34,0,0,0,1,unknown,0.833,0,1,1,0,1,non_residential_main_use|basement_or_unknown_floor
0d4faef95e23a2a6,경기,경기도 김포시 북변동 200-16번지,경기도 김포시 봉화로 164-2 (북변동),10100,41570,1000000000000003596015,MU빌리지,,2024,1,1,0.0,0,1,0,0,unknown,0.667,0,0,0,0,1,low_data_completeness
0d50170e047fc58b,경기,경기도 고양시 덕양구 주교동 238-2번지,경기도 고양시 덕양구 고양대로 1269 (주교동),10100,41281,110416272,,동물및식물관련시설,2001,0,1,185.0,1,0,0,0,unknown,0.833,1,1,0,0,1,old_building|non_residential_main_use
0d53317e8c8217f8,인천,인천광역시 중구 중앙동3가 4-8번지,인천광역시 중구 홍예문로 7 (중앙동3가),10300,28110,1054115513,,,2022,1,1,0.0,0,1,0,0,unknown,0.667,0,0,0,0,1,low_data_completeness
0d5b7d2a818e2cea,인천,인천광역시 중구 중앙동1가 7-2번지,인천광역시 중구 신포로27번길 87 (중앙동1가),10100,28110,10541600,,일반음식점,1971,0,2,80.98,1,0,1,0,unknown,0.833,1,1,0,0,1,old_building|non_residential_main_use
0d64ec09446da4c0,경기,경기도 과천시 관문동 69-10번지,경기도 과천시 중앙로 297 (관문동),10100,41290,11081100193814,,일반음식점,2020,0,2,561.01,1,0,1,0,unknown,0.833,0,1,0,0,1,non_residential_main_use
0d6a0faab6d2620d,인천,인천광역시 남동구 구월동 3-66번지,인천광역시 남동구 당좌로35번길 18-1 (구월동),10100,28200,105811870,,"점포, 주택",1980,0,1,0.0,1,0,0,0,unknown,0.833,1,0,0,0,1,old_building
0d86413d3af393e2,서울,서울특별시 노원구 월계동 12번지,서울특별시 노원구 마들로 127 (월계동),10200,11350,10121113026,,,2022,1,1,0.0,0,1,0,0,unknown,0.667,0,0,0,0,1,low_data_completeness
0d877d276209da97,인천,인천광역시 동구 만석동 1-4번지,인천광역시 동구 보세로26번길 23 (만석동),10100,28140,10551201,37동,일반공장,1993,0,5,22842.67,1,0,1,0,unknown,0.833,1,1,0,0,1,old_building|non_residential_main_use
0d925cdbfa81b3c8,인천,인천광역시 연수구 옥련동 116-37번지,인천광역시 연수구 비류대로154번길 10 (옥련동),10100,28185,10571632,,주택,1985,0,1,0.0,1,0,0,0,unknown,0.833,1,0,0,0,1,old_building
0d9af683abe7619d,경기,경기도 구리시 갈매동 133-4번지,경기도 구리시 갈매순환로 234 (갈매동),10100,41310,11091100175460,군유류인수장,철도시설,2009,0,1,25.44,1,0,1,0,unknown,0.833,0,1,0,0,1,non_residential_main_use
0d9ba5eb2abb4bdd,인천,인천광역시 미추홀구 숭의동 1-11번지,인천광역시 미추홀구 경인로 148 (숭의동),10100,28177,10561100237082,다우림,,2022,1,1,0.0,0,1,0,0,unknown,0.667,0,0,0,0,1,low_data_completeness
0da636acc288d249,서울,서울특별시 강서구 공항동 2-85번지,서울특별시 강서구 방화대로23길 29 (공항동),10800,11500,1017190293,,다세대주택,2022,0,1,82.09,0,0,0,1,unknown,0.833,0,0,0,0,0,
0da7bc993d1b3ea1,인천,인천광역시 강화군 강화읍 신문리 5-10번지,인천광역시 강화군 남문로 77-1 (강화읍 신문리),25021,28710,1062114370,,근린생활시설,1999,0,1,167.0,1,0,0,0,unknown,0.833,1,1,0,0,1,old_building|non_residential_main_use
0da98cd7e080ef27,인천,인천광역시 남동구 구월동 3-5번지,인천광역시 남동구 석산로 230-3 (구월동),10100,28200,1058127521,조은그린빌,,2022,1,1,0.0,0,1,0,0,unknown,0.667,0,0,0,0,1,low_data_completeness
0dadbb40bc05e039,경기,경기도 광주시 경안동 20-16번지,경기도 광주시 광주대로 31 (경안동),10100,41610,1000000000000002747949,지에이타워,,2023,1,1,0.0,0,1,0,0,unknown,0.667,0,0,0,0,1,low_data_completeness
0dafc9f7e8a9fa93,인천,인천광역시 서구 백석동 블록,인천광역시 서구 한들로 33 (백석동),10100,28260,1000000000000002032280,검암역 로열파크씨티 푸르지오 1단지,,2023,1,1,0.0,0,1,0,0,unknown,0.667,0,0,0,0,1,low_data_completeness
0db6ae8f509b398d,서울,서울특별시 구로구 신도림동 271-25번지,서울특별시 구로구 신도림로19길 144 (신도림동),10100,11530,10181100189155,신도림삼성쉐르빌 1,,2022,1,1,0.0,0,1,0,0,unknown,0.667,0,0,0,0,1,low_data_completeness
0db8143c83114036,경기,경기도 김포시 북변동 200-40번지,경기도 김포시 봉화로 162-2 (북변동),10100,41570,11231100515353,,,2022,1,1,0.0,0,1,0,0,unknown,0.667,0,0,0,0,1,low_data_completeness
0dd7acf97d89b07e,경기,경기도 고양시 일산동구 식사동 236-6번지,경기도 고양시 일산동구 견달산로210번길 45-11 (식사동),10100,41285,11041100218299,루미나리,,2022,1,1,0.0,0,1,0,0,unknown,0.667,0,0,0,0,1,low_data_completeness
0dd7da22e590de34,서울,서울특별시 강북구 미아동 3-13번지,서울특별시 강북구 오현로9길 9 (미아동),10100,11305,10101761,,단독주택,1996,0,4,1159.51,1,0,1,0,unknown,0.833,1,0,0,0,1,old_building
0de0f3fbb7bc3aae,인천,인천광역시 옹진군 북도면 신도리 451-2번지,인천광역시 옹진군 신도로 842 (북도면 신도리),31022,28720,10631100173353,,,2022,1,1,0.0,0,1,0,0,unknown,0.667,0,0,0,0,1,low_data_completeness
0de63b01a4364f9f,인천,인천광역시 중구 중앙동1가 23번지,인천광역시 중구 신포로23번길 104-1 (중앙동1가),10100,28110,10541629,,근린생활시설,1995,0,1,95.9,1,0,0,0,unknown,0.833,1,1,0,0,1,old_building|non_residential_main_use
0de765fdf94b612a,경기,경기도 고양시 일산서구 일산동 551-21번지,경기도 고양시 일산서구 일중로55번길 28 (일산동),10100,41287,11041238604,,공동주택,2004,0,1,300.0,1,0,0,0,unknown,0.833,1,0,0,0,1,old_building
0deee8cad41c51e4,경기,경기도 고양시 일산서구 일산동 545번지,,10100,41287,11041236401,,단독주택,2022,0,1,0.0,1,0,0,0,unknown,0.833,0,0,0,0,0,
0df5629f56503bd4,경기,경기도 군포시 당동 115-22번지,경기도 군포시 산본로179번길 5 (당동),10100,41410,11131547,,근린시설및주택,1988,0,1,0.0,1,0,0,0,unknown,0.833,1,0,0,0,1,old_building
0dfbce05bbcc726f,서울,서울특별시 관악구 봉천동 1-491번지,서울특별시 관악구 청림3길 51-5 (봉천동),10100,11620,102214746,,단독주택,1991,0,1,0.0,1,0,0,0,unknown,0.833,1,0,0,0,1,old_building
0e297ab0027bd4a7,서울,서울특별시 관악구 봉천동 1-166번지,서울특별시 관악구 청림5길 60 (봉천동),10100,11620,1022132254,,학원,1997,0,3,276.2,1,0,1,0,unknown,0.833,1,1,0,0,1,old_building|non_residential_main_use
0e2ff8f0fd865034,인천,인천광역시 옹진군 북도면 모도리 267-1번지,인천광역시 옹진군 모도로140번길 19-16 (북도면 모도리),31023,28720,1000000000000001872413,모도파라다이스,,2023,1,1,0.0,0,1,0,0,unknown,0.667,0,0,0,0,1,low_data_completeness
0e36cfec830416f1,서울,서울특별시 금천구 가산동 32-21번지,서울특별시 금천구 벚꽃로 334-9 (가산동),10100,11545,1019114405,,다가구용 단독주택(3가구),1994,0,1,61.4,1,0,0,0,unknown,0.833,1,0,0,0,1,old_building
0e47cf52da6d9f5d,인천,인천광역시 남동구 구월동 3-106번지,인천광역시 남동구 석산로228번길 15 (구월동),10100,28200,10581100321735,삼성빌라,공동주택,2019,0,1,729.5,1,0,0,0,unknown,0.833,0,0,0,0,0,
0e4b7e9b22382f40,인천,인천광역시 연수구 옥련동 118-8번지,인천광역시 연수구 비류대로144번길 15 (옥련동),10100,28185,10571655,,근린생활시설,1987,0,1,516.0,1,0,0,0,unknown,0.833,1,1,0,0,1,old_building|non_residential_main_use
0e4ca613b45ce1bf,경기,경기도 고양시 일산동구 식사동 13-8번지,,10100,41285,11041100436824,구.충성마트,교정및군사시설,1977,0,1,652295.0,1,0,0,0,unknown,0.833,1,1,0,0,1,old_building|non_residential_main_use
0e52f5cde741f0dc,서울,서울특별시 강서구 등촌동 14-7번지,서울특별시 강서구 양천로 424 (등촌동),10200,11500,10171100352543,가양역 데시앙플렉스 지식산업센터,기타공장,2022,0,2,86.19,0,0,0,1,unknown,0.833,0,1,1,0,1,non_residential_main_use|basement_or_unknown_floor
0e5b559f5d9b78ac,서울,서울특별시 금천구 가산동 29-20번지,서울특별시 금천구 벚꽃로56길 64 (가산동),10100,11545,1019115408,,근린생활시설,1976,0,1,0.0,1,0,0,0,unknown,0.833,1,1,0,0,1,old_building|non_residential_main_use
0e7c20e0052df7de,인천,인천광역시 동구 만석동 5-6번지,인천광역시 동구 인중로 438 (만석동),10100,28140,1055112101,,,2022,1,1,0.0,0,1,0,0,unknown,0.667,0,0,0,0,1,low_data_completeness
0e8258b99c4f041f,경기,경기도 군포시 당동 264-1번지,경기도 군포시 군포역1길 67 (당동),10100,41410,11131607,,주택,2022,0,1,0.0,1,0,0,0,unknown,0.833,0,0,0,0,0,
0e847f88f2c56caa,경기,경기도 구리시 갈매동 510번지,경기도 구리시 갈매순환로204번길 65 (갈매동),10100,41310,11091100207259,구리 스마트벤처타워,,2022,1,1,0.0,0,1,0,0,unknown,0.667,0,0,0,0,1,low_data_completeness
0e92c40a114e957a,인천,인천광역시 연수구 옥련동 116-58번지,인천광역시 연수구 한진로72번길 40 (옥련동),10100,28185,10571648,,주택,1985,0,1,0.0,1,0,0,0,unknown,0.833,1,0,0,0,1,old_building
0ec0214d36e938cf,경기,경기도 구리시 갈매동 484-8번지,경기도 구리시 갈매길 113-13 (갈매동),10100,41310,11091100178545,,,2022,1,1,0.0,0,1,0,0,unknown,0.667,0,0,0,0,1,low_data_completeness
0ed501193906d2e2,경기,경기도 가평군 가평읍 읍내리 95번지,경기도 가평군 잎너비길 17-74 (가평읍 읍내리),25021,41820,11301100213108,,단독주택,2014,0,1,421.0,1,0,1,0,unknown,0.833,0,0,0,0,0,
0edb4f69facde589,서울,서울특별시 강서구 등촌동 14-7번지,서울특별시 강서구 양천로 424 (등촌동),10200,11500,10171100352648,가양역 데시앙플렉스 지식산업센터,기타공장,2022,0,2,84.93,0,0,0,1,unknown,0.833,0,1,1,0,1,non_residential_main_use|basement_or_unknown_floor
0ee7d24c42e031b8,인천,인천광역시 연수구 옥련동 46번지,,10100,28185,10571473,,단독주택,1971,0,1,57.85,1,0,1,0,unknown,0.833,1,0,0,0,1,old_building
0ee7e4117c185796,인천,인천광역시 연수구 옥련동 116-19번지,인천광역시 연수구 비류대로146번길 5 (옥련동),10100,28185,10571616,,주택,1985,0,1,0.0,1,0,0,0,unknown,0.833,1,0,0,0,1,old_building
0eeb1ef4e64a6087,경기,경기도 군포시 당동 115-20번지,경기도 군포시 산본로179번길 13 (당동),10100,41410,11131545,,근린생활시설및주택,1987,0,1,0.0,1,0,0,0,unknown,0.833,1,0,0,0,1,old_building
0eecb8b5c9e31499,서울,서울특별시 강동구 명일동 15번지,서울특별시 강동구 고덕로 210 (명일동),10100,11740,10261100756,삼익그린맨션,,2022,1,1,0.0,0,1,0,0,unknown,0.667,0,0,0,0,1,low_data_completeness
0efde7f106c254ac,서울,서울특별시 강동구 명일동 15번지,서울특별시 강동구 고덕로 210 (명일동),10100,11740,1026138773,삼익그린맨션,,2022,1,1,0.0,0,1,0,0,unknown,0.667,0,0,0,0,1,low_data_completeness
0f0134d80e824248,서울,서울특별시 노원구 월계동 13번지,서울특별시 노원구 마들로 59 (월계동),10200,11350,101211606,,아파트,1986,0,1,0.0,1,0,0,0,unknown,0.833,1,0,0,0,1,old_building
0f0251de1da8918c,서울,서울특별시 구로구 신도림동 276-46번지,서울특별시 구로구 신도림로11라길 75 (신도림동),10100,11530,1018123148,,공장,1976,0,1,0.0,1,0,0,0,unknown,0.833,1,1,0,0,1,old_building|non_residential_main_use
0f0f880147eb0465,인천,인천광역시 연수구 옥련동 118-15번지,인천광역시 연수구 비류대로144번길 24-5 (옥련동),10100,28185,105718311,,,2022,1,1,0.0,0,1,0,0,unknown,0.667,0,0,1,0,1,basement_or_unknown_floor|low_data_completeness
0f1b608eedf68205,경기,경기도 고양시 일산동구 식사동,,10100,41285,11041126974,,단독주택,2022,0,1,28.79,1,0,1,0,unknown,0.833,0,0,0,0,0,
0f21c53557e66a44,인천,인천광역시 중구 중앙동3가 4-8번지,인천광역시 중구 홍예문로 7 (중앙동3가),10300,28110,1054115415,,,2022,1,1,0.0,0,1,0,0,unknown,0.667,0,0,0,0,1,low_data_completeness
0f307add6b99dfcf,서울,서울특별시 노원구 월계동 15-1번지,서울특별시 노원구 마들로 57 (월계동),10200,11350,1012112207,월계3동 주민센터,근린공공시설,1988,0,1,330.12,1,0,0,0,unknown,0.833,1,1,0,0,1,old_building|non_residential_main_use
0f35487d34ad2ff0,인천,인천광역시 미추홀구 숭의동 1-140번지,인천광역시 미추홀구 경인로144번길 38 (숭의동),10100,28177,10561100232301,리치빌,공동주택,2014,0,1,180.0,1,0,0,0,unknown,0.833,0,0,0,0,0,
0f42a2b15d7e2f02,인천,인천광역시 중구 중앙동2가 3-2번지,인천광역시 중구 제물량로206번길 21 (중앙동2가),10200,28110,10541100226110,,,2022,1,1,0.0,0,1,0,0,unknown,0.667,0,0,0,0,1,low_data_completeness
0f4498b710073258,경기,경기도 군포시 당동 54-4번지,경기도 군포시 군포로 582 (당동),10100,41410,11131100207341,블루오션,공동주택,2018,0,1,873.0,1,0,0,0,unknown,0.833,0,0,0,0,0,
0f5df3de3a69ca17,서울,서울특별시 강서구 가양동 14-3번지,서울특별시 강서구 양천로 489 (가양동),10400,11500,10171120643,가양우성아파트,아파트,2022,0,2,103.47,0,0,0,1,unknown,0.833,0,0,0,0,0,
0f63a4c1c7fb630a,인천,인천광역시 계양구 효성동 1-13번지,인천광역시 계양구 길마로88번길 9 (효성동),10100,28245,1060113222,원익그린맨션,,2022,1,1,0.0,0,1,0,0,unknown,0.667,0,0,0,0,1,low_data_completeness
0f69a69b00b18182,인천,인천광역시 서구 백석동 21-1번지,인천광역시 서구 독정로 16-32 (백석동),10100,28260,10611100414385,,사무소,2014,0,1,683.5,1,0,1,0,unknown,0.833,0,1,0,0,1,non_residential_main_use
0f7dedbb6ac64070,서울,서울특별시 강서구 방화동 129-2번지,서울특별시 강서구 양천로27길 115-9 (방화동),10900,11500,10171100247772,소담밸리,다세대주택,2022,0,2,47.44,0,0,0,1,unknown,0.833,0,0,1,0,1,basement_or_unknown_floor
0f80b025bbdd8880,서울,서울특별시 관악구 봉천동 1-536번지,서울특별시 관악구 청림3마길 10 (봉천동),10100,11620,102216530,,단독주택,1991,0,1,0.0,1,0,0,0,unknown,0.833,1,0,0,0,1,old_building
0f8a66fca6ab7bac,경기,경기도 광명시 광명동 25-9번지,경기도 광명시 광명로928번길 41-8 (광명동),10100,41210,109815396,,다세대주택,1983,0,1,155.0,1,0,0,0,unknown,0.833,1,0,0,0,1,old_building
0fcb30b9484595a5,인천,인천광역시 연수구 옥련동 116-45번지,인천광역시 연수구 비류대로154번길 5 (옥련동),10100,28185,10571638,,주택,1985,0,1,0.0,1,0,0,0,unknown,0.833,1,0,0,0,1,old_building
0fccb029353f11c1,인천,인천광역시 연수구 옥련동 118-14번지,인천광역시 연수구 비류대로144번길 26 (옥련동),10100,28185,105718305,,,2022,1,1,0.0,0,1,0,0,unknown,0.667,0,0,1,0,1,basement_or_unknown_floor|low_data_completeness
0fd04853f5a3762e,경기,경기도 군포시 당동 134-13번지,경기도 군포시 공단로 93-7 (당동),10100,41410,11131100174468,,"단독주택,제1종근린생활시설",2008,0,1,393.5,1,0,0,0,unknown,0.833,0,0,0,0,0,
0fe9f01d8508618a,인천,인천광역시 강화군 강화읍 신문리 205-5번지,인천광역시 강화군 강화대로 429 (강화읍 신문리),25021,28710,1062135908,중앙시장,,2022,1,1,0.0,0,1,0,0,unknown,0.667,0,0,1,0,1,basement_or_unknown_floor|low_data_completeness
0ff3f79def212fba,경기,경기도 고양시 일산동구 식사동 236-4번지,경기도 고양시 일산동구 견달산로210번길 45-15 (식사동),10100,41285,11041100226839,루미나리,,2022,1,1,0.0,0,1,0,0,unknown,0.667,0,0,0,0,1,low_data_completeness
0ff5b856e1c4c6c2,서울,서울특별시 강남구 대치동 511번지,서울특별시 강남구 삼성로 150 (대치동),10600,11680,1024124908,한보미도맨션206동,,2022,1,1,0.0,0,1,0,0,unknown,0.667,0,0,0,0,1,low_data_completeness
10213487eaa5ef0d,인천,인천광역시 동구 만석동 5-22번지,인천광역시 동구 인중로 442 (만석동),10100,28140,1055112134,서해빌라,,2022,1,1,0.0,0,1,0,0,unknown,0.667,0,0,1,0,1,basement_or_unknown_floor|low_data_completeness
102a1b9f7635c627,서울,서울특별시 강남구 삼성동 122-7번지,서울특별시 강남구 봉은사로72길 33 (삼성동),10500,11680,1024124418,삼성 더 힐스,,2022,1,1,0.0,0,1,0,0,unknown,0.667,0,0,0,0,1,low_data_completeness
104301205ae45f07,경기,경기도 김포시 북변동 200-19번지,경기도 김포시 봉화로 164 (북변동),10100,41570,1123140615,한터하이빌,,2022,1,1,0.0,0,1,0,0,unknown,0.667,0,0,0,0,1,low_data_completeness
104c3c5342b684dd,서울,서울특별시 강남구 역삼동 606번지,서울특별시 강남구 봉은사로 174 (역삼동),10100,11680,10241100305583,역삼 노블루체 언주,오피스텔(주거용),2021,0,1,736.4,1,0,0,0,unknown,0.833,0,0,0,0,0,
1058125d2f525fce,경기,경기도 광주시 경안동 11-41번지,경기도 광주시 광주대로71번길 12-5 (경안동),10100,41610,1125122705,,주택,1964,0,1,0.0,1,0,0,0,unknown,0.833,1,0,0,0,1,old_building
106da4eb7b0e7956,경기,경기도 광주시 경안동 19-7번지,경기도 광주시 광주대로55번길 7-4 (경안동),10100,41610,1125171977,,,2022,1,1,0.0,0,1,0,0,unknown,0.667,0,0,1,0,1,basement_or_unknown_floor|low_data_completeness
108927dd322d2395,인천,인천광역시 옹진군 북도면 시도리 57-4번지,인천광역시 옹진군 시도로86번길 201 (북도면 시도리),31021,28720,10631100179228,,제1종근린생활시설,2011,0,1,546.0,1,0,0,0,unknown,0.833,0,1,0,0,1,non_residential_main_use
10931874734bc737,경기,경기도 군포시 당동 14-1번지,경기도 군포시 공단로 149 (당동),10100,41410,111319563,아이밸리 군포,,2022,1,1,0.0,0,1,0,0,unknown,0.667,0,0,1,0,1,basement_or_unknown_floor|low_data_completeness
10932d57d5901112,서울,서울특별시 강북구 미아동 3-199번지,서울특별시 강북구 오현로9길 29 (미아동),10100,11305,1010130933,,,2022,1,1,0.0,0,1,0,0,unknown,0.667,0,0,0,0,1,low_data_completeness
10b01b66745dba40,경기,경기도 고양시 일산서구 일산동 524-16번지,경기도 고양시 일산서구 일중로 17 (일산동),10100,41287,11041325918,포오스프라자,,2022,1,1,0.0,0,1,0,0,unknown,0.667,0,0,0,0,1,low_data_completeness
10c14c186436a939,경기,경기도 김포시 북변동 200-40번지,경기도 김포시 봉화로 162-2 (북변동),10100,41570,11231100515350,,,2022,1,1,0.0,0,1,0,0,unknown,0.667,0,0,0,0,1,low_data_completeness
10df29c6dec83280,서울,서울특별시 강서구 방화동 128-1번지,서울특별시 강서구 방화대로52가길 36 (방화동),10900,11500,10171167864,한림빌리지,연립주택,2022,0,2,92.29,0,0,0,1,unknown,0.833,0,0,1,0,1,basement_or_unknown_floor
10e59f0a426f328a,경기,경기도 고양시 덕양구 주교동 109-7번지,,10100,41281,1104118538,,단독주택,2022,0,2,146.76,1,0,1,0,unknown,0.833,0,0,0,0,0,
10f682f09d33919c,경기,경기도 구리시 갈매동 133-4번지,경기도 구리시 갈매순환로 234 (갈매동),10100,41310,11091100175459,군유류인수장,철도시설,2009,0,1,216.54,1,0,1,0,unknown,0.833,0,1,0,0,1,non_residential_main_use
10f8c17978929092,서울,서울특별시 구로구 신도림동 280-1번지,서울특별시 구로구 신도림로11라길 47-6 (신도림동),10100,11530,1018123110,,다세대주택,1997,0,1,332.69,1,0,0,0,unknown,0.833,1,0,0,0,1,old_building
110e62753093a561,인천,인천광역시 중구 중앙동3가 4-8번지,인천광역시 중구 홍예문로 7 (중앙동3가),10300,28110,1054115583,,,2022,1,1,0.0,0,1,0,0,unknown,0.667,0,0,0,0,1,low_data_completeness
112953166edd28ef,인천,인천광역시 중구 중앙동1가 1-1번지,인천광역시 중구 신포로27번길 83 (중앙동1가),10100,28110,10541591,,기타제1종근린생활시설,1985,0,3,349.35,1,0,1,0,unknown,0.833,1,1,0,0,1,old_building|non_residential_main_use
112defe4726ba00a,인천,인천광역시 서구 백석동 블록,인천광역시 서구 한들로 73 (백석동),10100,28260,1000000000000002037002,검암역 로열파크씨티 푸르지오 2단지,,2023,1,1,0.0,0,1,0,0,unknown,0.667,0,0,0,0,1,low_data_completeness
113347e74d476c52,서울,서울특별시 강동구 명일동 15번지,서울특별시 강동구 고덕로 210 (명일동),10100,11740,102611200,삼익그린맨션,아파트,1983,0,10,11199.62,1,0,1,0,unknown,0.833,1,0,0,0,1,old_building
11489771feacb34c,서울,서울특별시 강북구 미아동 3-9번지,서울특별시 강북구 오현로9길 23 (미아동),10100,11305,1010130818,,다세대주택,2022,1,3,49.16,0,1,0,1,unknown,0.833,0,0,1,0,1,basement_or_unknown_floor
114da74595560ed3,서울,서울특별시 노원구 월계동 12번지,서울특별시 노원구 마들로 127 (월계동),10200,11350,10121170262,,,2022,1,1,0.0,0,1,0,0,unknown,0.667,0,0,0,0,1,low_data_completeness
115669332ef81314,서울,서울특별시 도봉구 쌍문동 19번지,서울특별시 도봉구 도당로 10 (쌍문동),10500,11320,101114170,쌍문동L.G드윈빌1,공동주택,1999,0,1,2224.0,1,0,0,0,unknown,0.833,1,0,0,0,1,old_building
11607a03c6dbf537,서울,서울특별시 노원구 월계동 18번지,서울특별시 노원구 마들로 31 (월계동),10200,11350,101213210,그랑빌아파트,공동주택(아파트),2002,0,1,0.0,1,0,0,0,unknown,0.833,1,0,0,0,1,old_building
116cbb9c3487b1cd,인천,인천광역시 계양구 효성동 11-9번지,인천광역시 계양구 봉오대로601번길 7-2 (효성동),10100,28245,106011117,,주택,1979,0,1,0.0,1,0,0,0,unknown,0.833,1,0,0,0,1,old_building
11712bcabcacffa2,인천,인천광역시 동구 만석동 2-18번지,인천광역시 동구 보세로 51 (만석동),10100,28140,10551224,A동,공장,1988,0,1,0.0,1,0,0,0,unknown,0.833,1,1,0,0,1,old_building|non_residential_main_use
11817ddbfbae98a0,경기,경기도 구리시 갈매동 43-6번지,경기도 구리시 동구릉로459번길 219 (갈매동),10100,41310,11091100174025,,기타창고시설,2008,0,1,1746.0,1,0,1,0,unknown,0.833,0,1,0,0,1,non_residential_main_use
1197f458fa5a447a,인천,인천광역시 미추홀구 숭의동 1-11번지,인천광역시 미추홀구 경인로 148 (숭의동),10100,28177,10561100237052,다우림,,2022,1,1,0.0,0,1,0,0,unknown,0.667,0,0,0,0,1,low_data_completeness
119b2b991d0f1217,인천,인천광역시 계양구 효성동 2번지,인천광역시 계양구 새벌로 175-1 (효성동),10100,28245,106012075,덕양아트빌,공동주택,2001,0,1,243.0,1,0,0,0,unknown,0.833,1,0,0,0,1,old_building
119ec530f46f0d22,경기,경기도 광명시 광명동 25-10번지,경기도 광명시 광명로928번길 41-6 (광명동),10100,41210,1098117437,,,2022,1,1,0.0,0,1,0,0,unknown,0.667,0,0,0,0,1,low_data_completeness
11a4bd22b1846177,서울,서울특별시 강서구 염창동 65번지,서울특별시 강서구 양천로67길 71-3 (염창동),10100,11500,10171100318517,진영리버타운,,2022,1,1,0.0,0,1,0,0,unknown,0.667,0,0,0,0,1,low_data_completeness
11bf16ec3d23d04e,인천,인천광역시 계양구 효성동 21-11번지,인천광역시 계양구 길마로 70 (효성동),10100,28245,106012099,현대아파트,아파트,1991,0,1,0.0,1,0,0,0,unknown,0.833,1,0,0,0,1,old_building
11c2888b9d205a58,서울,서울특별시 구로구 신도림동 271-25번지,서울특별시 구로구 신도림로19길 144 (신도림동),10100,11530,10181100189251,신도림삼성쉐르빌 1,,2022,1,1,0.0,0,1,0,0,unknown,0.667,0,0,0,0,1,low_data_completeness
11ca1047726301ef,서울,서울특별시 도봉구 쌍문동 23-8번지,서울특별시 도봉구 방학로3가길 24-5 (쌍문동),10500,11320,101114178,,다세대주택,1995,0,1,540.0,1,0,0,0,unknown,0.833,1,0,0,0,1,old_building
11d9b74ae08cbc26,경기,경기도 과천시 관문동 72-5번지,경기도 과천시 중앙로 287 (관문동),10100,41290,11081149,,근린생활시설,2000,0,1,330.0,1,0,0,0,unknown,0.833,1,1,0,0,1,old_building|non_residential_main_use
11dc9ec2dc38248d,서울,서울특별시 강동구 명일동 15번지,서울특별시 강동구 명일로 375 (명일동),10100,11740,1026137787,삼익그린맨션,,2022,1,1,0.0,0,1,0,0,unknown,0.667,0,0,0,0,1,low_data_completeness
11e3284f7dbb462a,경기,경기도 김포시 북변동 200-7번지,경기도 김포시 봉화로 162-1 (북변동),10100,41570,11231100515338,,,2022,1,1,0.0,0,1,0,0,unknown,0.667,0,0,0,0,1,low_data_completeness
11fe75cac323bff3,경기,경기도 고양시 일산서구 일산동 524-16번지,경기도 고양시 일산서구 일중로 17 (일산동),10100,41287,11041325921,포오스프라자,,2022,1,1,0.0,0,1,0,0,unknown,0.667,0,0,0,0,1,low_data_completeness
11ffe795249dab13,인천,인천광역시 강화군 강화읍 신문리 205-5번지,인천광역시 강화군 강화대로 429 (강화읍 신문리),25021,28710,1062135881,중앙시장,,2022,1,1,0.0,0,1,0,0,unknown,0.667,0,0,1,0,1,basement_or_unknown_floor|low_data_completeness
120cbe665e2f6128,인천,인천광역시 동구 만석동 1-53번지,인천광역시 동구 보세로26번길 24-36 (만석동),10100,28140,10551100181547,,,2022,1,1,0.0,0,1,0,0,unknown,0.667,0,0,0,0,1,low_data_completeness
12177d19fc2b60aa,경기,경기도 고양시 덕양구 주교동 273-1번지,경기도 고양시 덕양구 원당로59번길 120 (주교동),10100,41281,11041103834,예중파크뷰아파트,,2022,1,1,0.0,0,1,0,0,unknown,0.667,0,0,0,0,1,low_data_completeness
121aca73538a9353,인천,인천광역시 강화군 강화읍 신문리 1-13번지,인천광역시 강화군 강화대로 405-1 (강화읍 신문리),25021,28710,1062115730,,소매점,1974,0,3,166.9,1,0,1,0,unknown,0.833,1,1,0,0,1,old_building|non_residential_main_use
1222e7cb6f55d908,경기,경기도 구리시 갈매동 151번지,경기도 구리시 별내3로 5 (갈매동),10100,41310,11091100193187,,근린생활시설,2016,0,1,330.0,1,0,0,0,unknown,0.833,0,1,0,0,1,non_residential_main_use
1228fbfafd7ea155,경기,경기도 광주시 경안동 9-18번지,경기도 광주시 광주대로 70-5 (경안동),10100,41610,112517382,,단독주택,1951,0,1,35.74,1,0,1,0,unknown,0.833,1,0,0,0,1,old_building
122b23eaa661cf34,서울,서울특별시 강서구 마곡동 4-2번지,서울특별시 강서구 양천로47길 106-1 (마곡동),10500,11500,10171100249995,청솔씨티빌,다세대주택,2022,0,2,62.58,0,0,0,1,unknown,0.833,0,0,1,0,1,basement_or_unknown_floor
1237e56305143097,인천,인천광역시 연수구 옥련동 118-3번지,인천광역시 연수구 비류대로144번길 23-2 (옥련동),10100,28185,105718285,,,2022,1,1,0.0,0,1,0,0,unknown,0.667,0,0,1,0,1,basement_or_unknown_floor|low_data_completeness
12443718cce3d29a,경기,경기도 고양시 일산서구 일산동 552-10번지,경기도 고양시 일산서구 원일로 116-12 (일산동),10100,41287,11041235537,,단독주택,1976,0,1,0.0,1,0,0,0,unknown,0.833,1,0,0,0,1,old_building
124726c9be3e9d79,인천,인천광역시 강화군 강화읍 신문리 205-5번지,인천광역시 강화군 강화대로 429 (강화읍 신문리),25021,28710,1062135715,중앙시장,,2022,1,1,0.0,0,1,0,0,unknown,0.667,0,0,1,0,1,basement_or_unknown_floor|low_data_completeness
1289642b9362c595,경기,경기도 김포시 북변동 200-19번지,경기도 김포시 봉화로 164 (북변동),10100,41570,1123140616,한터하이빌,,2022,1,1,0.0,0,1,0,0,unknown,0.667,0,0,0,0,1,low_data_completeness
1294706199ee9b60,경기,경기도 구리시 갈매동 147-52번지,,10100,41310,11091285,,농수산물보관창고,2002,0,1,1267.0,1,0,0,0,unknown,0.833,1,1,0,0,1,old_building|non_residential_main_use
1298fc8d21d6c062,인천,인천광역시 강화군 강화읍 신문리 205-5번지,인천광역시 강화군 강화대로 429 (강화읍 신문리),25021,28710,1062135818,중앙시장,,2022,1,1,0.0,0,1,0,0,unknown,0.667,0,0,1,0,1,basement_or_unknown_floor|low_data_completeness
12bf0cd3827b44a5,서울,서울특별시 도봉구 쌍문동 11-17번지,서울특별시 도봉구 방학로7길 41 (쌍문동),10500,11320,10111100208260,젬스톤빌리지,,2022,1,1,0.0,0,1,0,0,unknown,0.667,0,0,0,0,1,low_data_completeness
12cd922b772f0b73,인천,인천광역시 연수구 옥련동 52번지,인천광역시 연수구 수인선길112번길 11 (옥련동),10100,28185,10571489,,단독주택,1985,0,1,48.39,1,0,1,0,unknown,0.833,1,0,0,0,1,old_building
12d1a9cf4a8849ee,경기,경기도 구리시 갈매동 510번지,경기도 구리시 갈매순환로204번길 65 (갈매동),10100,41310,11091100207156,구리 스마트벤처타워,,2022,1,1,0.0,0,1,0,0,unknown,0.667,0,0,0,0,1,low_data_completeness
12d36990661a2553,서울,서울특별시 강서구 염창동 20-37번지,서울특별시 강서구 양천로63길 68 (염창동),10100,11500,101717551,,사무소,1985,0,1,565.02,1,0,1,0,unknown,0.833,1,1,0,0,1,old_building|non_residential_main_use
12de59c1549e4c38,인천,인천광역시 서구 백석동 블록,인천광역시 서구 한들로 33 (백석동),10100,28260,1000000000000002032811,검암역 로열파크씨티 푸르지오 1단지,,2023,1,1,0.0,0,1,0,0,unknown,0.667,0,0,0,0,1,low_data_completeness
12ed6aba027c3ff3,인천,인천광역시 남동구 구월동 3-21번지,인천광역시 남동구 석산로228번길 19 (구월동),10100,28200,10581100321249,하누리,,2022,1,1,0.0,0,1,0,0,unknown,0.667,0,0,0,0,1,low_data_completeness
12ee024579361eca,서울,서울특별시 강서구 마곡동 4-2번지,서울특별시 강서구 양천로47길 106-1 (마곡동),10500,11500,10171100250001,청솔씨티빌,다세대주택,2022,0,2,62.58,0,0,0,1,unknown,0.833,0,0,1,0,1,basement_or_unknown_floor
12f7c12ac9b6331f,인천,인천광역시 남동구 구월동 3-5번지,인천광역시 남동구 석산로 230-3 (구월동),10100,28200,1058127520,조은그린빌,,2022,1,1,0.0,0,1,0,0,unknown,0.667,0,0,0,0,1,low_data_completeness
12ffcadf432b25d6,서울,서울특별시 관악구 봉천동 1-618번지,서울특별시 관악구 청림3다길 17 (봉천동),10100,11620,1022178543,,,2022,1,1,0.0,0,1,0,0,unknown,0.667,0,0,0,0,1,low_data_completeness
130ae5e1351f0eab,서울,서울특별시 관악구 봉천동 1-84번지,서울특별시 관악구 청림3길 33 (봉천동),10100,11620,1022120003,,단독주택,1990,0,2,206.46,1,0,1,0,unknown,0.833,1,0,0,0,1,old_building
130dbe81d96b6155,인천,인천광역시 중구 중앙동3가 4-8번지,인천광역시 중구 홍예문로 7 (중앙동3가),10300,28110,1054115533,,,2022,1,1,0.0,0,1,0,0,unknown,0.667,0,0,0,0,1,low_data_completeness
131a46a0077c67b5,인천,인천광역시 부평구 부평동 10-135번지,인천광역시 부평구 길주남로90번길 18 (부평동),10100,28237,1059119687,,노인복지시설,1992,0,1,145.47,1,0,1,0,unknown,0.833,1,1,0,0,1,old_building|non_residential_main_use
132726d00cce449b,인천,인천광역시 미추홀구 숭의동 1-10번지,인천광역시 미추홀구 경인로 150 (숭의동),10100,28177,10561100237784,한우리,,2022,1,1,0.0,0,1,0,0,unknown,0.667,0,0,0,0,1,low_data_completeness
132c0094ed71ac98,서울,서울특별시 강남구 역삼동 601-27번지,서울특별시 강남구 봉은사로6길 16 (역삼동),10100,11680,1024117553,,근린생활시설,1988,0,1,508.8,1,0,0,0,unknown,0.833,1,1,0,0,1,old_building|non_residential_main_use
132df54457662b2d,인천,인천광역시 강화군 강화읍 신문리 4-8번지,,25021,28710,1062116341,,창고시설,2005,0,1,85.0,1,0,0,0,unknown,0.833,1,1,0,0,1,old_building|non_residential_main_use
1334afc43ed5758c,서울,서울특별시 강남구 역삼동 605-8번지,서울특별시 강남구 봉은사로24길 10 (역삼동),10100,11680,102413176,,근린생활시설,1989,0,1,357.9,1,0,0,0,unknown,0.833,1,1,0,0,1,old_building|non_residential_main_use
13391c57287093ca,경기,경기도 고양시 일산서구 일산동 551-21번지,경기도 고양시 일산서구 일중로55번길 28 (일산동),10100,41287,11041324485,,,2022,1,1,0.0,0,1,0,0,unknown,0.667,0,0,0,0,1,low_data_completeness
133a2f9818f62476,경기,경기도 광명시 광명동 24-73번지,경기도 광명시 연서일로17번길 29-20 (광명동),10100,41210,1098117411,,,2022,1,1,0.0,0,1,0,0,unknown,0.667,0,0,0,0,1,low_data_completeness
133f9afe0099a63f,서울,서울특별시 구로구 신도림동 271-25번지,서울특별시 구로구 신도림로19길 144 (신도림동),10100,11530,10181100189172,신도림삼성쉐르빌 1,,2022,1,1,0.0,0,1,0,0,unknown,0.667,0,0,0,0,1,low_data_completeness
134d384aca01e268,서울,서울특별시 광진구 중곡동 18-3번지,서울특별시 광진구 용마산로28길 6 (중곡동),10100,11215,10061100205907,,,2022,1,1,0.0,0,1,0,0,unknown,0.667,0,0,0,0,1,low_data_completeness
135a44aa923a4693,서울,서울특별시 강남구 역삼동 601-29번지,서울특별시 강남구 강남대로110길 19-1 (역삼동),10100,11680,10241100302387,케이빌딩,일반음식점,2022,0,1,130.27,0,0,0,1,unknown,0.833,0,1,0,0,1,non_residential_main_use
13696afcae3f5586,서울,서울특별시 강서구 염창동 111-2번지,서울특별시 강서구 양천로73길 56-2 (염창동),10100,11500,1017124328,,근린생활시설 및 주택,1993,0,1,266.87,1,0,0,0,unknown,0.833,1,0,0,0,1,old_building
1378318b94267e66,서울,서울특별시 도봉구 쌍문동 13-2번지,서울특별시 도봉구 도당로 18 (쌍문동),10500,11320,1011117147,,,2022,1,1,0.0,0,1,0,0,unknown,0.667,0,0,0,0,1,low_data_completeness
1391994eb061bf00,인천,인천광역시 계양구 효성동 1-57번지,인천광역시 계양구 길마로 98-1 (효성동),10100,28245,106012059,삼성하이츠맨션,다세대주택,2001,0,4,600.3,1,0,1,0,unknown,0.833,1,0,0,0,1,old_building
13919c08b4161244,서울,서울특별시 광진구 중곡동 18-12번지,서울특별시 광진구 용마산로 156 (중곡동),10100,11215,10061100225201,월드하우스,,2022,1,1,0.0,0,1,0,0,unknown,0.667,0,0,0,0,1,low_data_completeness
1391b1791290fb57,경기,경기도 김포시 북변동 200-6번지,경기도 김포시 봉화로 164-4 (북변동),10100,41570,1000000000000002665895,MU빌리지,공동주택,2023,0,1,0.0,1,0,0,0,unknown,0.833,0,0,0,0,0,
13addde358112e5f,서울,서울특별시 강서구 염창동 95-53번지,서울특별시 강서구 양천로71가길 43 (염창동),10100,11500,1017114481,,노유자시설(아동관련시설),2006,0,1,222.0,1,0,0,0,unknown,0.833,0,1,0,0,1,non_residential_main_use
13af69db7f7dbcaa,서울,서울특별시 구로구 신도림동 276-32번지,서울특별시 구로구 경인로67나길 45 (신도림동),10100,11530,10181100218012,골든애비뉴제2동,제1종근린생활시설(소매점),2014,0,1,0.0,1,0,0,0,unknown,0.833,0,1,0,0,1,non_residential_main_use
13c6cd1de830df1a,인천,인천광역시 미추홀구 숭의동 1-10번지,인천광역시 미추홀구 경인로 150 (숭의동),10100,28177,10561100237808,한우리,,2022,1,1,0.0,0,1,0,0,unknown,0.667,0,0,0,0,1,low_data_completeness
13c7143105d09c24,경기,경기도 가평군 가평읍 읍내리 214번지,경기도 가평군 가평제방길 233 (가평읍 읍내리),25021,41820,1000000000000002714608,힐스테이트 가평 더뉴클래스,,2023,1,1,0.0,0,1,0,0,unknown,0.667,0,0,0,0,1,low_data_completeness
13ca241aa033fc44,경기,경기도 과천시 문원동 15-40번지,경기도 과천시 공원마을4길 41 (문원동),10200,41290,110813628,우리빌,,2022,1,1,0.0,0,1,0,0,unknown,0.667,0,0,0,0,1,low_data_completeness
13de3e9e5efacfb7,서울,서울특별시 강남구 역삼동 601-28번지,서울특별시 강남구 강남대로110길 19-2 (역삼동),10100,11680,102419978,,주거시설,1997,0,1,205.0,1,0,0,0,unknown,0.833,1,1,0,0,1,old_building|non_residential_main_use
13e34e693621ae9b,서울,서울특별시 도봉구 쌍문동 11-3번지,서울특별시 도봉구 도봉로139길 80-9 (쌍문동),10500,11320,10111100193055,,,2022,1,1,0.0,0,1,0,0,unknown,0.667,0,0,0,0,1,low_data_completeness
13ec345362cd41d4,인천,인천광역시 옹진군 북도면 시도리 50-13번지,인천광역시 옹진군 시도로86번길 291-74 (북도면 시도리),31021,28720,10631100200685,,단독주택,2018,0,1,5.32,1,0,1,0,unknown,0.833,0,0,0,0,0,
13ef6afb08884704,서울,서울특별시 강남구 역삼동 601-18번지,서울특별시 강남구 봉은사로 116 (역삼동),10100,11680,1024124007,,"근린생활시설,업무시설,위락시설,운동시설",1993,0,1,1074.1,1,0,0,0,unknown,0.833,1,1,0,0,1,old_building|non_residential_main_use
13f77320fb2a16a7,서울,서울특별시 강서구 개화동 421-70번지,서울특별시 강서구 개화동로5길 9-11 (개화동),11000,11500,10171100238149,경동 미르웰,다세대주택,2022,0,1,31.47,0,0,0,1,unknown,0.833,0,0,0,0,0,
13f9e6f386e651be,인천,인천광역시 부평구 부평동 10-43번지,인천광역시 부평구 길주남로102번길 11-11 (부평동),10100,28237,1000000000000004483927,부평동세창주택1차,,2024,1,1,0.0,0,1,0,0,unknown,0.667,0,0,0,0,1,low_data_completeness
140abc70350df136,서울,서울특별시 강남구 역삼동 601-23번지,서울특별시 강남구 봉은사로4길 9 (역삼동),10100,11680,10241100239729,,다세대주택,2022,0,2,47.79,0,0,0,1,unknown,0.833,0,0,1,0,1,basement_or_unknown_floor
140b07bd25f8f68b,인천,인천광역시 계양구 효성동 1-29번지,인천광역시 계양구 새벌로 189 (효성동),10100,28245,106012048,그린파크,다세대주택,2002,0,5,563.88,1,0,1,0,unknown,0.833,1,0,0,0,1,old_building
140d3afe31159ce6,서울,서울특별시 강북구 미아동 3-220번지,서울특별시 강북구 도봉로18다길 21-22 (미아동),10100,11305,1010112857,미아다세대,공동주택(다세대),2007,0,1,219.57,1,0,0,0,unknown,0.833,0,0,0,0,0,
1417ea9c97d6ecc0,인천,인천광역시 서구 백석동 19-4번지,인천광역시 서구 독정로 16-18 (백석동),10100,28260,10611100268945,김무웅의 창고시설,기타창고시설,2013,0,1,435.0,1,0,1,0,unknown,0.833,0,1,0,0,1,non_residential_main_use
142cd6fcd5bb50c4,경기,경기도 고양시 덕양구 주교동 38-13번지,경기도 고양시 덕양구 원당로 112 (주교동),10100,41281,11041100458199,고양 엘림프라자,,2022,1,1,0.0,0,1,0,0,unknown,0.667,0,0,0,0,1,low_data_completeness
145595648017dd43,경기,경기도 군포시 당동 14-1번지,경기도 군포시 공단로 149 (당동),10100,41410,111319588,아이밸리 군포,,2022,1,1,0.0,0,1,0,0,unknown,0.667,0,0,1,0,1,basement_or_unknown_floor|low_data_completeness
145f7d7328062bc3,서울,서울특별시 광진구 중곡동 18-16번지,서울특별시 광진구 용마산로28길 24 (중곡동),10100,11215,1006127417,,,2022,1,1,0.0,0,1,0,0,unknown,0.667,0,0,0,0,1,low_data_completeness
1464758e5328b513,경기,경기도 김포시 북변동 200-41번지,경기도 김포시 봉화로 162-3 (북변동),10100,41570,11231100515368,,,2022,1,1,0.0,0,1,0,0,unknown,0.667,0,0,0,0,1,low_data_completeness
146a981583c15e24,서울,서울특별시 강서구 공항동 2-82번지,서울특별시 강서구 방화대로23길 29-7 (공항동),10800,11500,1017172463,주신빌라,다세대주택,2022,0,2,87.18,0,0,0,1,unknown,0.833,0,0,1,0,1,basement_or_unknown_floor
146f6b5adf6016f1,경기,경기도 군포시 당동 134-1번지,경기도 군포시 군포역1길 35 (당동),10100,41410,11131557,,"역사,대기실",2022,0,1,0.0,1,0,0,0,unknown,0.833,0,1,0,0,1,non_residential_main_use
1471810fc361fc97,인천,인천광역시 옹진군 북도면 모도리 267-1번지,인천광역시 옹진군 모도로140번길 19-16 (북도면 모도리),31023,28720,1000000000000001872485,모도파라다이스,,2023,1,1,0.0,0,1,0,0,unknown,0.667,0,0,0,0,1,low_data_completeness
1475724611fd3f57,서울,서울특별시 강동구 명일동 15번지,서울특별시 강동구 고덕로 210 (명일동),10100,11740,1026138657,삼익그린맨션,아파트,2022,0,2,90.45,0,0,0,1,unknown,0.833,0,0,0,0,0,
147a005b015929b9,인천,인천광역시 계양구 효성동 1-29번지,인천광역시 계양구 새벌로 189 (효성동),10100,28245,1060113255,그린파크,,2022,1,1,0.0,0,1,0,0,unknown,0.667,0,0,0,0,1,low_data_completeness
1483b3f2e8b39ff9,인천,인천광역시 동구 만석동 5-6번지,인천광역시 동구 인중로 438 (만석동),10100,28140,1055112106,,,2022,1,1,0.0,0,1,0,0,unknown,0.667,0,0,0,0,1,low_data_completeness
148892cc736c080a,인천,인천광역시 강화군 강화읍 신문리 205-5번지,인천광역시 강화군 강화대로 429 (강화읍 신문리),25021,28710,1062135801,중앙시장,,2022,1,1,0.0,0,1,0,0,unknown,0.667,0,0,1,0,1,basement_or_unknown_floor|low_data_completeness
148be1e67a2b91a8,인천,인천광역시 동구 만석동 5-20번지,인천광역시 동구 인중로 440 (만석동),10100,28140,1055112119,서해그린빌라,,2022,1,1,0.0,0,1,0,0,unknown,0.667,0,0,1,0,1,basement_or_unknown_floor|low_data_completeness
148eb1524ffee06a,인천,인천광역시 중구 중앙동3가 4-8번지,인천광역시 중구 홍예문로 7 (중앙동3가),10300,28110,1054115560,,,2022,1,1,0.0,0,1,0,0,unknown,0.667,0,0,0,0,1,low_data_completeness
1496d3103022bdf3,서울,서울특별시 금천구 가산동 50-3번지,서울특별시 금천구 벚꽃로 298 (가산동),10100,11545,10191100191383,대륭 포스트타워 6차,,2022,1,1,0.0,0,1,0,0,unknown,0.667,0,0,0,0,1,low_data_completeness
14b3f1e105fdfe51,서울,서울특별시 강북구 미아동 3-12번지,서울특별시 강북구 오현로9길 13 (미아동),10100,11305,10101100195793,,,2022,1,1,0.0,0,1,0,0,unknown,0.667,0,0,0,0,1,low_data_completeness
14c7d80ae4bbeeb6,서울,서울특별시 관악구 봉천동 1-264번지,서울특별시 관악구 청림3다길 21 (봉천동),10100,11620,1022125872,,다세대주택,1992,0,1,0.0,1,0,0,0,unknown,0.833,1,0,0,0,1,old_building
14c88c8d3fc436dd,경기,경기도 고양시 일산동구 식사동 2-14번지,경기도 고양시 일산동구 사리현로 101-8 (식사동),10100,41285,11041100339787,,제조업소,2018,0,1,287.5,1,0,1,0,unknown,0.833,0,1,0,0,1,non_residential_main_use
14d599ff2b9bbf55,서울,서울특별시 관악구 봉천동 1-704번지,서울특별시 관악구 청림3마길 25 (봉천동),10100,11620,10221110691,,,2022,1,1,0.0,0,1,0,0,unknown,0.667,0,0,0,0,1,low_data_completeness
14e8f859a35c778b,경기,경기도 고양시 일산서구 일산동 327번지,,10100,41287,11041236656,,단독주택,2022,0,1,56.4,1,0,1,0,unknown,0.833,0,0,0,0,0,
1507f827e4cd80b3,경기,경기도 과천시 문원동 15-15번지,경기도 과천시 공원마을1길 38 (문원동),10200,41290,11081100182902,,,2022,1,1,0.0,0,1,0,0,unknown,0.667,0,0,0,0,1,low_data_completeness
150f87ce28d148ab,경기,경기도 김포시 북변동 200-19번지,경기도 김포시 봉화로 164 (북변동),10100,41570,112314596,한터하이빌,다세대주택,2002,0,1,393.0,1,0,0,0,unknown,0.833,1,0,0,0,1,old_building
1518ac4860e9905b,경기,경기도 가평군 가평읍 읍내리 57-4번지,경기도 가평군 잎너비길 35-126 (가평읍 읍내리),25021,41820,113011985,,단독주택,2008,0,1,604.0,1,0,1,0,unknown,0.833,0,0,0,0,0,
151975b784e0903c,인천,인천광역시 남동구 구월동 3-26번지,인천광역시 남동구 당좌로35번길 8-1 (구월동),10100,28200,10581100331204,삼성주택,,2022,1,1,0.0,0,1,0,0,unknown,0.667,0,0,0,0,1,low_data_completeness
151e4090eceb405b,서울,서울특별시 도봉구 쌍문동 7-21번지,서울특별시 도봉구 도봉로139길 65 (쌍문동),10500,11320,10111100204648,와이앤캐슬,,2022,1,1,0.0,0,1,0,0,unknown,0.667,0,0,0,0,1,low_data_completeness
1534a61a399e8577,서울,서울특별시 광진구 중곡동 18-17번지,서울특별시 광진구 용마산로28길 14-7 (중곡동),10100,11215,1006127431,,,2022,1,1,0.0,0,1,0,0,unknown,0.667,0,0,0,0,1,low_data_completeness
15480c1e47527f5d,서울,서울특별시 금천구 가산동 32-47번지,서울특별시 금천구 벚꽃로50길 7 (가산동),10100,11545,1019113289,,다가구주택(3가구),1991,0,1,88.0,1,0,0,0,unknown,0.833,1,0,0,0,1,old_building
154c867764441edf,경기,경기도 고양시 일산동구 식사동 236-6번지,경기도 고양시 일산동구 견달산로210번길 45-11 (식사동),10100,41285,11041100218297,루미나리,,2022,1,1,0.0,0,1,0,0,unknown,0.667,0,0,0,0,1,low_data_completeness
155a1c3176a7464a,경기,경기도 과천시 문원동 15-40번지,경기도 과천시 공원마을4길 41 (문원동),10200,41290,110813622,우리빌,,2022,1,1,0.0,0,1,0,0,unknown,0.667,0,0,0,0,1,low_data_completeness
157fe9fc7365b355,서울,서울특별시 도봉구 쌍문동 11-5번지,서울특별시 도봉구 도봉로139길 102 (쌍문동),10500,11320,1011117043,선우아파트,,2022,1,1,0.0,0,1,0,0,unknown,0.667,0,0,0,0,1,low_data_completeness
1589ba1558bf5172,경기,경기도 구리시 갈매동 163-17번지,경기도 구리시 담터길 13 (갈매동),10100,41310,11091100201128,,단독주택,2017,0,1,269.0,1,0,0,0,unknown,0.833,0,0,0,0,0,
15940a0a0cf0c569,서울,서울특별시 광진구 중곡동 18-91번지,서울특별시 광진구 용마산로22길 11-23 (중곡동),10100,11215,10061100251221,,"도시형생활주택단지형다세대(14세대),근린생활시설",2019,0,1,215.9,1,0,0,0,unknown,0.833,0,0,0,0,0,
15a3e2c2a162529c,인천,인천광역시 부평구 부평동 10번지,,10100,28237,105917359,,단독주택,2022,0,1,65.12,1,0,1,0,unknown,0.833,0,0,0,0,0,
15a3fb593f68c5e3,경기,경기도 고양시 일산동구 식사동 236-6번지,경기도 고양시 일산동구 견달산로210번길 45-11 (식사동),10100,41285,11041100218301,루미나리,,2022,1,1,0.0,0,1,0,0,unknown,0.667,0,0,0,0,1,low_data_completeness
15a98a5922f8d959,경기,경기도 김포시 북변동 200-6번지,경기도 김포시 봉화로 164-4 (북변동),10100,41570,1000000000000002665909,MU빌리지,,2023,1,1,0.0,0,1,0,0,unknown,0.667,0,0,0,0,1,low_data_completeness
15aae323b682bddf,서울,서울특별시 관악구 봉천동 1-211번지,서울특별시 관악구 청림3길 63 (봉천동),10100,11620,1022119702,,단독주택,1970,0,1,43.39,1,0,1,0,unknown,0.833,1,0,0,0,1,old_building
15ac5b5893315518,경기,경기도 가평군 가평읍 읍내리 214번지,경기도 가평군 가평제방길 233 (가평읍 읍내리),25021,41820,1000000000000002714461,힐스테이트 가평 더뉴클래스,,2023,1,1,0.0,0,1,0,0,unknown,0.667,0,0,0,0,1,low_data_completeness
15b63cc945df954c,경기,경기도 가평군 가평읍 읍내리 93-1번지,경기도 가평군 잎너비길 35-173 (가평읍 읍내리),25021,41820,11301100292192,,단독주택,2022,0,2,644.82,1,0,1,0,unknown,0.833,0,0,0,0,0,
15bf9e0b76cd886d,경기,경기도 광명시 광명동 24-46번지,경기도 광명시 광삼로13번길 30-4 (광명동),10100,41210,10981744,,다가구주택,1992,0,1,177.2,1,0,0,0,unknown,0.833,1,0,0,0,1,old_building
15c38a4f770b1363,인천,인천광역시 서구 백석동 58번지,인천광역시 서구 야생화로 24-6 (백석동),10100,28260,10611100246118,,양묘장 창고,2012,0,1,0.0,1,0,0,0,unknown,0.833,0,1,0,0,1,non_residential_main_use
15dda40e18e2cadc,경기,경기도 고양시 덕양구 주교동 38-13번지,경기도 고양시 덕양구 원당로 112 (주교동),10100,41281,11041100458189,고양 엘림프라자,,2022,1,1,0.0,0,1,0,0,unknown,0.667,0,0,0,0,1,low_data_completeness
15e2af47a56924ac,경기,경기도 과천시 관문동 71-15번지,경기도 과천시 산마을길 62 (관문동),10100,41290,11081146,,단독주택,1981,0,1,868.92,1,0,1,0,unknown,0.833,1,0,0,0,1,old_building
15e3242a9851a439,서울,서울특별시 강남구 대치동 511번지,서울특별시 강남구 삼성로 150 (대치동),10600,11680,1024125501,한보미도맨션210동,,2022,1,1,0.0,0,1,0,0,unknown,0.667,0,0,0,0,1,low_data_completeness
15e47db237ee9c4d,인천,인천광역시 미추홀구 숭의동 1-10번지,인천광역시 미추홀구 경인로 150 (숭의동),10100,28177,10561100237787,한우리,,2022,1,1,0.0,0,1,0,0,unknown,0.667,0,0,0,0,1,low_data_completeness
15f0cac891d66e8b,인천,인천광역시 동구 만석동 1-34번지,인천광역시 동구 만석부두로7번길 15-2 (만석동),10100,28140,10551100174031,,일반공장,2009,0,2,150.6,1,0,1,0,unknown,0.833,0,1,0,0,1,non_residential_main_use
15f1a0e35f6472f7,서울,서울특별시 관악구 봉천동 1-506번지,서울특별시 관악구 청림5길 58 (봉천동),10100,11620,1022134689,,단독주택 외1,1989,0,1,0.0,1,0,0,0,unknown,0.833,1,0,0,0,1,old_building
160cb840e2c61ad5,서울,서울특별시 강남구 역삼동 605-7번지,서울특별시 강남구 봉은사로24길 8 (역삼동),10100,11680,1024119728,역삼동 605-7,제2종근린생활시설,2003,0,1,379.7,1,0,0,0,unknown,0.833,1,1,0,0,1,old_building|non_residential_main_use
16453f66787ec89b,인천,인천광역시 옹진군 북도면 시도리 50-12번지,인천광역시 옹진군 시도로86번길 291-87 (북도면 시도리),31021,28720,1000000000000003292359,,단독주택,2024,0,1,734.6,1,0,1,0,unknown,0.833,0,0,0,0,0,
164ca902ff0d4b98,서울,서울특별시 광진구 중곡동 18-95번지,서울특별시 광진구 용마산로22길 11-13 (중곡동),10100,11215,10061789,,다가구용단독주택(8가구),1996,0,1,215.9,1,0,0,0,unknown,0.833,1,0,0,0,1,old_building
165254e2cc68d05d,경기,경기도 가평군 가평읍 읍내리 128-1번지,경기도 가평군 잎너비길 30 (가평읍 읍내리),25021,41820,11301100199565,,단독주택,2012,0,1,650.0,1,0,0,0,unknown,0.833,0,0,0,0,0,
16686f463aaa98fa,경기,경기도 과천시 문원동 15-20번지,경기도 과천시 공원마을2길 51 (문원동),10200,41290,110813605,로즈빌2,,2022,1,1,0.0,0,1,0,0,unknown,0.667,0,0,0,0,1,low_data_completeness
166e849321ebb153,경기,경기도 김포시 북변동 200-19번지,경기도 김포시 봉화로 164 (북변동),10100,41570,1123140610,한터하이빌,,2022,1,1,0.0,0,1,0,0,unknown,0.667,0,0,0,0,1,low_data_completeness
168429acfea58c47,인천,인천광역시 서구 백석동 블록,인천광역시 서구 한들로 73 (백석동),10100,28260,1000000000000002035747,검암역 로열파크씨티 푸르지오 2단지,,2023,1,1,0.0,0,1,0,0,unknown,0.667,0,0,0,0,1,low_data_completeness
16880ee475f4d4db,인천,인천광역시 중구 중앙동2가 14-2번지,인천광역시 중구 신포로27번길 63 (중앙동2가),10200,28110,10541651,,근린생활시설,1997,0,1,72.1,1,0,0,0,unknown,0.833,1,1,0,0,1,old_building|non_residential_main_use
168b5e5bb136776a,경기,경기도 가평군 가평읍 읍내리 111번지,,25021,41820,113012004,,주택,1962,0,1,0.0,1,0,0,0,unknown,0.833,1,0,0,0,1,old_building
169791453db45e07,서울,서울특별시 강북구 미아동 3-214번지,서울특별시 강북구 도봉로18다길 21-6 (미아동),10100,11305,10101884,,단독주택,1968,0,1,0.0,1,0,0,0,unknown,0.833,1,0,0,0,1,old_building
16b685a9de0f146d,인천,인천광역시 중구 중앙동3가 4-8번지,인천광역시 중구 홍예문로 7 (중앙동3가),10300,28110,1054115466,,,2022,1,1,0.0,0,1,0,0,unknown,0.667,0,0,0,0,1,low_data_completeness
16b77945c9543d59,인천,인천광역시 중구 중앙동3가 4-8번지,인천광역시 중구 홍예문로 7 (중앙동3가),10300,28110,1054115572,,,2022,1,1,0.0,0,1,0,0,unknown,0.667,0,0,0,0,1,low_data_completeness
16ba9d8246779013,경기,경기도 과천시 관문동 52-10번지,경기도 과천시 중앙로 319 (관문동),10100,41290,1000000000000006655466,,일반음식점,2025,0,3,711.62,1,0,1,0,unknown,0.833,0,1,0,0,1,non_residential_main_use
16bb51017934ad76,인천,인천광역시 서구 백석동 58번지,인천광역시 서구 야생화로 26-37 (백석동),10100,28260,10611100277169,,승마장,2022,0,1,513.38,0,0,1,0,unknown,0.667,0,1,0,0,1,non_residential_main_use|low_data_completeness
16bfd31483662eb6,인천,인천광역시 연수구 옥련동 116-60번지,,10100,28185,10571650,,,2022,0,1,0.0,1,0,0,0,unknown,0.667,0,0,1,0,1,basement_or_unknown_floor|low_data_completeness
16c0d19eac8ed559,서울,서울특별시 관악구 봉천동 1-72번지,서울특별시 관악구 청림3다길 8 (봉천동),10100,11620,1022180685,,,2022,1,1,0.0,0,1,0,0,unknown,0.667,0,0,0,0,1,low_data_completeness
16d2bb8d89985948,인천,인천광역시 계양구 효성동 1-13번지,인천광역시 계양구 길마로88번길 9 (효성동),10100,28245,1060113229,원익그린맨션,,2022,1,1,0.0,0,1,0,0,unknown,0.667,0,0,0,0,1,low_data_completeness
16d7b2c0f71af451,경기,경기도 광주시 경안동 20-16번지,경기도 광주시 광주대로 31 (경안동),10100,41610,1000000000000002747940,지에이타워,,2023,1,1,0.0,0,1,0,0,unknown,0.667,0,0,0,0,1,low_data_completeness
170d9e644f1d312d,경기,경기도 고양시 일산동구 식사동 233-2번지,경기도 고양시 일산동구 견달산로210번길 45-14 (식사동),10100,41285,11041100227612,식사동 233-2 공동주택 (김영한),,2022,1,1,0.0,0,1,0,0,unknown,0.667,0,0,0,0,1,low_data_completeness
172b57e2aabe938f,경기,경기도 과천시 관문동 71-4번지,경기도 과천시 산마을길 44 (관문동),10100,41290,11081139,,창고,1981,0,1,129.11,1,0,1,0,unknown,0.833,1,1,0,0,1,old_building|non_residential_main_use
173746279b19e31f,경기,경기도 김포시 북변동 182-13번지,경기도 김포시 북변중로 125 (북변동),10100,41570,11231100403985,,제1종근린생활시설,2019,0,1,0.0,1,0,0,0,unknown,0.833,0,1,0,0,1,non_residential_main_use
173928db81f896d7,인천,인천광역시 연수구 옥련동 61-9번지,인천광역시 연수구 옥골로 116 (옥련동),10100,28185,10571518,,단독주택,2022,0,1,59.5,1,0,1,0,unknown,0.833,0,0,0,0,0,
1751da6f2acd22d9,서울,서울특별시 도봉구 쌍문동 11-5번지,서울특별시 도봉구 도봉로139길 102 (쌍문동),10500,11320,101114165,선우아파트,아파트,2003,0,4,2077.52,1,0,1,0,unknown,0.833,1,0,0,0,1,old_building
1752af965f917043,서울,서울특별시 강남구 역삼동 601-24번지,서울특별시 강남구 봉은사로4길 11 (역삼동),10100,11680,102414711,,단독주택 (다가구주택/근생),2003,0,1,218.6,1,0,0,0,unknown,0.833,1,0,0,0,1,old_building
1765f68212502e2f,서울,서울특별시 강북구 미아동 3-9번지,서울특별시 강북구 오현로9길 23 (미아동),10100,11305,1010130819,,다세대주택,2022,1,3,49.16,0,1,0,1,unknown,0.833,0,0,1,0,1,basement_or_unknown_floor
176b74ea9a81f038,경기,경기도 과천시 문원동 15-31번지,경기도 과천시 공원마을3길 49 (문원동),10200,41290,11081100179135,갤러리 House,,2022,1,1,0.0,0,1,0,0,unknown,0.667,0,0,0,0,1,low_data_completeness
177e3c62cd5c92ef,서울,서울특별시 도봉구 쌍문동 8-8번지,서울특별시 도봉구 방학로5길 44 (쌍문동),10500,11320,10111542,,다가구주택,1982,0,3,764.01,1,0,1,0,unknown,0.833,1,0,0,0,1,old_building
1794119ec94f6d23,서울,서울특별시 금천구 가산동 40-11번지,서울특별시 금천구 벚꽃로42길 13 (가산동),10100,11545,10191100200310,휴먼빌,,2022,1,1,0.0,0,1,0,0,unknown,0.667,0,0,0,0,1,low_data_completeness
179e785fd5b5d12d,경기,경기도 가평군 가평읍 읍내리 80-2번지,경기도 가평군 잎너비길 17-80 (가평읍 읍내리),25021,41820,113011987,,일반음식점,2004,0,2,165.64,1,0,1,0,unknown,0.833,1,1,0,0,1,old_building|non_residential_main_use
17c23304dbf0fdc8,인천,인천광역시 연수구 옥련동 118-44번지,인천광역시 연수구 한진로 77 (옥련동),10100,28185,1000000000000005573171,송도역 서해그랑블 더파크,,2025,1,1,0.0,0,1,0,0,unknown,0.667,0,0,0,0,1,low_data_completeness
17c2ef03863e6400,경기,경기도 구리시 갈매동 484번지,경기도 구리시 갈매길 113-9 (갈매동),10100,41310,11091100177889,,,2022,1,1,0.0,0,1,0,0,unknown,0.667,0,0,0,0,1,low_data_completeness
17c3a12caf4d595d,경기,경기도 고양시 덕양구 주교동 190-5번지,경기도 고양시 덕양구 고양대로1290번길 42 (주교동),10100,41281,11041100281844,,소매점,2015,0,1,771.26,1,0,1,0,unknown,0.833,0,1,0,0,1,non_residential_main_use
17dde5cff8242908,경기,경기도 군포시 당동 134-10번지,경기도 군포시 공단로 93-17 (당동),10100,41410,11131100209300,케이마린,"공장,제2종근린생활시설",2018,0,1,1198.0,1,0,0,0,unknown,0.833,0,1,0,0,1,non_residential_main_use
17e08d76307bd164,서울,서울특별시 구로구 신도림동 271-25번지,서울특별시 구로구 신도림로19길 144 (신도림동),10100,11530,10181100189152,신도림삼성쉐르빌 1,,2022,1,1,0.0,0,1,0,0,unknown,0.667,0,0,0,0,1,low_data_completeness
17e10b756bf26d20,인천,인천광역시 부평구 부평동 10-273번지,인천광역시 부평구 주부토로100번길 25 (부평동),10100,28237,1059116089,,다가구주택,1991,0,1,169.0,1,0,0,0,unknown,0.833,1,0,0,0,1,old_building
17e2ae6243351e33,경기,경기도 과천시 문원동 15-27번지,경기도 과천시 공원마을2길 38 (문원동),10200,41290,11081100186714,문원동 15-27 다가구주택,다가구주택,2017,0,1,242.0,1,0,0,0,unknown,0.833,0,0,0,0,0,
17f2f8344b31f2c0,경기,경기도 광주시 경안동 11-59번지,경기도 광주시 중앙로154번길 27 (경안동),10100,41610,1125121853,,주택,1984,0,1,0.0,1,0,0,0,unknown,0.833,1,0,0,0,1,old_building
1800560386356c35,경기,경기도 구리시 갈매동 136-12번지,경기도 구리시 갈매순환로 229 (갈매동),10100,41310,11091255,,제조업소,2007,0,1,299.91,1,0,1,0,unknown,0.833,0,1,0,0,1,non_residential_main_use
180c277c9eb434c1,경기,경기도 김포시 북변동 108-4번지,경기도 김포시 북변로 36 (북변동),10100,41570,11231100179486,,주유소,2008,0,2,1092.48,1,0,1,0,unknown,0.833,0,1,0,0,1,non_residential_main_use
182b708f18e4075f,인천,인천광역시 중구 중앙동2가 6-1번지,인천광역시 중구 신포로27번길 59 (중앙동2가),10200,28110,10541638,,주택,2022,0,1,0.0,1,0,0,0,unknown,0.833,0,0,0,0,0,
18347b8e4e93fc80,인천,인천광역시 중구 중앙동3가 4-8번지,인천광역시 중구 홍예문로 7 (중앙동3가),10300,28110,1054115540,,,2022,1,1,0.0,0,1,0,0,unknown,0.667,0,0,0,0,1,low_data_completeness
18677cb2df5e8f28,인천,인천광역시 서구 백석동 블록,인천광역시 서구 한들로 73 (백석동),10100,28260,1000000000000002035735,검암역 로열파크씨티 푸르지오 2단지,,2023,1,1,0.0,0,1,0,0,unknown,0.667,0,0,0,0,1,low_data_completeness
187c23e98747a84c,경기,경기도 광주시 경안동 11-12번지,경기도 광주시 광주대로71번길 18 (경안동),10100,41610,1125116699,,주택 근린생활시설,1965,0,1,0.0,1,0,0,0,unknown,0.833,1,0,0,0,1,old_building
1889404b3776811f,인천,인천광역시 옹진군 북도면 시도리 1-4번지,인천광역시 옹진군 시도로86번길 398 (북도면 시도리),31021,28720,10631100178812,,일반음식점,2011,0,2,522.87,1,0,1,0,unknown,0.833,0,1,0,0,1,non_residential_main_use
18918e43a0d0c400,경기,경기도 광명시 광명동 25-8번지,경기도 광명시 광삼로13번길 23-1 (광명동),10100,41210,1098117421,,,2022,1,1,0.0,0,1,0,0,unknown,0.667,0,0,0,0,1,low_data_completeness
1893e7b924ffb34d,인천,인천광역시 서구 백석동 51번지,,10100,28260,106112231,,단독주택,2022,0,1,197.68,1,0,1,0,unknown,0.833,0,0,0,0,0,
1897f1f77123babf,서울,서울특별시 도봉구 쌍문동 8-4번지,서울특별시 도봉구 방학로5길 40 (쌍문동),10500,11320,10111539,,기타제1종근린생활시설,1989,0,4,1122.75,1,0,1,0,unknown,0.833,1,1,0,0,1,old_building|non_residential_main_use
189de3e84ab7e200,경기,경기도 고양시 일산동구 식사동 13-8번지,,10100,41285,11041100436809,오수처리장,국방ㆍ군사시설,2022,0,1,95.04,0,0,1,0,unknown,0.667,0,1,0,0,1,non_residential_main_use|low_data_completeness
189ef8d54e67eba2,경기,경기도 과천시 문원동 15-31번지,경기도 과천시 공원마을3길 49 (문원동),10200,41290,11081100179133,갤러리 House,다세대-7세대,2010,0,1,248.0,1,0,0,0,unknown,0.833,0,0,0,0,0,
189f6b8aaf6c1ae4,서울,서울특별시 강서구 방화동 128-1번지,서울특별시 강서구 방화대로52가길 36 (방화동),10900,11500,10171167863,한림빌리지,연립주택,2022,0,2,91.34,0,0,0,1,unknown,0.833,0,0,1,0,1,basement_or_unknown_floor
18a2bd2723cdde90,경기,경기도 광주시 경안동,,10100,41610,1125110793,,단독주택,2022,0,1,25.87,1,0,1,0,unknown,0.833,0,0,0,0,0,
18c3aa54cba303b6,경기,경기도 광주시 경안동 11-45번지,경기도 광주시 광주대로71번길 16 (경안동),10100,41610,1000000000000004040314,,주택및점포,1960,0,1,0.0,1,0,0,0,unknown,0.833,1,0,0,0,1,old_building
18c718dbbad34a09,서울,서울특별시 노원구 월계동 12번지,서울특별시 노원구 마들로 127 (월계동),10200,11350,1012141516,,,2022,1,1,0.0,0,1,0,0,unknown,0.667,0,0,0,0,1,low_data_completeness
18d46e39968a92f2,인천,인천광역시 계양구 효성동 11-5번지,인천광역시 계양구 봉오대로601번길 11-1 (효성동),10100,28245,106011112,,주택,1979,0,1,0.0,1,0,0,0,unknown,0.833,1,0,0,0,1,old_building
18f89994d042748f,서울,서울특별시 강남구 대치동 511번지,서울특별시 강남구 삼성로 150 (대치동),10600,11680,1024125599,한보미도맨션209동,,2022,1,1,0.0,0,1,0,0,unknown,0.667,0,0,0,0,1,low_data_completeness
1907980ce4c880b1,인천,인천광역시 남동구 구월동 3-23번지,인천광역시 남동구 당좌로 39 (구월동),10100,28200,10581100316225,나라사랑주택,,2022,1,1,0.0,0,1,0,0,unknown,0.667,0,0,0,0,1,low_data_completeness
1908104ed6db12d6,경기,경기도 가평군 가평읍 읍내리 75-1번지,경기도 가평군 물안산길 42-143 (가평읍 읍내리),25021,41820,11301100271432,,관리동,2020,0,2,2590.96,1,0,1,0,unknown,0.833,0,1,0,0,1,non_residential_main_use
1908513396d13813,경기,경기도 고양시 일산동구 식사동,,10100,41285,11041126976,,단독주택,2022,0,1,22.68,1,0,1,0,unknown,0.833,0,0,0,0,0,
1916abd1605a209f,경기,경기도 과천시 문원동 15-23번지,경기도 과천시 공원마을2길 52 (문원동),10200,41290,110813609,,,2022,1,1,0.0,0,1,0,0,unknown,0.667,0,0,0,0,1,low_data_completeness
191ef7ad6ae0cb7c,서울,서울특별시 도봉구 쌍문동 11-5번지,서울특별시 도봉구 도봉로139길 102 (쌍문동),10500,11320,1011117028,선우아파트,,2022,1,1,0.0,0,1,0,0,unknown,0.667,0,0,0,0,1,low_data_completeness
192df9266808d024,인천,인천광역시 동구 만석동 2-370번지,인천광역시 동구 만석부두로13번길 47 (만석동),10100,28140,10551100174247,,,2022,1,1,0.0,0,1,0,0,unknown,0.667,0,0,0,0,1,low_data_completeness
193cbf34cdaacc03,서울,서울특별시 노원구 월계동 12번지,서울특별시 노원구 마들로 127 (월계동),10200,11350,1012141474,,,2022,1,1,0.0,0,1,0,0,unknown,0.667,0,0,0,0,1,low_data_completeness
195b8471ecb74682,인천,인천광역시 옹진군 북도면 시도리 170번지,인천광역시 옹진군 시도로104번길 128 (북도면 시도리),31021,28720,10631100177488,,단독주택,2010,0,1,434.0,1,0,0,0,unknown,0.833,0,0,0,0,0,
1961619adb2871f8,서울,서울특별시 강남구 역삼동 604-1번지,서울특별시 강남구 논현로105길 48 (역삼동),10100,11680,1024118542,라이브빌딩,교육연구시설  업무시설 근린생활시설,1991,0,1,0.0,1,0,0,0,unknown,0.833,1,1,0,0,1,old_building|non_residential_main_use
1979948e0bd3b86a,경기,경기도 과천시 문원동 15-32번지,경기도 과천시 공원마을3길 51 (문원동),10200,41290,11081100172026,과천 두근두근 공동체 교육 사회적 협동조합,지역아동센터,2008,0,1,248.0,1,0,0,0,unknown,0.833,0,1,0,0,1,non_residential_main_use
1982ab104701a1f9,경기,경기도 군포시 당동 353-13번지,,10100,41410,11131616,,"연립주택,창고",1979,0,1,0.0,1,0,0,0,unknown,0.833,1,0,0,0,1,old_building
198bfe242446c080,인천,인천광역시 미추홀구 숭의동 1-153번지,인천광역시 미추홀구 경인로142번길 19-9 (숭의동),10100,28177,105617932,수인아트빌,공동주택,2003,0,1,197.0,1,0,0,0,unknown,0.833,1,0,0,0,1,old_building
1997f876a1351277,서울,서울특별시 강남구 대치동 511번지,서울특별시 강남구 삼성로 150 (대치동),10600,11680,1024125697,한보미도맨션208동,,2022,1,1,0.0,0,1,0,0,unknown,0.667,0,0,0,0,1,low_data_completeness
199d1b92866dd306,서울,서울특별시 강북구 미아동 3-36번지,서울특별시 강북구 오현로9길 45 (미아동),10100,11305,10101100197334,,,2022,1,1,0.0,0,1,0,0,unknown,0.667,0,0,0,0,1,low_data_completeness
19a4e2d9f4cee1a4,서울,서울특별시 노원구 월계동 12번지,서울특별시 노원구 마들로 127 (월계동),10200,11350,10121170226,,,2022,1,1,0.0,0,1,0,0,unknown,0.667,0,0,0,0,1,low_data_completeness
19bd4e99a48de4cc,인천,인천광역시 남동구 구월동 3-8번지,인천광역시 남동구 석산로 230 (구월동),10100,28200,10581100314406,호진다온채,다세대주택,2018,0,5,594.68,1,0,1,0,unknown,0.833,0,0,0,0,0,
19c8c90294106d33,경기,경기도 구리시 갈매동 142-23번지,,10100,41310,11091100219396,휴게실1,교정및군사시설,1991,0,1,13141.0,1,0,0,0,unknown,0.833,1,1,0,0,1,old_building|non_residential_main_use
19cad10732331e23,서울,서울특별시 노원구 월계동 12번지,서울특별시 노원구 마들로 127 (월계동),10200,11350,10121170292,,,2022,1,1,0.0,0,1,0,0,unknown,0.667,0,0,0,0,1,low_data_completeness
19ce69ee442f7156,인천,인천광역시 강화군 강화읍 신문리 10-10번지,인천광역시 강화군 강화대로 373 (강화읍 신문리),25021,28710,10621100181953,보훈회관,제1종근린생활시설,2010,0,1,0.0,1,0,0,0,unknown,0.833,0,1,0,0,1,non_residential_main_use
19cfbcd6e789e296,인천,인천광역시 계양구 효성동 1-11번지,인천광역시 계양구 길마로88번길 5 (효성동),10100,28245,1060113205,원익그린맨션,,2022,1,1,0.0,0,1,0,0,unknown,0.667,0,0,0,0,1,low_data_completeness
19d8c45fed99b6bb,서울,서울특별시 금천구 가산동 7-8번지,서울특별시 금천구 벚꽃로 338-7 (가산동),10100,11545,1019115156,,다가구주택,1994,0,2,253.83,1,0,1,0,unknown,0.833,1,0,0,0,1,old_building
19e825d0d6e6ca04,인천,인천광역시 남동구 구월동 3-18번지,인천광역시 남동구 석산로228번길 17-8 (구월동),10100,28200,1058127545,,,2022,1,1,0.0,0,1,0,0,unknown,0.667,0,0,0,0,1,low_data_completeness
19f090c70957e6a6,인천,인천광역시 연수구 옥련동 118-15번지,인천광역시 연수구 비류대로144번길 24-5 (옥련동),10100,28185,105718309,,,2022,1,1,0.0,0,1,0,0,unknown,0.667,0,0,1,0,1,basement_or_unknown_floor|low_data_completeness
19f294b7ed0563f2,서울,서울특별시 강북구 미아동 3-224번지,서울특별시 강북구 도봉로18다길 21-19 (미아동),10100,11305,1010112858,,공동주택,2000,0,1,267.8,1,0,0,0,unknown,0.833,1,0,0,0,1,old_building
1a081b25254fc45c,인천,인천광역시 미추홀구 숭의동 1-11번지,인천광역시 미추홀구 경인로 148 (숭의동),10100,28177,10561100237035,다우림,,2022,1,1,0.0,0,1,0,0,unknown,0.667,0,0,0,0,1,low_data_completeness
1a16ccbe120daaf0,서울,서울특별시 강서구 염창동 113번지,,10100,11500,101714266,,주택,2022,0,1,0.0,1,0,0,0,unknown,0.833,0,0,0,0,0,
1a1d79a4ea97a7d4,서울,서울특별시 강서구 염창동 64-1번지,서울특별시 강서구 양천로67길 63 (염창동),10100,11500,101712992,염창동공장,공장(보일러실),2001,0,1,3352.0,1,0,0,0,unknown,0.833,1,1,0,0,1,old_building|non_residential_main_use
1a3d3adbe3e30c58,인천,인천광역시 강화군 강화읍 신문리 205-5번지,인천광역시 강화군 강화대로 429 (강화읍 신문리),25021,28710,1062135865,중앙시장,,2022,1,1,0.0,0,1,0,0,unknown,0.667,0,0,1,0,1,basement_or_unknown_floor|low_data_completeness
1a57e7ab183dda78,서울,서울특별시 금천구 가산동 50-3번지,서울특별시 금천구 벚꽃로 298 (가산동),10100,11545,10191100191069,대륭 포스트타워 6차,,2022,1,1,0.0,0,1,0,0,unknown,0.667,0,0,0,0,1,low_data_completeness
1a61f522a5beaf5c,인천,인천광역시 미추홀구 숭의동 1-40번지,인천광역시 미추홀구 경인로 146 (숭의동),10100,28177,105612172,,"근린생활시설, 위락시설",1985,0,1,102.0,1,0,0,0,unknown,0.833,1,1,0,0,1,old_building|non_residential_main_use
1a7e4e9c7f8045ce,경기,경기도 가평군 가평읍 읍내리 102-4번지,경기도 가평군 잎너비길 17-66 (가평읍 읍내리),25021,41820,11301100213670,라동,숙박시설,2014,0,1,0.0,1,0,0,0,unknown,0.833,0,1,0,0,1,non_residential_main_use
1a7f88e91c3cd6df,인천,인천광역시 동구 만석동 2-23번지,인천광역시 동구 만석부두로 16-3 (만석동),10100,28140,10551232,16동,공장,2007,0,1,0.0,1,0,0,0,unknown,0.833,0,1,0,0,1,non_residential_main_use
1a8a4399948623a5,서울,서울특별시 강북구 미아동 3-57번지,서울특별시 강북구 오현로 38 (미아동),10100,11305,10101781,,"단독주택,근린생활시설",1969,0,1,76.0,1,0,0,0,unknown,0.833,1,0,0,0,1,old_building
1a8f3fc4fb4a3483,인천,인천광역시 계양구 효성동 11-7번지,인천광역시 계양구 봉오대로601번길 9-1 (효성동),10100,28245,106011115,,다가구주택,1990,0,1,215.0,1,0,0,0,unknown,0.833,1,0,0,0,1,old_building
1aa023bea204d7ea,서울,서울특별시 관악구 봉천동 1-618번지,서울특별시 관악구 청림3다길 17 (봉천동),10100,11620,1022178542,,,2022,1,1,0.0,0,1,0,0,unknown,0.667,0,0,0,0,1,low_data_completeness
1ac660299298cc82,경기,경기도 과천시 문원동 15-15번지,경기도 과천시 공원마을1길 38 (문원동),10200,41290,11081100182907,,,2022,1,1,0.0,0,1,0,0,unknown,0.667,0,0,0,0,1,low_data_completeness
1ac740ac12d7b846,서울,서울특별시 구로구 신도림동 271-25번지,서울특별시 구로구 신도림로19길 144 (신도림동),10100,11530,10181100189175,신도림삼성쉐르빌 1,,2022,1,1,0.0,0,1,0,0,unknown,0.667,0,0,0,0,1,low_data_completeness
1acd7b6e2503ac1e,인천,인천광역시 미추홀구 숭의동 1-10번지,인천광역시 미추홀구 경인로 150 (숭의동),10100,28177,10561100237807,한우리,,2022,1,1,0.0,0,1,0,0,unknown,0.667,0,0,0,0,1,low_data_completeness
1ad2309a91b36a5a,서울,서울특별시 강서구 염창동 65번지,서울특별시 강서구 양천로67길 71-3 (염창동),10100,11500,10171100318509,진영리버타운,,2022,1,1,0.0,0,1,0,0,unknown,0.667,0,0,0,0,1,low_data_completeness
1ad87eba92c95c56,서울,서울특별시 금천구 가산동 4-23번지,서울특별시 금천구 벚꽃로56길 12 (가산동),10100,11545,101919138,,단독주택,1992,0,2,353.37,1,0,1,0,unknown,0.833,1,0,0,0,1,old_building
1ae40a2ccaae1167,경기,경기도 가평군 가평읍 읍내리 214번지,경기도 가평군 가평제방길 233 (가평읍 읍내리),25021,41820,1000000000000002714948,힐스테이트 가평 더뉴클래스,,2023,1,1,0.0,0,1,0,0,unknown,0.667,0,0,0,0,1,low_data_completeness
1af3e86daf46462e,서울,서울특별시 광진구 중곡동 18-23번지,서울특별시 광진구 용마산로 138 (중곡동),10100,11215,1006127443,,,2022,1,1,0.0,0,1,0,0,unknown,0.667,0,0,0,0,1,low_data_completeness
1afb040e1d847611,경기,경기도 구리시 갈매동 510번지,경기도 구리시 갈매순환로204번길 65 (갈매동),10100,41310,11091100207233,구리 스마트벤처타워,,2022,1,1,0.0,0,1,0,0,unknown,0.667,0,0,0,0,1,low_data_completeness
1b0b947cb459fc2a,경기,경기도 고양시 덕양구 주교동 126번지,,10100,41281,110419599,,단독주택,2022,0,1,107.38,1,0,1,0,unknown,0.833,0,0,0,0,0,
1b0c58a13f56b638,서울,서울특별시 도봉구 쌍문동 25-3번지,서울특별시 도봉구 방학로7길 63-11 (쌍문동),10500,11320,101114180,동성파크빌101동,공동주택,2002,0,1,191.0,1,0,0,0,unknown,0.833,1,0,0,0,1,old_building
1b246dc78f5646e8,인천,인천광역시 부평구 부평동 10-228번지,인천광역시 부평구 길주남로 112-19 (부평동),10100,28237,10591142146,,,2022,1,1,0.0,0,1,0,0,unknown,0.667,0,0,0,0,1,low_data_completeness
1b29f58360dccde0,인천,인천광역시 계양구 효성동 1-13번지,인천광역시 계양구 길마로88번길 9 (효성동),10100,28245,1060113221,원익그린맨션,,2022,1,1,0.0,0,1,0,0,unknown,0.667,0,0,0,0,1,low_data_completeness
1b766d200d86a95e,인천,인천광역시 남동구 구월동 3-5번지,인천광역시 남동구 석산로 230-3 (구월동),10100,28200,1058127522,조은그린빌,,2022,1,1,0.0,0,1,0,0,unknown,0.667,0,0,0,0,1,low_data_completeness
1b7b54dfe96f07c4,인천,인천광역시 미추홀구 숭의동 1-142번지,인천광역시 미추홀구 경인로142번길 1 (숭의동),10100,28177,105612223,,"근린생활시설, 숙박시설",1986,0,1,330.0,1,0,0,0,unknown,0.833,1,1,0,0,1,old_building|non_residential_main_use
1b7bc6e986186a10,인천,인천광역시 미추홀구 숭의동 1-10번지,인천광역시 미추홀구 경인로 150 (숭의동),10100,28177,10561100237754,한우리,아파트,2015,0,15,4669.88,1,0,1,0,unknown,0.833,0,0,0,0,0,
1b7ee64dd8d4957a,인천,인천광역시 연수구 옥련동 116-48번지,인천광역시 연수구 비류대로156번길 6 (옥련동),10100,28185,10571641,,주택,1997,0,1,200.0,1,0,0,0,unknown,0.833,1,0,0,0,1,old_building
1b977545fef3a29b,서울,서울특별시 강북구 미아동 3-212번지,서울특별시 강북구 도봉로18다길 23 (미아동),10100,11305,10101882,,단독주택,1968,0,1,0.0,1,0,0,0,unknown,0.833,1,0,0,0,1,old_building
1bf14a85973cb3c5,서울,서울특별시 강남구 대치동 511번지,서울특별시 강남구 삼성로 150 (대치동),10600,11680,1024125442,한보미도맨션210동,,2022,1,1,0.0,0,1,0,0,unknown,0.667,0,0,0,0,1,low_data_completeness
1c0e04b0382ae65b,경기,경기도 고양시 일산동구 식사동 236-6번지,경기도 고양시 일산동구 견달산로210번길 45-11 (식사동),10100,41285,11041100218298,루미나리,,2022,1,1,0.0,0,1,0,0,unknown,0.667,0,0,0,0,1,low_data_completeness
1c1780ad25d70d95,경기,경기도 김포시 북변동 152-9번지,경기도 김포시 중봉로115번길 38 (북변동),10100,41570,11231100251043,,기타동식물관련시설,2012,0,2,422.6,1,0,1,0,unknown,0.833,0,1,0,0,1,non_residential_main_use
1c1d1a4d11a7fd42,인천,인천광역시 부평구 부평동 10-66번지,인천광역시 부평구 장제로221번길 23 (부평동),10100,28237,10591100251187,다온그린빌,,2022,1,1,0.0,0,1,0,0,unknown,0.667,0,0,0,0,1,low_data_completeness
1c22349cdfbe7a25,경기,경기도 광주시 경안동 10-22번지,경기도 광주시 중앙로154번길 24 (경안동),10100,41610,11251100232562,,,2022,1,1,0.0,0,1,0,0,unknown,0.667,0,0,0,0,1,low_data_completeness
1c2f4d900131b262,경기,경기도 고양시 덕양구 주교동 272-1번지,경기도 고양시 덕양구 원당로59번길 94-7 (주교동),10100,41281,11041117531,윤창아파트,,2022,1,1,0.0,0,1,0,0,unknown,0.667,0,0,1,0,1,basement_or_unknown_floor|low_data_completeness
1c325fa69d6eaff4,경기,경기도 가평군 가평읍 읍내리 214번지,경기도 가평군 가평제방길 233 (가평읍 읍내리),25021,41820,1000000000000002714521,힐스테이트 가평 더뉴클래스,,2023,1,1,0.0,0,1,0,0,unknown,0.667,0,0,0,0,1,low_data_completeness
1c67c5f48d71471f,경기,경기도 김포시 북변동 200-40번지,경기도 김포시 봉화로 162-2 (북변동),10100,41570,11231100515345,,,2022,1,1,0.0,0,1,0,0,unknown,0.667,0,0,0,0,1,low_data_completeness
1c708865232e16cc,서울,서울특별시 노원구 월계동 12번지,서울특별시 노원구 마들로 127 (월계동),10200,11350,1012141605,,,2022,1,1,0.0,0,1,0,0,unknown,0.667,0,0,0,0,1,low_data_completeness
1c7d7ac1054519fd,서울,서울특별시 강서구 염창동 65번지,서울특별시 강서구 양천로67길 71-3 (염창동),10100,11500,10171100318485,진영리버타운,,2022,1,1,0.0,0,1,0,0,unknown,0.667,0,0,0,0,1,low_data_completeness
1c86c2c4bb152bce,서울,서울특별시 강북구 미아동 3-10번지,서울특별시 강북구 오현로9길 19 (미아동),10100,11305,1010130834,,연립주택,2022,1,1,39.69,0,1,0,1,unknown,0.833,0,0,0,0,0,
1c93f24db29a9997,경기,경기도 가평군 가평읍 읍내리 214번지,경기도 가평군 가평제방길 233 (가평읍 읍내리),25021,41820,1000000000000002714750,힐스테이트 가평 더뉴클래스,,2023,1,1,0.0,0,1,0,0,unknown,0.667,0,0,0,0,1,low_data_completeness
1c980024af565553,서울,서울특별시 강동구 명일동 28번지,서울특별시 강동구 고덕로 210 (명일동),10100,11740,102611211,삼익그린맨션,아파트,1984,0,1,0.0,1,0,0,0,unknown,0.833,1,0,0,0,1,old_building
1cab232a1c06e093,서울,서울특별시 관악구 봉천동 1-82번지,서울특별시 관악구 청림3길 36 (봉천동),10100,11620,1022111832,,단독주택,1970,0,1,73.55,1,0,1,0,unknown,0.833,1,0,0,0,1,old_building
1cc5369ce54ec6a6,인천,인천광역시 옹진군 북도면 시도리 53-24번지,인천광역시 옹진군 시도로86번길 217-27 (북도면 시도리),31021,28720,1000000000000004193747,,제2종근린생활시설,2024,0,1,881.0,1,0,0,0,unknown,0.833,0,1,0,0,1,non_residential_main_use
1ccaa25b7777a5a8,서울,서울특별시 금천구 가산동 40-8번지,서울특별시 금천구 벚꽃로42길 17 (가산동),10100,11545,1019142512,,,2022,1,1,0.0,0,1,0,0,unknown,0.667,0,0,0,0,1,low_data_completeness
1ccfc08e4b5a81c9,인천,인천광역시 중구 중앙동3가 4-8번지,인천광역시 중구 홍예문로 7 (중앙동3가),10300,28110,1054115485,,,2022,1,1,0.0,0,1,0,0,unknown,0.667,0,0,0,0,1,low_data_completeness
1cd907cfbd9932f0,인천,인천광역시 서구 백석동 블록,인천광역시 서구 한들로 73 (백석동),10100,28260,1000000000000002035447,검암역 로열파크씨티 푸르지오 2단지,,2023,1,1,0.0,0,1,0,0,unknown,0.667,0,0,0,0,1,low_data_completeness
1cdd436293d89d58,경기,경기도 구리시 갈매동 152번지,경기도 구리시 별내3로 7 (갈매동),10100,41310,11091287,,버섯재배사,2002,0,1,990.0,1,0,0,0,unknown,0.833,1,1,0,0,1,old_building|non_residential_main_use
1ce37305075e07f8,서울,서울특별시 구로구 신도림동 271-25번지,서울특별시 구로구 신도림로19길 144 (신도림동),10100,11530,10181100189243,신도림삼성쉐르빌 1,,2022,1,1,0.0,0,1,0,0,unknown,0.667,0,0,0,0,1,low_data_completeness
1cecab77ff0b5015,경기,경기도 광주시 경안동 9-29번지,경기도 광주시 광주대로 63-1 (경안동),10100,41610,11251100177895,,기타제1종근린생활시설,2008,0,5,1370.21,1,0,1,0,unknown,0.833,0,1,0,0,1,non_residential_main_use
1cef58e6c1a7bf6c,서울,서울특별시 강서구 염창동 65번지,서울특별시 강서구 양천로67길 71-3 (염창동),10100,11500,10171100318480,진영리버타운,,2022,1,1,0.0,0,1,0,0,unknown,0.667,0,0,0,0,1,low_data_completeness
1cf409aee7db0246,인천,인천광역시 미추홀구 숭의동 1-107번지,인천광역시 미추홀구 수봉로21번길 30 (숭의동),10100,28177,105612207,,"주택, 근린생활시설",1989,0,1,0.0,1,0,0,0,unknown,0.833,1,0,0,0,1,old_building
1cf7895503c2e3b3,서울,서울특별시 광진구 중곡동 18-4번지,서울특별시 광진구 용마산로28길 8 (중곡동),10100,11215,10061100230887,,다세대주택,2016,0,6,954.24,1,0,1,0,unknown,0.833,0,0,0,0,0,
1d026a06a5fee947,서울,서울특별시 관악구 봉천동 1-479번지,서울특별시 관악구 청림3길 70 (봉천동),10100,11620,1022135067,,단독주택,1991,0,1,0.0,1,0,0,0,unknown,0.833,1,0,0,0,1,old_building
1d0476c8f803dd47,서울,서울특별시 노원구 월계동 18번지,서울특별시 노원구 마들로 31 (월계동),10200,11350,101213196,그랑빌아파트,근린생활시설,2002,0,1,0.0,1,0,0,0,unknown,0.833,1,1,0,0,1,old_building|non_residential_main_use
1d15a679e1b63e35,서울,서울특별시 광진구 중곡동 18-23번지,서울특별시 광진구 용마산로 138 (중곡동),10100,11215,1006127441,,,2022,1,1,0.0,0,1,0,0,unknown,0.667,0,0,0,0,1,low_data_completeness
1d1841dbb9b2d1fb,서울,서울특별시 관악구 봉천동 1-264번지,서울특별시 관악구 청림3다길 21 (봉천동),10100,11620,1022195479,,,2022,1,1,0.0,0,1,0,0,unknown,0.667,0,0,0,0,1,low_data_completeness
1d28fb64a67e7549,경기,경기도 고양시 일산서구 일산동 551-16번지,경기도 고양시 일산서구 고양대로 701-6 (일산동),10100,41287,11041100176591,대명아트빌,,2022,1,1,0.0,0,1,0,0,unknown,0.667,0,0,0,0,1,low_data_completeness
1d2d2032aa776921,경기,경기도 가평군 가평읍 읍내리 87번지,경기도 가평군 잎너비길 35-237 (가평읍 읍내리),25021,41820,11301100232330,,기타동식물관련시설,2016,0,1,55.98,1,0,1,0,unknown,0.833,0,1,0,0,1,non_residential_main_use
1d2efc68a17d1122,경기,경기도 군포시 당동 116-9번지,경기도 군포시 산본로179번길 23 (당동),10100,41410,11131550,,제2종근린생활시설,2004,0,1,103.0,1,0,0,0,unknown,0.833,1,1,0,0,1,old_building|non_residential_main_use
1d2f1ae3d038b897,경기,경기도 고양시 일산동구 식사동 231-1번지,경기도 고양시 일산동구 견달산로210번길 47-5 (식사동),10100,41285,11041100324898,드림팰리스,,2022,1,1,0.0,0,1,0,0,unknown,0.667,0,0,0,0,1,low_data_completeness
1d3ba46bb67eb647,인천,인천광역시 부평구 부평동 10-234번지,인천광역시 부평구 주부토로100번길 12 (부평동),10100,28237,10591181772,궁전빌라,,2022,1,1,0.0,0,1,0,0,unknown,0.667,0,0,0,0,1,low_data_completeness
1d50d64f0fa6c98d,서울,서울특별시 강북구 미아동 3-76번지,서울특별시 강북구 오패산로30가길 4-3 (미아동),10100,11305,10101791,,다가구용단독주택(5가구),1993,0,1,87.36,1,0,0,0,unknown,0.833,1,0,0,0,1,old_building
1d52a37e6d06b51b,서울,서울특별시 금천구 가산동 50-3번지,서울특별시 금천구 벚꽃로 298 (가산동),10100,11545,10191100191417,대륭 포스트타워 6차,,2022,1,1,0.0,0,1,0,0,unknown,0.667,0,0,0,0,1,low_data_completeness
1d6ee05b9e96167e,서울,서울특별시 강남구 역삼동 754번지,서울특별시 강남구 역삼로 306 (역삼동),10100,11680,1024124709,개나리 래미안,,2022,1,1,0.0,0,1,0,0,unknown,0.667,0,0,0,0,1,low_data_completeness
1d6fc6c2b361ecfc,경기,경기도 김포시 북변동 200-6번지,경기도 김포시 봉화로 164-4 (북변동),10100,41570,1000000000000002665911,MU빌리지,,2023,1,1,0.0,0,1,0,0,unknown,0.667,0,0,0,0,1,low_data_completeness
1d78fd3085e64d8f,서울,서울특별시 강남구 대치동 511번지,서울특별시 강남구 삼성로 150 (대치동),10600,11680,1024125192,,,2022,1,1,0.0,0,1,0,0,unknown,0.667,0,0,0,0,1,low_data_completeness
1d7af3c13963987d,경기,경기도 고양시 일산동구 식사동 13-8번지,,10100,41285,11041100436780,저장고(탄43),국방ㆍ군사시설,1976,0,1,652544.48,1,0,1,0,unknown,0.833,1,1,0,0,1,old_building|non_residential_main_use
1d7c4cb19ae034eb,경기,경기도 과천시 문원동 15-6번지,경기도 과천시 공원마을1길 39 (문원동),10200,41290,11081100186832,이강빌,단독주택,2017,0,1,242.0,1,0,0,0,unknown,0.833,0,0,0,0,0,
1d8044721fd249d9,서울,서울특별시 노원구 월계동 18번지,서울특별시 노원구 마들로 31 (월계동),10200,11350,101213216,그랑빌아파트,공동주택(아파트),2002,0,1,0.0,1,0,0,0,unknown,0.833,1,0,0,0,1,old_building
1d99ed2fb7f1280e,경기,경기도 광주시 경안동 10-22번지,경기도 광주시 중앙로154번길 24 (경안동),10100,41610,11251100232559,,,2022,1,1,0.0,0,1,0,0,unknown,0.667,0,0,0,0,1,low_data_completeness
1dabc83cac1807c4,서울,서울특별시 노원구 월계동 12번지,서울특별시 노원구 마들로 127 (월계동),10200,11350,10121170224,,,2022,1,1,0.0,0,1,0,0,unknown,0.667,0,0,0,0,1,low_data_completeness
1dc41c3ddb93fbdb,경기,경기도 구리시 갈매동 137-31번지,경기도 구리시 갈매순환로 245-20 (갈매동),10100,41310,11091262,,단독주택,1970,0,1,84.97,1,0,1,0,unknown,0.833,1,0,0,0,1,old_building
1dc50e5eccfc0b65,경기,경기도 구리시 갈매동 484번지,경기도 구리시 갈매길 113-9 (갈매동),10100,41310,11091100177896,,,2022,1,1,0.0,0,1,0,0,unknown,0.667,0,0,0,0,1,low_data_completeness
1dee890a00bd9df1,서울,서울특별시 광진구 중곡동 18-23번지,서울특별시 광진구 용마산로 138 (중곡동),10100,11215,1006127434,,,2022,1,1,0.0,0,1,0,0,unknown,0.667,0,0,0,0,1,low_data_completeness
1defaf41d1ca391a,서울,서울특별시 노원구 월계동 18번지,서울특별시 노원구 마들로 31 (월계동),10200,11350,101213192,그랑빌아파트,경비실,2002,0,1,0.0,1,0,0,0,unknown,0.833,1,1,0,0,1,old_building|non_residential_main_use
1e00682e6d13d5a1,서울,서울특별시 도봉구 쌍문동 11-17번지,서울특별시 도봉구 방학로7길 41 (쌍문동),10500,11320,10111100208259,젬스톤빌리지,,2022,1,1,0.0,0,1,0,0,unknown,0.667,0,0,0,0,1,low_data_completeness
1e06c49110ffbd3a,서울,서울특별시 강동구 명일동 48번지,서울특별시 강동구 고덕로62길 55 (명일동),10100,11740,1026121994,주양쇼핑,"판매시설, 교육연구시설, 근린생활시설, 업무시설, 운동시설",1992,0,1,0.0,1,0,0,0,unknown,0.833,1,1,0,0,1,old_building|non_residential_main_use
1e0d546522cb0935,경기,경기도 고양시 일산서구 일산동 551-16번지,경기도 고양시 일산서구 고양대로 701-6 (일산동),10100,41287,11041100176590,대명아트빌,,2022,1,1,0.0,0,1,0,0,unknown,0.667,0,0,0,0,1,low_data_completeness
1e0eee08268d115a,서울,서울특별시 도봉구 쌍문동 23-33번지,서울특별시 도봉구 방학로3가길 25-5 (쌍문동),10500,11320,10111584,,주택,1970,0,1,0.0,1,0,0,0,unknown,0.833,1,0,0,0,1,old_building
1e14d8ac5cdd3ed2,서울,서울특별시 노원구 월계동 13번지,서울특별시 노원구 마들로 59 (월계동),10200,11350,101211599,,아파트,1986,0,1,0.0,1,0,0,0,unknown,0.833,1,0,0,0,1,old_building
1e1bcf50c89c4d01,경기,경기도 광명시 광명동 24-36번지,경기도 광명시 광삼로13번길 30-17 (광명동),10100,41210,109815390,,다세대주택,1991,0,1,103.5,1,0,0,0,unknown,0.833,1,0,0,0,1,old_building
1e5414ee8ec1742e,인천,인천광역시 중구 중앙동2가 19-1번지,,10200,28110,10541661,,"제2종근린생활시설, 주택",2022,0,1,0.0,1,0,0,0,unknown,0.833,0,0,0,0,0,
1e6900d5d1400096,인천,인천광역시 중구 중앙동2가 9번지,인천광역시 중구 신포로23번길 63 (중앙동2가),10200,28110,10541643,,"주택, 점포",2022,0,1,0.0,1,0,0,0,unknown,0.833,0,0,0,0,0,
1e7e7ca9070f8aa0,경기,경기도 고양시 덕양구 주교동 38-13번지,경기도 고양시 덕양구 원당로 112 (주교동),10100,41281,11041100458206,고양 엘림프라자,,2022,1,1,0.0,0,1,0,0,unknown,0.667,0,0,0,0,1,low_data_completeness
1e846053d3457374,경기,경기도 가평군 가평읍 읍내리 98-3번지,경기도 가평군 잎너비길 17-56 (가평읍 읍내리),25021,41820,113012000,,단독주택,2022,0,1,60.0,1,0,1,0,unknown,0.833,0,0,0,0,0,
1e9c4039bc443ec2,인천,인천광역시 서구 백석동 블록,인천광역시 서구 한들로 73 (백석동),10100,28260,1000000000000002036462,검암역 로열파크씨티 푸르지오 2단지,,2023,1,1,0.0,0,1,0,0,unknown,0.667,0,0,0,0,1,low_data_completeness
1ea8a4f6402695bf,인천,인천광역시 계양구 효성동 2-8번지,인천광역시 계양구 새벌로 175 (효성동),10100,28245,106012076,,공동주택,2001,0,1,265.0,1,0,0,0,unknown,0.833,1,0,0,0,1,old_building
1ec4fcd5c348d22f,서울,서울특별시 강동구 명일동 15번지,서울특별시 강동구 고덕로 210 (명일동),10100,11740,1026138571,삼익그린맨션,아파트,2022,0,3,60.55,0,0,0,1,unknown,0.833,0,0,0,0,0,
1ed22f58586eea60,서울,서울특별시 광진구 중곡동 18-12번지,서울특별시 광진구 용마산로 156 (중곡동),10100,11215,10061100225208,월드하우스,,2022,1,1,0.0,0,1,0,0,unknown,0.667,0,0,0,0,1,low_data_completeness
1ed69e5aeb05c5cc,경기,경기도 김포시 북변동 200-16번지,경기도 김포시 봉화로 164-2 (북변동),10100,41570,1000000000000003596012,MU빌리지,,2024,1,1,0.0,0,1,0,0,unknown,0.667,0,0,0,0,1,low_data_completeness
1eea2ac10ffeaacc,인천,인천광역시 강화군 강화읍 신문리 205-5번지,인천광역시 강화군 강화대로 429 (강화읍 신문리),25021,28710,1062135877,중앙시장,,2022,1,1,0.0,0,1,0,0,unknown,0.667,0,0,1,0,1,basement_or_unknown_floor|low_data_completeness
1f0c48bda3e831e4,경기,경기도 고양시 일산서구 일산동 551-16번지,경기도 고양시 일산서구 고양대로 701-6 (일산동),10100,41287,11041100176589,대명아트빌,,2022,1,1,0.0,0,1,0,0,unknown,0.667,0,0,0,0,1,low_data_completeness
1f2c7ed150afbca3,서울,서울특별시 금천구 가산동 32-45번지,서울특별시 금천구 벚꽃로50길 11 (가산동),10100,11545,101919140,,다가구용단독주택,1991,0,1,88.0,1,0,0,0,unknown,0.833,1,0,0,0,1,old_building
1f30416166edf0a1,인천,인천광역시 남동구 남동구 720-7번지,인천광역시 남동구 109 (남동구),00000,28200,105811813,선광공업(주),기타공장,2002,0,1,31.16,1,0,1,0,unknown,0.833,1,1,0,0,1,old_building|non_residential_main_use
1f379f11dac5856c,경기,경기도 가평군 가평읍 읍내리 214번지,경기도 가평군 가평제방길 233 (가평읍 읍내리),25021,41820,1000000000000002714691,힐스테이트 가평 더뉴클래스,,2023,1,1,0.0,0,1,0,0,unknown,0.667,0,0,0,0,1,low_data_completeness
1f3b3236290692f1,경기,경기도 고양시 덕양구 주교동 272-1번지,경기도 고양시 덕양구 원당로59번길 94-7 (주교동),10100,41281,11041117535,윤창아파트,,2022,1,1,0.0,0,1,0,0,unknown,0.667,0,0,1,0,1,basement_or_unknown_floor|low_data_completeness
1f3eded4ad47f2f9,인천,인천광역시 중구 중앙동1가 15-2번지,인천광역시 중구 신포로23번길 98 (중앙동1가),10100,28110,1054115414,중앙파크빌,,2022,1,1,0.0,0,1,0,0,unknown,0.667,0,0,0,0,1,low_data_completeness
1f5eeb0b3b2e1d76,서울,서울특별시 강동구 명일동 47-7번지,서울특별시 강동구 동남로75길 5 (명일동),10100,11740,1026119035,명일이마트별관주차장,"전용주차장, 근린생활시설, 업무시설",1993,0,1,1789.9,1,0,0,0,unknown,0.833,1,1,0,0,1,old_building|non_residential_main_use
1f66b234a22bcd97,인천,인천광역시 남동구 구월동 3-73번지,인천광역시 남동구 당좌로35번길 6 (구월동),10100,28200,105816259,명안베스트빌,공동주택,2001,0,1,290.7,1,0,0,0,unknown,0.833,1,0,0,0,1,old_building
1f7580804f2c1902,인천,인천광역시 동구 만석동 5-20번지,인천광역시 동구 인중로 440 (만석동),10100,28140,1055112115,서해그린빌라,,2022,1,1,0.0,0,1,0,0,unknown,0.667,0,0,1,0,1,basement_or_unknown_floor|low_data_completeness
1f8e82bc65b0470f,서울,서울특별시 강남구 역삼동 755-1번지,서울특별시 강남구 역삼로 314 (역삼동),10100,11680,1024124627,개나리 푸르지오,,2022,1,1,0.0,0,1,0,0,unknown,0.667,0,0,0,0,1,low_data_completeness
1fb5b3da28e2f390,서울,서울특별시 광진구 중곡동 18-92번지,서울특별시 광진구 용마산로22길 11-21 (중곡동),10100,11215,10061100224060,,"제1종근린생활시설,공동주택(도시형생활주택 단지형다세대9세대)",2015,0,1,215.9,1,0,0,0,unknown,0.833,0,0,0,0,0,
1fbd678458eac44c,인천,인천광역시 강화군 강화읍 신문리 205-5번지,인천광역시 강화군 강화대로 429 (강화읍 신문리),25021,28710,1062135726,중앙시장,,2022,1,1,0.0,0,1,0,0,unknown,0.667,0,0,1,0,1,basement_or_unknown_floor|low_data_completeness
1fcdc1865883208e,인천,인천광역시 서구 백석동 58번지,인천광역시 서구 녹색숲로22번길 5 (백석동),10100,28260,10611100260061,,분뇨 및 쓰레기처리시설,2013,0,1,0.0,1,0,0,0,unknown,0.833,0,1,0,0,1,non_residential_main_use
1fd298951acda874,인천,인천광역시 남동구 구월동 3-8번지,인천광역시 남동구 석산로 230 (구월동),10100,28200,10581100314409,호진다온채,,2022,1,1,0.0,0,1,0,0,unknown,0.667,0,0,0,0,1,low_data_completeness
1fd36760a907c36f,경기,경기도 가평군 가평읍 읍내리 214번지,경기도 가평군 가평제방길 233 (가평읍 읍내리),25021,41820,1000000000000002714914,힐스테이트 가평 더뉴클래스,,2023,1,1,0.0,0,1,0,0,unknown,0.667,0,0,0,0,1,low_data_completeness
1fdb56d2ebace783,서울,서울특별시 강북구 미아동 3-10번지,서울특별시 강북구 오현로9길 19 (미아동),10100,11305,1010130830,,연립주택,2022,1,1,39.69,0,1,0,1,unknown,0.833,0,0,0,0,0,
20011566b9506cac,인천,인천광역시 부평구 부평동 10-195번지,인천광역시 부평구 길주남로 42 (부평동),10100,28237,1059112441,,"근린생활시설, 주택",1987,0,1,0.0,1,0,0,0,unknown,0.833,1,0,0,0,1,old_building
20192e9c44398973,인천,인천광역시 미추홀구 숭의동 1-10번지,인천광역시 미추홀구 경인로 150 (숭의동),10100,28177,10561100237779,한우리,,2022,1,1,0.0,0,1,0,0,unknown,0.667,0,0,0,0,1,low_data_completeness
201d7235b80498ec,서울,서울특별시 광진구 중곡동 18-8번지,서울특별시 광진구 용마산로26길 3-6 (중곡동),10100,11215,10061737,,단독주택,1988,0,2,402.38,1,0,1,0,unknown,0.833,1,0,0,0,1,old_building
20269cfb4a8e4642,서울,서울특별시 관악구 봉천동 1-470번지,서울특별시 관악구 청림5길 87-3 (봉천동),10100,11620,1022119222,,단독주택,1970,0,1,0.0,1,0,0,0,unknown,0.833,1,0,0,0,1,old_building
2026ccced577fcf4,인천,인천광역시 중구 중앙동3가 4-8번지,인천광역시 중구 홍예문로 7 (중앙동3가),10300,28110,1054115463,,,2022,1,1,0.0,0,1,0,0,unknown,0.667,0,0,0,0,1,low_data_completeness
204d79c22c25e56f,인천,인천광역시 부평구 부평동 10-66번지,인천광역시 부평구 장제로221번길 23 (부평동),10100,28237,10591100251181,다온그린빌,,2022,1,1,0.0,0,1,0,0,unknown,0.667,0,0,0,0,1,low_data_completeness
20718c559ee6fb9e,경기,경기도 고양시 덕양구 주교동 38-13번지,경기도 고양시 덕양구 원당로 112 (주교동),10100,41281,11041100458192,고양 엘림프라자,,2022,1,1,0.0,0,1,0,0,unknown,0.667,0,0,0,0,1,low_data_completeness
207f2dd2a76abfdc,인천,인천광역시 강화군 강화읍 신문리 1-3번지,인천광역시 강화군 강화대로 397 (강화읍 신문리),25021,28710,1062113139,십자의원,단란주점,1987,0,4,1996.87,1,0,1,0,unknown,0.833,1,1,0,0,1,old_building|non_residential_main_use
2080754463f33f77,경기,경기도 광주시 경안동 9번지,,10100,41610,1125117719,,단독주택,1926,0,1,63.2,1,0,1,0,unknown,0.833,1,0,0,0,1,old_building
2083161729b9eaae,경기,경기도 광주시 경안동 19-7번지,경기도 광주시 광주대로55번길 7-4 (경안동),10100,41610,1125171974,,,2022,1,1,0.0,0,1,0,0,unknown,0.667,0,0,1,0,1,basement_or_unknown_floor|low_data_completeness
209bef9677ee9e97,경기,경기도 고양시 일산서구 일산동 552-16번지,경기도 고양시 일산서구 고양대로 705-22 (일산동),10100,41287,11041237313,,제1종근린생활시설,2007,0,1,139.0,1,0,0,0,unknown,0.833,0,1,0,0,1,non_residential_main_use
20ae53653e259284,인천,인천광역시 남동구 구월동 3-1번지,인천광역시 남동구 석산로 232 (구월동),10100,28200,105811819,,사무소,1990,0,2,197.34,1,0,1,0,unknown,0.833,1,1,0,0,1,old_building|non_residential_main_use
20afa1c8a6ac52de,서울,서울특별시 강서구 염창동 88-1번지,서울특별시 강서구 양천로71길 49-10 (염창동),10100,11500,101716531,,단독주택,1988,0,1,142.0,1,0,0,0,unknown,0.833,1,0,0,0,1,old_building
20b48ae4d8cc2df7,서울,서울특별시 구로구 신도림동 271-25번지,서울특별시 구로구 신도림로19길 144 (신도림동),10100,11530,10181100189242,신도림삼성쉐르빌 1,,2022,1,1,0.0,0,1,0,0,unknown,0.667,0,0,0,0,1,low_data_completeness
20b4b6ed5164d05f,인천,인천광역시 중구 중앙동3가 4-8번지,인천광역시 중구 홍예문로 7 (중앙동3가),10300,28110,1054115548,,,2022,1,1,0.0,0,1,0,0,unknown,0.667,0,0,0,0,1,low_data_completeness
20d1d18b88f48b12,서울,서울특별시 금천구 가산동 7-20번지,서울특별시 금천구 벚꽃로 338-9 (가산동),10100,11545,101915644,,다가구용단독주택,1994,0,1,65.7,1,0,0,0,unknown,0.833,1,0,0,0,1,old_building
20d4ef27b0a57863,인천,인천광역시 연수구 옥련동 118-3번지,인천광역시 연수구 비류대로144번길 23-2 (옥련동),10100,28185,105711725,,다세대주택,1991,0,1,0.0,1,0,0,0,unknown,0.833,1,0,0,0,1,old_building
20dc8d7b33ccf90b,서울,서울특별시 강서구 공항동 2-85번지,서울특별시 강서구 방화대로23길 29 (공항동),10800,11500,1017190296,,다세대주택,2022,0,1,82.09,0,0,0,1,unknown,0.833,0,0,0,0,0,
20dddbbbc569ffa4,경기,경기도 고양시 일산서구 일산동 524-16번지,경기도 고양시 일산서구 일중로 17 (일산동),10100,41287,11041325917,포오스프라자,,2022,1,1,0.0,0,1,0,0,unknown,0.667,0,0,0,0,1,low_data_completeness
20fb62473d3272a6,서울,서울특별시 구로구 신도림동 271-25번지,서울특별시 구로구 신도림로19길 144 (신도림동),10100,11530,10181100189315,신도림삼성쉐르빌 1,,2022,1,1,0.0,0,1,0,0,unknown,0.667,0,0,0,0,1,low_data_completeness
211094a68136833d,경기,경기도 가평군 가평읍 읍내리 214번지,경기도 가평군 가평제방길 233 (가평읍 읍내리),25021,41820,1000000000000002714790,힐스테이트 가평 더뉴클래스,,2023,1,1,0.0,0,1,0,0,unknown,0.667,0,0,0,0,1,low_data_completeness
2119520aec9cf4c7,서울,서울특별시 구로구 신도림동 271-25번지,서울특별시 구로구 신도림로19길 144 (신도림동),10100,11530,10181100189323,신도림삼성쉐르빌 1,,2022,1,1,0.0,0,1,0,0,unknown,0.667,0,0,0,0,1,low_data_completeness
2119d3ecff9637e2,경기,경기도 고양시 일산동구 식사동 231-1번지,경기도 고양시 일산동구 견달산로210번길 47-5 (식사동),10100,41285,11041100324901,드림팰리스,,2022,1,1,0.0,0,1,0,0,unknown,0.667,0,0,0,0,1,low_data_completeness
212863c8d8d7e274,서울,서울특별시 강북구 미아동 3-97번지,서울특별시 강북구 오현로 42 (미아동),10100,11305,1010130895,,,2022,1,1,0.0,0,1,0,0,unknown,0.667,0,0,0,0,1,low_data_completeness
2128b2bf4fa49422,경기,경기도 고양시 덕양구 주교동 196번지,경기도 고양시 덕양구 고양대로 1302 (주교동),10100,41281,11041100176164,,단독주택,2008,0,1,330.0,1,0,0,0,unknown,0.833,0,0,0,0,0,
2129ffcd1e8e28ee,인천,인천광역시 연수구 옥련동 118-3번지,인천광역시 연수구 비류대로144번길 23-2 (옥련동),10100,28185,105718282,,,2022,1,1,0.0,0,1,0,0,unknown,0.667,0,0,1,0,1,basement_or_unknown_floor|low_data_completeness
213ddba78c3f82a8,인천,인천광역시 계양구 효성동 21-11번지,인천광역시 계양구 길마로 80 (효성동),10100,28245,106012095,현대아파트,"판매시설, 근린생활시설",1991,0,1,0.0,1,0,0,0,unknown,0.833,1,1,0,0,1,old_building|non_residential_main_use
2147b18f920a90ad,서울,서울특별시 광진구 중곡동 18-3번지,서울특별시 광진구 용마산로28길 6 (중곡동),10100,11215,10061100205911,,,2022,1,1,0.0,0,1,0,0,unknown,0.667,0,0,0,0,1,low_data_completeness
2153a79aaaed019a,서울,서울특별시 관악구 봉천동 1-618번지,서울특별시 관악구 청림3다길 17 (봉천동),10100,11620,1022178540,,,2022,1,1,0.0,0,1,0,0,unknown,0.667,0,0,0,0,1,low_data_completeness
2171ecb8feb8c206,경기,경기도 고양시 일산서구 일산동 524-16번지,경기도 고양시 일산서구 일중로 17 (일산동),10100,41287,11041325946,포오스프라자,,2022,1,1,0.0,0,1,0,0,unknown,0.667,0,0,0,0,1,low_data_completeness
217cf7ab66cfa7df,서울,서울특별시 광진구 중곡동 18-18번지,서울특별시 광진구 용마산로26길 21 (중곡동),10100,11215,10061742,,다가구용단독주택(5가구),1996,0,1,161.3,1,0,0,0,unknown,0.833,1,0,0,0,1,old_building
21884d66f6754315,서울,서울특별시 노원구 월계동 12번지,서울특별시 노원구 마들로 127 (월계동),10200,11350,10121182536,,,2022,1,1,0.0,0,1,0,0,unknown,0.667,0,0,0,0,1,low_data_completeness
2190d4aabc2ae03b,경기,경기도 고양시 일산동구 식사동 13-8번지,,10100,41285,11041100436776,저장고(탄39),교정및군사시설,1973,0,1,652295.0,1,0,0,0,unknown,0.833,1,1,0,0,1,old_building|non_residential_main_use
21b17f310b77d0e8,경기,경기도 고양시 덕양구 주교동 115번지,,10100,41281,110411539,,단독주택,2022,0,1,32.25,1,0,1,0,unknown,0.833,0,0,0,0,0,
21c53fbac81cf959,인천,인천광역시 남동구 구월동 3-26번지,인천광역시 남동구 석산로228번길 29 (구월동),10100,28200,10581100331193,삼성주택,단지형다세대주택,2020,0,1,574.3,1,0,0,0,unknown,0.833,0,0,0,0,0,
21cb6705a2a0a76b,인천,인천광역시 연수구 옥련동 118-16번지,인천광역시 연수구 한진로72번길 30 (옥련동),10100,28185,105718318,,,2022,1,1,0.0,0,1,0,0,unknown,0.667,0,0,1,0,1,basement_or_unknown_floor|low_data_completeness
21dd4375e85470e7,경기,경기도 고양시 일산동구 식사동 236-4번지,경기도 고양시 일산동구 견달산로210번길 45-15 (식사동),10100,41285,11041100226831,루미나리,,2022,1,1,0.0,0,1,0,0,unknown,0.667,0,0,0,0,1,low_data_completeness
21ddaf536c6d3a14,경기,경기도 과천시 문원동 15-7번지,경기도 과천시 공원마을1길 41 (문원동),10200,41290,11081163,,단독주택(다가구주택),2003,0,1,248.0,1,0,0,0,unknown,0.833,1,0,0,0,1,old_building
21df006a0ba244e8,인천,인천광역시 연수구 옥련동 116-22번지,인천광역시 연수구 비류대로150번길 6 (옥련동),10100,28185,10571618,,주택,1985,0,1,192.0,1,0,0,0,unknown,0.833,1,0,0,0,1,old_building
21f055892414f8e5,경기,경기도 광주시 경안동 9-5번지,,10100,41610,1125113727,,단독주택,1917,0,1,58.31,1,0,1,0,unknown,0.833,1,0,0,0,1,old_building
21ff28fe5a5e1f52,서울,서울특별시 강서구 방화동 128-3번지,서울특별시 강서구 방화대로52가길 32 (방화동),10900,11500,10171128601,,다세대주택,2022,0,3,81.34,0,0,0,1,unknown,0.833,0,0,1,0,1,basement_or_unknown_floor
220618f0a556b8ea,경기,경기도 가평군 가평읍 읍내리 97-2번지,경기도 가평군 잎너비길 17-70 (가평읍 읍내리),25021,41820,113011996,,단독주택,2004,0,1,729.27,1,0,1,0,unknown,0.833,1,0,0,0,1,old_building
22064a22b16cc42e,인천,인천광역시 남동구 구월동 3-8번지,인천광역시 남동구 석산로 230 (구월동),10100,28200,10581100314407,호진다온채,,2022,1,1,0.0,0,1,0,0,unknown,0.667,0,0,0,0,1,low_data_completeness
2210b3ed92d2a21f,인천,인천광역시 강화군 강화읍 신문리 13-1번지,인천광역시 강화군 남문로 70 (강화읍 신문리),25021,28710,10621100201050,,제2종근린생활시설,2014,0,1,1391.0,1,0,0,0,unknown,0.833,0,1,0,0,1,non_residential_main_use
221375ae8b21d5fe,인천,인천광역시 옹진군 북도면 모도리 267-1번지,인천광역시 옹진군 모도로140번길 19-16 (북도면 모도리),31023,28720,1000000000000001872418,모도파라다이스,,2023,1,1,0.0,0,1,0,0,unknown,0.667,0,0,0,0,1,low_data_completeness
22144d43d513150f,서울,서울특별시 금천구 가산동 32-25번지,서울특별시 금천구 벚꽃로56길 32 (가산동),10100,11545,101912298,,주택,1970,0,1,0.0,1,0,0,0,unknown,0.833,1,0,0,0,1,old_building
222345e4ae32c9d0,인천,인천광역시 계양구 효성동 1-30번지,인천광역시 계양구 길마로 98 (효성동),10100,28245,1060113267,삼성하이츠맨션,,2023,1,1,0.0,0,1,0,0,unknown,0.667,0,0,0,0,1,low_data_completeness
222427765c73b8fd,경기,경기도 가평군 가평읍 읍내리 102-14번지,경기도 가평군 잎너비길 35-75 (가평읍 읍내리),25021,41820,11301100249213,,단독주택,2018,0,1,0.0,1,0,0,0,unknown,0.833,0,0,0,0,0,
22249498a3ffc5d0,서울,서울특별시 광진구 중곡동 18-23번지,서울특별시 광진구 용마산로 138 (중곡동),10100,11215,1006127433,,,2022,1,1,0.0,0,1,0,0,unknown,0.667,0,0,0,0,1,low_data_completeness
222c632b57429097,인천,인천광역시 동구 만석동 5-20번지,인천광역시 동구 인중로 440 (만석동),10100,28140,1055112117,서해그린빌라,,2022,1,1,0.0,0,1,0,0,unknown,0.667,0,0,1,0,1,basement_or_unknown_floor|low_data_completeness
223543f8d26fafca,서울,서울특별시 강동구 명일동 44번지,서울특별시 강동구 고덕로 240 (명일동),10100,11740,102611176,신동아아파트,아파트,1986,0,1,0.0,1,0,0,0,unknown,0.833,1,0,0,0,1,old_building
2240b76f2d2ed38e,서울,서울특별시 도봉구 쌍문동 21-13번지,서울특별시 도봉구 도봉로133길 40-5 (쌍문동),10500,11320,10111100217954,금옥드림하우스,다세대주택,2019,0,1,224.0,1,0,0,0,unknown,0.833,0,0,0,0,0,
22474d44ea5cc216,서울,서울특별시 노원구 월계동 12번지,서울특별시 노원구 마들로 127 (월계동),10200,11350,10121170253,,,2022,1,1,0.0,0,1,0,0,unknown,0.667,0,0,0,0,1,low_data_completeness
224993214ba9d291,경기,경기도 광명시 광명동 24-56번지,경기도 광명시 광삼로13번길 27 (광명동),10100,41210,1098117405,,,2022,1,1,0.0,0,1,0,0,unknown,0.667,0,0,1,0,1,basement_or_unknown_floor|low_data_completeness
224f6a7e260890e4,경기,경기도 김포시 북변동 200-6번지,경기도 김포시 봉화로 164-4 (북변동),10100,41570,1000000000000002665913,MU빌리지,,2023,1,1,0.0,0,1,0,0,unknown,0.667,0,0,0,0,1,low_data_completeness
226758b9e0eab9cf,인천,인천광역시 부평구 부평동 10-114번지,인천광역시 부평구 길주남로89번길 9 (부평동),10100,28237,1059134997,,다가구주택,1989,0,1,1.0,1,0,1,0,unknown,0.833,1,0,0,0,1,old_building
2274b19e681e37d3,서울,서울특별시 강서구 염창동 53-2번지,,10100,11500,1017118689,,창고,1978,0,1,401.33,1,0,1,0,unknown,0.833,1,1,0,0,1,old_building|non_residential_main_use
227ef5d0a56807a1,경기,경기도 고양시 덕양구 주교동 271번지,,10100,41281,1104110427,,주택,2022,0,1,0.0,1,0,0,0,unknown,0.833,0,0,0,0,0,
22bef7e885c9c50d,경기,경기도 광주시 경안동 8-26번지,경기도 광주시 광주대로71번길 4 (경안동),10100,41610,1125121673,(특정건축물처리),단독주택,1983,0,1,49.14,1,0,1,0,unknown,0.833,1,0,0,0,1,old_building
22c6982875f0f528,경기,경기도 광명시 광명동 24-23번지,경기도 광명시 광삼로13번길 28-8 (광명동),10100,41210,10981729,,다가구주택,1995,0,2,225.42,1,0,1,0,unknown,0.833,1,0,0,0,1,old_building
22e525ab6e89047a,인천,인천광역시 옹진군 북도면 시도리 204번지,인천광역시 옹진군 시도로104번길 56 (북도면 시도리),31021,28720,10631589,,단독주택,2022,0,1,478.0,1,0,0,0,unknown,0.833,0,0,0,0,0,
22f5bda5c618bdab,서울,서울특별시 강서구 염창동 96-21번지,서울특별시 강서구 양천로73길 73 (염창동),10100,11500,1017115961,다세대주택,다세대주택,1993,0,1,318.6,1,0,0,0,unknown,0.833,1,0,0,0,1,old_building
230b7a5c9005bb62,경기,경기도 구리시 갈매동 142-47번지,경기도 구리시 금강로 96 (갈매동),10100,41310,11091100183184,,제2종근린생활시설,2014,0,1,330.0,1,0,0,0,unknown,0.833,0,1,0,0,1,non_residential_main_use
230e08b8cc14d0f7,서울,서울특별시 관악구 봉천동,,10100,11620,1022133575,4-1구역17-2 아름빌딩,소매점,2001,0,5,780.03,1,0,1,0,unknown,0.833,1,1,0,0,1,old_building|non_residential_main_use
2310888a5d387445,인천,인천광역시 연수구 옥련동 42번지,,10100,28185,10571465,,단독주택,2022,0,1,46.28,1,0,1,0,unknown,0.833,0,0,0,0,0,
231fbb2b506ec42f,경기,경기도 가평군 가평읍 읍내리 214번지,경기도 가평군 가평제방길 233 (가평읍 읍내리),25021,41820,1000000000000002714944,힐스테이트 가평 더뉴클래스,,2023,1,1,0.0,0,1,0,0,unknown,0.667,0,0,0,0,1,low_data_completeness
23334beb67f68cfd,경기,경기도 과천시 문원동 15-54번지,경기도 과천시 공원마을6길 27 (문원동),10200,41290,11081100186675,,,2022,1,1,0.0,0,1,0,0,unknown,0.667,0,0,0,0,1,low_data_completeness
23398162b141cfd8,서울,서울특별시 구로구 신도림동 271-25번지,서울특별시 구로구 신도림로19길 144 (신도림동),10100,11530,10181100189335,신도림삼성쉐르빌 1,,2022,1,1,0.0,0,1,0,0,unknown,0.667,0,0,0,0,1,low_data_completeness
233c13cfc20ff8a9,경기,경기도 고양시 덕양구 주교동 213-10번지,경기도 고양시 덕양구 원당로33번길 65 (주교동),10100,41281,1104119972,,제2종근린생활시설,2004,0,1,330.0,1,0,0,0,unknown,0.833,1,1,0,0,1,old_building|non_residential_main_use
233ea77b678bb775,경기,경기도 고양시 덕양구 주교동 272-1번지,경기도 고양시 덕양구 원당로59번길 94-7 (주교동),10100,41281,11041117520,윤창아파트,,2022,1,1,0.0,0,1,0,0,unknown,0.667,0,0,1,0,1,basement_or_unknown_floor|low_data_completeness
235f23306f618f80,서울,서울특별시 도봉구 쌍문동 21-5번지,서울특별시 도봉구 도봉로133길 50 (쌍문동),10500,11320,10111563,창동교회,종교시설,1998,0,1,0.0,1,0,0,0,unknown,0.833,1,1,1,0,1,old_building|non_residential_main_use|basement_or_unknown_floor
236cd5142cef077b,경기,경기도 고양시 일산서구 일산동 540-6번지,,10100,41287,11041237137,,"창고,주택",2022,0,1,0.0,1,0,0,0,unknown,0.833,0,0,0,0,0,
237363543e5e589f,서울,서울특별시 관악구 봉천동 1-65번지,서울특별시 관악구 청림3다길 9 (봉천동),10100,11620,102215324,,다가구주택,2002,0,3,265.8,1,0,1,0,unknown,0.833,1,0,0,0,1,old_building
2386d33e8ab4aba4,서울,서울특별시 강동구 명일동 15번지,서울특별시 강동구 고덕로 210 (명일동),10100,11740,1026138498,삼익그린맨션,,2022,1,1,0.0,0,1,0,0,unknown,0.667,0,0,0,0,1,low_data_completeness
2388af8b6cf17d4d,서울,서울특별시 강서구 염창동 57번지,서울특별시 강서구 양천로67길 50-33 (염창동),10100,11500,1017171449,지오빌,아파트,2022,1,2,100.46,0,1,0,1,unknown,0.833,0,0,1,0,1,basement_or_unknown_floor
23a00a930a861b08,서울,서울특별시 강서구 염창동 65번지,서울특별시 강서구 양천로67길 71-3 (염창동),10100,11500,10171100318515,진영리버타운,,2022,1,1,0.0,0,1,0,0,unknown,0.667,0,0,0,0,1,low_data_completeness
23a86471df0987f2,경기,경기도 고양시 일산서구 일산동 524-8번지,경기도 고양시 일산서구 일중로 9 (일산동),10100,41287,1000000000000003934627,,일반음식점,2024,0,3,4799.82,1,0,1,0,unknown,0.833,0,1,0,0,1,non_residential_main_use
23bd3a7f77fc1ddf,인천,인천광역시 남동구 구월동 3-18번지,인천광역시 남동구 석산로228번길 17-8 (구월동),10100,28200,105816253,,다세대주택,1991,0,3,262.56,1,0,1,0,unknown,0.833,1,0,0,0,1,old_building
23eccaea5fdb1266,경기,경기도 구리시 갈매동 136-12번지,경기도 구리시 갈매순환로 229 (갈매동),10100,41310,11091256,,소매점,2007,0,1,133.14,1,0,1,0,unknown,0.833,0,1,0,0,1,non_residential_main_use
2411b8e709d7dd3b,서울,서울특별시 강북구 미아동 3-218번지,서울특별시 강북구 도봉로18다길 21-16 (미아동),10100,11305,10101888,,단독주택,1997,0,1,182.0,1,0,0,0,unknown,0.833,1,0,0,0,1,old_building
241764feb8cb665b,인천,인천광역시 남동구 구월동 3-26번지,인천광역시 남동구 당좌로35번길 8-1 (구월동),10100,28200,10581100331207,삼성주택,,2022,1,1,0.0,0,1,0,0,unknown,0.667,0,0,0,0,1,low_data_completeness
24195df8b57960a4,인천,인천광역시 강화군 강화읍 신문리 24번지,인천광역시 강화군 신문길 7 (강화읍 신문리),25021,28710,1062128497,,주택,1935,0,1,0.0,1,0,0,0,unknown,0.833,1,0,0,0,1,old_building
241b33ae421a1c16,인천,인천광역시 동구 만석동 1-89번지,인천광역시 동구 보세로26번길 23 (만석동),10100,28140,10551203,99동,공장,1994,0,1,1285.0,1,0,0,0,unknown,0.833,1,1,0,0,1,old_building|non_residential_main_use
241c55bb9ee45ef3,인천,인천광역시 미추홀구 숭의동 1-10번지,인천광역시 미추홀구 경인로 150 (숭의동),10100,28177,10561100237772,한우리,,2022,1,1,0.0,0,1,0,0,unknown,0.667,0,0,0,0,1,low_data_completeness
242a3c9d9000dbe7,인천,인천광역시 강화군 강화읍 신문리 205-5번지,인천광역시 강화군 강화대로 429 (강화읍 신문리),25021,28710,1062135827,중앙시장,,2022,1,1,0.0,0,1,0,0,unknown,0.667,0,0,1,0,1,basement_or_unknown_floor|low_data_completeness
2450d8a11d18971c,서울,서울특별시 강남구 역삼동 601-23번지,서울특별시 강남구 봉은사로4길 9 (역삼동),10100,11680,10241119676,,다세대주택,2022,0,2,35.17,0,0,0,1,unknown,0.833,0,0,1,0,1,basement_or_unknown_floor
245341fe97348952,인천,인천광역시 연수구 옥련동 81-19번지,인천광역시 연수구 독배로 109 (옥련동),10100,28185,105711718,,다세대주택,2002,0,4,896.96,1,0,1,0,unknown,0.833,1,0,0,0,1,old_building
24570893f57cce86,인천,인천광역시 강화군 강화읍 신문리 2-43번지,인천광역시 강화군 강화대로403번길 4 (강화읍 신문리),25021,28710,106217690,,제2종근린생활시설,2001,0,1,0.0,1,0,0,0,unknown,0.833,1,1,0,0,1,old_building|non_residential_main_use
24582dd7143a328e,서울,서울특별시 강북구 미아동 3-74번지,서울특별시 강북구 오패산로30길 71 (미아동),10100,11305,10101789,,단독주택,1969,0,1,0.0,1,0,0,0,unknown,0.833,1,0,0,0,1,old_building
246a4a37cb1a35aa,서울,서울특별시 금천구 가산동 29-10번지,서울특별시 금천구 벚꽃로46다길 12 (가산동),10100,11545,1019117161,,기숙사,1992,0,1,217.0,1,0,0,0,unknown,0.833,1,1,0,0,1,old_building|non_residential_main_use
2471e8fb508702f6,서울,서울특별시 강동구 명일동 15번지,서울특별시 강동구 고덕로 210 (명일동),10100,11740,1026138780,삼익그린맨션,,2022,1,1,0.0,0,1,0,0,unknown,0.667,0,0,0,0,1,low_data_completeness
248c54376f5cb995,서울,서울특별시 도봉구 쌍문동 11-5번지,서울특별시 도봉구 도봉로139길 102 (쌍문동),10500,11320,1011117030,선우아파트,,2022,1,1,0.0,0,1,0,0,unknown,0.667,0,0,0,0,1,low_data_completeness
2498030335bded7e,인천,인천광역시 연수구 옥련동 116-63번지,인천광역시 연수구 청량로239번길 24 (옥련동),10100,28185,10571652,,주택,1985,0,1,0.0,1,0,0,0,unknown,0.833,1,0,0,0,1,old_building
249bdd62ca7f8044,인천,인천광역시 부평구 부평동 10-228번지,인천광역시 부평구 길주남로 112-19 (부평동),10100,28237,10591142149,,,2022,1,1,0.0,0,1,0,0,unknown,0.667,0,0,0,0,1,low_data_completeness
24bdd02dd4f88628,서울,서울특별시 강동구 명일동 15번지,서울특별시 강동구 고덕로 210 (명일동),10100,11740,1026139058,삼익그린맨션,,2022,1,1,0.0,0,1,0,0,unknown,0.667,0,0,0,0,1,low_data_completeness
24c07afbc77e73cb,서울,서울특별시 광진구 중곡동 18-3번지,서울특별시 광진구 용마산로28길 6 (중곡동),10100,11215,10061100205914,,,2022,1,1,0.0,0,1,0,0,unknown,0.667,0,0,0,0,1,low_data_completeness
24c4bab792a7b08a,경기,경기도 고양시 일산서구 일산동 551-16번지,경기도 고양시 일산서구 고양대로 701-6 (일산동),10100,41287,11041100176588,대명아트빌,,2022,1,1,0.0,0,1,0,0,unknown,0.667,0,0,0,0,1,low_data_completeness
24dc09c4475724f7,인천,인천광역시 동구 만석동 1-52번지,인천광역시 동구 보세로26번길 24-50 (만석동),10100,28140,10551100186185,해양조선,공장,2019,0,1,2344.2,1,0,0,0,unknown,0.833,0,1,0,0,1,non_residential_main_use
24fb7838094110d0,서울,서울특별시 관악구 봉천동 1-498번지,서울특별시 관악구 청림3길 38 (봉천동),10100,11620,1022119165,,단독주택,1970,0,1,0.0,1,0,0,0,unknown,0.833,1,0,0,0,1,old_building
24fe1143ca017e5d,서울,서울특별시 관악구 봉천동 1-85번지,서울특별시 관악구 청림3길 37 (봉천동),10100,11620,1022124461,도담어린이집,어린이집,2002,0,3,1292.44,1,0,1,0,unknown,0.833,1,1,0,0,1,old_building|non_residential_main_use
24fe2a63f4018728,경기,경기도 고양시 일산동구 식사동 236-4번지,경기도 고양시 일산동구 견달산로210번길 45-15 (식사동),10100,41285,11041100226825,루미나리,,2022,1,1,0.0,0,1,0,0,unknown,0.667,0,0,0,0,1,low_data_completeness
2507f8d72291c126,서울,서울특별시 강남구 역삼동 601-10번지,서울특별시 강남구 봉은사로4길 10 (역삼동),10100,11680,1024112301,,근린생활시설,1989,0,1,361.3,1,0,0,0,unknown,0.833,1,1,0,0,1,old_building|non_residential_main_use
25124ef64fb35bd1,서울,서울특별시 광진구 중곡동 18-4번지,서울특별시 광진구 용마산로28길 8 (중곡동),10100,11215,10061100230895,,,2022,1,1,0.0,0,1,0,0,unknown,0.667,0,0,0,0,1,low_data_completeness
2514b47e38c0875e,서울,서울특별시 관악구 봉천동 1-1116번지,서울특별시 관악구 청림3길 84 (봉천동),10100,11620,1022191847,,,2022,1,1,0.0,0,1,0,0,unknown,0.667,0,0,0,0,1,low_data_completeness
251a9b4c08e103f9,서울,서울특별시 광진구 중곡동 18-23번지,서울특별시 광진구 용마산로 138 (중곡동),10100,11215,1006127448,,,2022,1,1,0.0,0,1,0,0,unknown,0.667,0,0,0,0,1,low_data_completeness
2521f4e0b4df20ee,서울,서울특별시 관악구 봉천동 1-69번지,서울특별시 관악구 청림3길 49 (봉천동),10100,11620,1022188545,,,2022,1,1,0.0,0,1,0,0,unknown,0.667,0,0,0,0,1,low_data_completeness
252c5c5538b141d6,서울,서울특별시 구로구 신도림동 271-25번지,서울특별시 구로구 신도림로19길 144 (신도림동),10100,11530,10181100189158,신도림삼성쉐르빌 1,,2022,1,1,0.0,0,1,0,0,unknown,0.667,0,0,0,0,1,low_data_completeness
2545567cfe0f177a,경기,경기도 과천시 문원동 15-16번지,경기도 과천시 공원마을2길 39 (문원동),10200,41290,11081171,,"단독주택,다가구주택",2003,0,1,242.0,1,0,0,0,unknown,0.833,1,0,0,0,1,old_building
254fdff15fdc2dd8,인천,인천광역시 미추홀구 숭의동 1-10번지,인천광역시 미추홀구 경인로 150 (숭의동),10100,28177,10561100237783,한우리,,2022,1,1,0.0,0,1,0,0,unknown,0.667,0,0,0,0,1,low_data_completeness
2554c3f03bbba5c9,인천,인천광역시 남동구 구월동 2번지,,10100,28200,105811817,,단독주택,1974,0,1,56.85,1,0,1,0,unknown,0.833,1,0,0,0,1,old_building
255730a28d8587b6,인천,인천광역시 미추홀구 숭의동 1-10번지,인천광역시 미추홀구 경인로 150 (숭의동),10100,28177,10561100237773,한우리,,2022,1,1,0.0,0,1,0,0,unknown,0.667,0,0,0,0,1,low_data_completeness
2558595551048525,서울,서울특별시 금천구 가산동 7-17번지,서울특별시 금천구 벚꽃로 338 (가산동),10100,11545,101916126,,다가구주택(8가구),2006,0,1,109.7,1,0,0,0,unknown,0.833,0,0,0,0,0,
255a7039db757242,인천,인천광역시 부평구 부평동 10-241번지,인천광역시 부평구 장제로205번길 46 (부평동),10100,28237,1059125869,성지그린빌,다세대주택,2001,0,1,164.0,1,0,0,0,unknown,0.833,1,0,0,0,1,old_building
25611b6c4ad9147e,인천,인천광역시 옹진군 북도면 모도리 267-1번지,인천광역시 옹진군 모도로140번길 19-16 (북도면 모도리),31023,28720,1000000000000001872425,모도파라다이스,,2023,1,1,0.0,0,1,0,0,unknown,0.667,0,0,0,0,1,low_data_completeness
2561590ac4fe4037,서울,서울특별시 구로구 신도림동 281-96번지,서울특별시 구로구 구로중앙로42길 128-14 (신도림동),10100,11530,1018110129,,근린생활시설,1996,0,1,97.0,1,0,0,0,unknown,0.833,1,1,0,0,1,old_building|non_residential_main_use
2561f3998ef01c65,인천,인천광역시 계양구 효성동 8-20번지,인천광역시 계양구 새벌로171번길 5 (효성동),10100,28245,106012088,대경넥스텔,"공동주택, 근린생활시설",2002,0,1,279.0,1,0,0,0,unknown,0.833,1,0,0,0,1,old_building
256556cf853748ba,경기,경기도 가평군 가평읍 읍내리 214번지,경기도 가평군 가평제방길 233 (가평읍 읍내리),25021,41820,1000000000000002714454,힐스테이트 가평 더뉴클래스,,2023,1,1,0.0,0,1,0,0,unknown,0.667,0,0,0,0,1,low_data_completeness
2568e391690d435d,경기,경기도 과천시 문원동 15-4번지,경기도 과천시 공원마을1길 41-1 (문원동),10200,41290,11081160,가동,제2종근린생활시설 및 단독주택(다가구주택-3가구),2002,0,1,248.0,1,0,0,0,unknown,0.833,1,0,0,0,1,old_building
257b26afce3be5c9,서울,서울특별시 노원구 월계동 18번지,서울특별시 노원구 마들로 31 (월계동),10200,11350,101213204,그랑빌아파트,"지하주차장,기계실,전기실,대피소",2002,0,1,0.0,1,0,0,0,unknown,0.833,1,1,1,0,1,old_building|non_residential_main_use|basement_or_unknown_floor
258897751b816d8d,경기,경기도 고양시 일산동구 식사동 231-1번지,경기도 고양시 일산동구 견달산로210번길 47-5 (식사동),10100,41285,11041100324890,드림팰리스,,2022,1,1,0.0,0,1,0,0,unknown,0.667,0,0,0,0,1,low_data_completeness
25b892b427635a29,경기,경기도 고양시 덕양구 주교동 197-5번지,경기도 고양시 덕양구 고양대로 1306 (주교동),10100,41281,110418321,,제2종근린생활시설,1995,0,1,327.0,1,0,0,0,unknown,0.833,1,1,0,0,1,old_building|non_residential_main_use
25bab6ab31d1623d,인천,인천광역시 서구 백석동 블록,인천광역시 서구 한들로 33 (백석동),10100,28260,1000000000000002032438,검암역 로열파크씨티 푸르지오 1단지,,2023,1,1,0.0,0,1,0,0,unknown,0.667,0,0,0,0,1,low_data_completeness
25c33b70ca2d8d0a,서울,서울특별시 강남구 역삼동 755-1번지,서울특별시 강남구 역삼로 314 (역삼동),10100,11680,1024124535,개나리 푸르지오,,2022,1,1,0.0,0,1,0,0,unknown,0.667,0,0,0,0,1,low_data_completeness
25c551f2cc8e1d86,서울,서울특별시 강남구 역삼동 601-23번지,서울특별시 강남구 봉은사로4길 9 (역삼동),10100,11680,10241119674,,다세대주택,2022,0,2,47.79,0,0,0,1,unknown,0.833,0,0,1,0,1,basement_or_unknown_floor
25ecd482ab538840,경기,경기도 고양시 덕양구 주교동 273-1번지,경기도 고양시 덕양구 원당로59번길 120 (주교동),10100,41281,11041103853,예중파크뷰아파트,,2022,1,1,0.0,0,1,0,0,unknown,0.667,0,0,0,0,1,low_data_completeness
25efbbeece8fe9d6,경기,경기도 군포시 당동 14-1번지,경기도 군포시 공단로 149 (당동),10100,41410,111319585,아이밸리 군포,,2022,1,1,0.0,0,1,0,0,unknown,0.667,0,0,1,0,1,basement_or_unknown_floor|low_data_completeness
260488e946b2b00f,인천,인천광역시 동구 만석동 1-35번지,인천광역시 동구 만석부두로7번길 15-11 (만석동),10100,28140,10551100177421,,일반공장,2010,0,2,1375.6,1,0,1,0,unknown,0.833,0,1,0,0,1,non_residential_main_use
2606502339ee501d,경기,경기도 고양시 일산서구 일산동 548-3번지,경기도 고양시 일산서구 일중로 37 (일산동),10100,41287,11041238384,,근린생활시설,2022,0,1,0.0,1,0,0,0,unknown,0.833,0,1,0,0,1,non_residential_main_use
260b8f0e7ba29fef,서울,서울특별시 도봉구 쌍문동 19-2번지,서울특별시 도봉구 도당로2길 7 (쌍문동),10500,11320,10111100197683,,제2종근린생활시설,2014,0,1,172.0,1,0,0,0,unknown,0.833,0,1,0,0,1,non_residential_main_use
2617a19c4132219e,인천,인천광역시 부평구 부평동 10-233번지,인천광역시 부평구 주부토로100번길 20 (부평동),10100,28237,10591100263630,스마트빌,,2022,1,1,0.0,0,1,0,0,unknown,0.667,0,0,0,0,1,low_data_completeness
2627ba37209efb29,경기,경기도 군포시 당동 173-1번지,경기도 군포시 공단로 37 (당동),10100,41410,11131595,,공장,1997,0,1,1607.0,1,0,0,0,unknown,0.833,1,1,0,0,1,old_building|non_residential_main_use
262fc3ac7636a638,경기,경기도 김포시 북변동 167-6번지,경기도 김포시 중봉로115번길 42-27 (북변동),10100,41570,11231100518051,,"제1,2종근린생활시설",2022,0,1,532.0,1,0,0,0,unknown,0.833,0,1,0,0,1,non_residential_main_use
263aad7f1dfeece1,서울,서울특별시 관악구 봉천동 1-469번지,서울특별시 관악구 청림5길 81 (봉천동),10100,11620,102217381,,단독주택,1987,0,1,0.0,1,0,0,0,unknown,0.833,1,0,0,0,1,old_building
263beef5107a18c7,인천,인천광역시 부평구 부평동 10-228번지,인천광역시 부평구 길주남로 112-19 (부평동),10100,28237,10591142141,,,2022,1,1,0.0,0,1,0,0,unknown,0.667,0,0,0,0,1,low_data_completeness
263fb8ef3780008f,경기,경기도 고양시 일산동구 식사동 210-1번지,경기도 고양시 일산동구 사리현로 24-75 (식사동),10100,41285,11041204934,,,2022,1,1,0.0,0,1,0,0,unknown,0.667,0,0,0,0,1,low_data_completeness
26467322f7185e7e,경기,경기도 군포시 당동 44-8번지,경기도 군포시 공단로 117 (당동),10100,41410,11131100215400,화인파워렉스빌딩,물품 제조공장,2019,0,6,4452.1,1,0,1,0,unknown,0.833,0,1,0,0,1,non_residential_main_use
264ed0db252ea815,경기,경기도 고양시 일산동구 식사동 210-1번지,경기도 고양시 일산동구 사리현로 24-75 (식사동),10100,41285,11041204931,,,2022,1,1,0.0,0,1,0,0,unknown,0.667,0,0,1,0,1,basement_or_unknown_floor|low_data_completeness
265f0db250bf4806,인천,인천광역시 동구 만석동 2-23번지,인천광역시 동구 만석부두로 16-3 (만석동),10100,28140,10551230,4동,공장,2001,0,1,0.0,1,0,0,0,unknown,0.833,1,1,0,0,1,old_building|non_residential_main_use
26629c266e879332,서울,서울특별시 관악구 봉천동 1-443번지,서울특별시 관악구 관악로38길 17 (봉천동),10100,11620,1022123285,,단독주택,1988,0,1,0.0,1,0,0,0,unknown,0.833,1,0,0,0,1,old_building
2674919e8e646fd0,서울,서울특별시 구로구 신도림동 271-25번지,서울특별시 구로구 신도림로19길 144 (신도림동),10100,11530,10181100189154,신도림삼성쉐르빌 1,,2022,1,1,0.0,0,1,0,0,unknown,0.667,0,0,0,0,1,low_data_completeness
268942b7c93a21a1,인천,인천광역시 서구 백석동 블록,인천광역시 서구 한들로 78 (백석동),10100,28260,1000000000000004024612,지젤메디컬타워,,2024,1,1,0.0,0,1,0,0,unknown,0.667,0,0,0,0,1,low_data_completeness
2694a56a6a041330,인천,인천광역시 서구 백석동 블록,인천광역시 서구 한들로 33 (백석동),10100,28260,1000000000000002031650,검암역 로열파크씨티 푸르지오 1단지,,2023,1,1,0.0,0,1,0,0,unknown,0.667,0,0,0,0,1,low_data_completeness
26a4743de6f03d85,인천,인천광역시 옹진군 북도면 신도리 451-2번지,인천광역시 옹진군 신도로 842 (북도면 신도리),31022,28720,10631100171489,,,2022,1,1,0.0,0,1,0,0,unknown,0.667,0,0,0,0,1,low_data_completeness
26a64371e578f60f,인천,인천광역시 연수구 옥련동 116-53번지,인천광역시 연수구 비류대로156번길 11 (옥련동),10100,28185,10571646,,주택,1985,0,1,0.0,1,0,0,0,unknown,0.833,1,0,0,0,1,old_building
26aa0adcee76becf,경기,경기도 광명시 광명동 24-16번지,경기도 광명시 광삼로13번길 28-9 (광명동),10100,41210,10981724,,단독주택,1976,0,1,1.42,1,0,1,0,unknown,0.833,1,0,0,0,1,old_building
26b16d93cc95e74a,인천,인천광역시 미추홀구 숭의동 1-114번지,인천광역시 미추홀구 경인로142번길 53 (숭의동),10100,28177,105612215,,"주택, 근린생활시설",1991,0,1,0.0,1,0,0,0,unknown,0.833,1,0,0,0,1,old_building
26b9499abc3b9809,인천,인천광역시 부평구 부평동 10-233번지,인천광역시 부평구 주부토로100번길 20 (부평동),10100,28237,10591100263626,스마트빌,,2022,1,1,0.0,0,1,0,0,unknown,0.667,0,0,0,0,1,low_data_completeness
26c2659f04055bbe,서울,서울특별시 구로구 신도림동 271-25번지,서울특별시 구로구 신도림로19길 144 (신도림동),10100,11530,10181100189346,신도림삼성쉐르빌 1,오피스텔,2010,0,1,15.0,1,0,1,0,unknown,0.833,0,0,0,0,0,
26c405f879eb2be1,인천,인천광역시 계양구 효성동 1-12번지,인천광역시 계양구 길마로88번길 7 (효성동),10100,28245,1060113220,원익그린맨션,,2022,1,1,0.0,0,1,0,0,unknown,0.667,0,0,0,0,1,low_data_completeness
26c958acce078207,경기,경기도 가평군 가평읍 읍내리 214번지,경기도 가평군 가평제방길 233 (가평읍 읍내리),25021,41820,1000000000000002714652,힐스테이트 가평 더뉴클래스,,2023,1,1,0.0,0,1,0,0,unknown,0.667,0,0,0,0,1,low_data_completeness
26cfe935b7a3bf41,경기,경기도 김포시 북변동 116-4번지,,10100,41570,112313587,,단독주택,2022,0,1,428.88,1,0,1,0,unknown,0.833,0,0,0,0,0,
26cff134788ec852,경기,경기도 구리시 갈매동 510번지,경기도 구리시 갈매순환로204번길 65 (갈매동),10100,41310,11091100207256,구리 스마트벤처타워,,2022,1,1,0.0,0,1,0,0,unknown,0.667,0,0,0,0,1,low_data_completeness
26e05ac588558feb,인천,인천광역시 미추홀구 숭의동 1-96번지,인천광역시 미추홀구 수봉로33번길 29 (숭의동),10100,28177,105612198,,"근생, 주택",1997,0,1,87.0,1,0,0,0,unknown,0.833,1,0,0,0,1,old_building
270100920c7cc88d,인천,인천광역시 부평구 부평동 10-66번지,인천광역시 부평구 장제로221번길 23 (부평동),10100,28237,10591100251177,다온그린빌,,2022,1,1,0.0,0,1,0,0,unknown,0.667,0,0,0,0,1,low_data_completeness
271294f07dca11a3,경기,경기도 과천시 문원동 15-31번지,경기도 과천시 공원마을3길 49 (문원동),10200,41290,11081100179136,갤러리 House,,2022,1,1,0.0,0,1,0,0,unknown,0.667,0,0,0,0,1,low_data_completeness
27155ee54a15e4c2,인천,인천광역시 동구 만석동 1-53번지,인천광역시 동구 보세로26번길 24-36 (만석동),10100,28140,10551100181482,,공장,2013,0,1,0.0,1,0,0,0,unknown,0.833,0,1,0,0,1,non_residential_main_use
271aadb1afbd19b0,경기,경기도 고양시 일산서구 일산동 525-21번지,경기도 고양시 일산서구 고양대로 724-8 (일산동),10100,41287,11041320774,,,2022,1,1,0.0,0,1,0,0,unknown,0.667,0,0,0,0,1,low_data_completeness
27323bed4f0fb3c3,서울,서울특별시 구로구 신도림동 276-5번지,서울특별시 구로구 신도림로19길 116 (신도림동),10100,11530,10181100229814,리버스타운,"도시형생활주택(단지형다세대주택-16세대) 및 제1,2종근린생활시설",2016,0,1,690.0,1,0,0,0,unknown,0.833,0,0,0,0,0,
27437e382560fd61,경기,경기도 구리시 갈매동 162-7번지,경기도 구리시 담터길21번길 53 (갈매동),10100,41310,11091100185124,,"소매점, 제2종근린생활시설(사무소)",2015,0,1,793.0,1,0,0,0,unknown,0.833,0,1,0,0,1,non_residential_main_use
274c0be3889c2494,경기,경기도 광주시 경안동 11-50번지,경기도 광주시 중앙로154번길 21 (경안동),10100,41610,1125121152,,단독주택,2004,0,1,415.0,1,0,0,0,unknown,0.833,1,0,0,0,1,old_building
2751541f3e9fdfdd,인천,인천광역시 미추홀구 숭의동 1번지,,10100,28177,105612161,,단독주택,2022,0,1,35.7,1,0,1,0,unknown,0.833,0,0,0,0,0,
2762b5f74e6f4b14,경기,경기도 군포시 당동 48-7번지,경기도 군포시 공단로 137 (당동),10100,41410,1000000000000004063328,,기타공장,2024,0,6,10220.14,1,0,1,0,unknown,0.833,0,1,0,0,1,non_residential_main_use
27840fcdeac5790c,인천,인천광역시 남동구 구월동 3-26번지,인천광역시 남동구 당좌로35번길 8-1 (구월동),10100,28200,10581100331209,삼성주택,,2022,1,1,0.0,0,1,0,0,unknown,0.667,0,0,0,0,1,low_data_completeness
2784236a7bbdfc34,인천,인천광역시 중구 중앙동2가 12번지,인천광역시 중구 신포로27번길 61 (중앙동2가),10200,28110,10541648,,영업소,2022,0,1,0.0,1,0,0,0,unknown,0.833,0,1,0,0,1,non_residential_main_use
2788fb788a3a8568,인천,인천광역시 옹진군 북도면 시도리 1-30번지,인천광역시 옹진군 시도로86번길 396 (북도면 시도리),31021,28720,10631100178809,,휴게음식점,2011,0,1,65.79,1,0,1,0,unknown,0.833,0,1,0,0,1,non_residential_main_use
278e161ba150a8ad,경기,경기도 광명시 광명동 24-32번지,경기도 광명시 연서일로17번길 29-12 (광명동),10100,41210,10981732,,기타제1종근린생활시설,1988,0,2,628.24,1,0,1,0,unknown,0.833,1,1,0,0,1,old_building|non_residential_main_use
27b157b247c55544,서울,서울특별시 도봉구 쌍문동 13-2번지,서울특별시 도봉구 도당로 18 (쌍문동),10500,11320,1011117194,,,2022,1,1,0.0,0,1,0,0,unknown,0.667,0,0,0,0,1,low_data_completeness
27bc96945a29203c,경기,경기도 고양시 일산서구 일산동 524-16번지,경기도 고양시 일산서구 일중로 17 (일산동),10100,41287,11041325944,포오스프라자,,2022,1,1,0.0,0,1,0,0,unknown,0.667,0,0,0,0,1,low_data_completeness
27ccc7ea0b562890,서울,서울특별시 강서구 마곡동 4-2번지,서울특별시 강서구 양천로47길 106-1 (마곡동),10500,11500,10171100249998,청솔씨티빌,다세대주택,2022,0,2,60.62,0,0,0,1,unknown,0.833,0,0,1,0,1,basement_or_unknown_floor
27de12fedf454086,인천,인천광역시 옹진군 북도면 시도리 27번지,,31021,28720,10631570,,축사,1997,0,1,704.2,1,0,1,0,unknown,0.833,1,1,0,0,1,old_building|non_residential_main_use
27f011c5e105bd81,인천,인천광역시 옹진군 북도면 시도리 50-13번지,인천광역시 옹진군 시도로86번길 291-74 (북도면 시도리),31021,28720,10631100200684,,단독주택,2018,0,2,1060.76,1,0,1,0,unknown,0.833,0,0,0,0,0,
27f311b1f1f6c69f,경기,경기도 광주시 경안동 10-24번지,경기도 광주시 광주대로71번길 6 (경안동),10100,41610,11251100247151,,,2022,1,1,0.0,0,1,0,0,unknown,0.667,0,0,0,0,1,low_data_completeness
27fe553708e0d80c,경기,경기도 고양시 일산서구 일산동 552-6번지,경기도 고양시 일산서구 고양대로 705-23 (일산동),10100,41287,11041239827,,단독주택,1978,0,1,0.0,1,0,0,0,unknown,0.833,1,0,0,0,1,old_building
2800b579e9f01005,서울,서울특별시 강동구 명일동 42번지,서울특별시 강동구 고덕로62길 76 (명일동),10100,11740,102611815,우성아파트,아파트,1986,0,1,0.0,1,0,0,0,unknown,0.833,1,0,0,0,1,old_building
2807eb76570ff2de,인천,인천광역시 중구 중앙동2가 3-2번지,인천광역시 중구 제물량로206번길 21 (중앙동2가),10200,28110,10541100226111,,,2022,1,1,0.0,0,1,0,0,unknown,0.667,0,0,0,0,1,low_data_completeness
2812a89c6a8f1307,인천,인천광역시 미추홀구 숭의동 1-65번지,인천광역시 미추홀구 수봉로33번길 28-2 (숭의동),10100,28177,105612182,,주택,1971,0,1,0.0,1,0,0,0,unknown,0.833,1,0,0,0,1,old_building
281e790ca6373567,인천,인천광역시 계양구 효성동 8-1번지,인천광역시 계양구 새벌로171번길 11-1 (효성동),10100,28245,106012080,대경넥스텔,공동주택,2002,0,1,0.0,1,0,0,0,unknown,0.833,1,0,0,0,1,old_building
281fa35466e9ec4a,서울,서울특별시 도봉구 쌍문동 13-2번지,서울특별시 도봉구 도당로 18 (쌍문동),10500,11320,1011117096,,,2022,1,1,0.0,0,1,0,0,unknown,0.667,0,0,0,0,1,low_data_completeness
281facf0d09c6c4a,서울,서울특별시 강남구 대치동 511번지,서울특별시 강남구 삼성로 150 (대치동),10600,11680,1024125595,한보미도맨션209동,,2022,1,1,0.0,0,1,0,0,unknown,0.667,0,0,0,0,1,low_data_completeness
282c36042907ff9b,서울,서울특별시 구로구 신도림동 271-25번지,서울특별시 구로구 신도림로19길 144 (신도림동),10100,11530,10181100189302,신도림삼성쉐르빌 1,,2022,1,1,0.0,0,1,0,0,unknown,0.667,0,0,0,0,1,low_data_completeness
2839cce9f8b08541,경기,경기도 가평군 가평읍 읍내리 214번지,경기도 가평군 가평제방길 233 (가평읍 읍내리),25021,41820,1000000000000002714506,힐스테이트 가평 더뉴클래스,,2023,1,1,0.0,0,1,0,0,unknown,0.667,0,0,0,0,1,low_data_completeness
283b5bd107d02b75,인천,인천광역시 부평구 부평동 10-22번지,인천광역시 부평구 주부토로94번길 9 (부평동),10100,28237,1059129643,,단독주택,1974,0,1,37.19,1,0,1,0,unknown,0.833,1,0,0,0,1,old_building
283ed53db151477b,서울,서울특별시 강동구 명일동 15번지,서울특별시 강동구 고덕로 210 (명일동),10100,11740,1026138673,삼익그린맨션,,2022,1,1,0.0,0,1,0,0,unknown,0.667,0,0,0,0,1,low_data_completeness
2846e3fd72a91b58,서울,서울특별시 강서구 공항동 8-5번지,서울특별시 강서구 방화대로19길 3 (공항동),10800,11500,1000000000000003188883,헬리그라프 마곡에디션,오피스텔,2024,0,4,56.48,0,0,0,1,unknown,0.833,0,0,1,0,1,basement_or_unknown_floor
2868dfd2f1aeaae8,경기,경기도 광명시 광명동 24-38번지,경기도 광명시 광삼로13번길 34 (광명동),10100,41210,10981737,,단독주택,1975,0,1,122.0,1,0,0,0,unknown,0.833,1,0,0,0,1,old_building
2869ce13cf684898,인천,인천광역시 옹진군 북도면 신도리 514-2번지,인천광역시 옹진군 신도로896번길 31 (북도면 신도리),31022,28720,106318372,영광빌라,,2022,1,1,0.0,0,1,0,0,unknown,0.667,0,0,0,0,1,low_data_completeness
286c97f8e2f3fe42,서울,서울특별시 강남구 역삼동 601-23번지,서울특별시 강남구 봉은사로4길 9 (역삼동),10100,11680,10241119678,,다세대주택,2022,0,2,29.64,0,0,0,1,unknown,0.833,0,0,1,0,1,basement_or_unknown_floor
286ed99702d8cade,경기,경기도 고양시 일산동구 식사동 13-8번지,,10100,41285,11041100436817,저장고(탄28),국방ㆍ군사시설,1973,0,1,652544.48,1,0,1,0,unknown,0.833,1,1,0,0,1,old_building|non_residential_main_use
286fe4d729c9fb92,인천,인천광역시 계양구 효성동 1-14번지,인천광역시 계양구 길마로88번길 11 (효성동),10100,28245,1060113231,원익그린맨션,,2022,1,1,0.0,0,1,0,0,unknown,0.667,0,0,0,0,1,low_data_completeness
28799215a9a1be34,서울,서울특별시 강동구 명일동 44번지,서울특별시 강동구 고덕로 240 (명일동),10100,11740,102611172,신동아아파트,아파트,1986,0,1,0.0,1,0,0,0,unknown,0.833,1,0,0,0,1,old_building
288e4edcbc505a2e,인천,인천광역시 계양구 효성동 1-30번지,인천광역시 계양구 길마로 98 (효성동),10100,28245,1060113274,삼성하이츠맨션,,2023,1,1,0.0,0,1,0,0,unknown,0.667,0,0,0,0,1,low_data_completeness
2891c44870d21357,서울,서울특별시 강동구 명일동 15번지,서울특별시 강동구 고덕로 210 (명일동),10100,11740,1026139168,삼익그린맨션,,2022,1,1,0.0,0,1,0,0,unknown,0.667,0,0,0,0,1,low_data_completeness
28978a0574a82db8,서울,서울특별시 강남구 역삼동 606-4번지,서울특별시 강남구 봉은사로 178 (역삼동),10100,11680,1024118334,,의료시설,1992,0,1,522.5,1,0,0,0,unknown,0.833,1,1,0,0,1,old_building|non_residential_main_use
289857eacea270b6,서울,서울특별시 구로구 신도림동 271-25번지,서울특별시 구로구 신도림로19길 144 (신도림동),10100,11530,10181100189268,신도림삼성쉐르빌 1,,2022,1,1,0.0,0,1,0,0,unknown,0.667,0,0,0,0,1,low_data_completeness
28b1d67227de3e9c,경기,경기도 과천시 문원동 15-46번지,경기도 과천시 공원마을5길 35 (문원동),10200,41290,110813632,,,2022,1,1,0.0,0,1,0,0,unknown,0.667,0,0,0,0,1,low_data_completeness
28cc81720b1b29d9,서울,서울특별시 노원구 월계동 12번지,서울특별시 노원구 마들로 127 (월계동),10200,11350,10121134313,,,2022,1,1,0.0,0,1,0,0,unknown,0.667,0,0,0,0,1,low_data_completeness
28d70f8d4e1a1474,인천,인천광역시 강화군 강화읍 신문리 47-1번지,인천광역시 강화군 강화대로403번길 7 (강화읍 신문리),25021,28710,1062119461,,근린생활시설및창고시설,1995,0,1,207.0,1,0,0,0,unknown,0.833,1,1,0,0,1,old_building|non_residential_main_use
28dd6834046773cd,서울,서울특별시 강서구 개화동 421-70번지,서울특별시 강서구 개화동로5길 9-11 (개화동),11000,11500,10171100238150,경동 미르웰,다세대주택,2022,0,1,30.95,0,0,0,1,unknown,0.833,0,0,0,0,0,
28e12ea2e3f91bea,인천,인천광역시 부평구 부평동 10-225번지,인천광역시 부평구 길주남로 112-17 (부평동),10100,28237,1059131429,삼성빌라,다세대주택,1990,0,1,0.0,1,0,0,0,unknown,0.833,1,0,0,0,1,old_building
28e7ba42326af11b,인천,인천광역시 동구 만석동 5-22번지,인천광역시 동구 인중로 442 (만석동),10100,28140,1055112137,서해빌라,,2022,1,1,0.0,0,1,0,0,unknown,0.667,0,0,1,0,1,basement_or_unknown_floor|low_data_completeness
28e89011cdc8d1fd,경기,경기도 군포시 당동 14-1번지,경기도 군포시 공단로 149 (당동),10100,41410,111319589,아이밸리 군포,,2022,1,1,0.0,0,1,0,0,unknown,0.667,0,0,1,0,1,basement_or_unknown_floor|low_data_completeness
29054814a1b72105,서울,서울특별시 강서구 염창동 65번지,서울특별시 강서구 양천로67길 71-3 (염창동),10100,11500,10171100318501,진영리버타운,,2022,1,1,0.0,0,1,0,0,unknown,0.667,0,0,0,0,1,low_data_completeness
292201738887d5ac,인천,인천광역시 동구 만석동 5-21번지,인천광역시 동구 인중로 440-1 (만석동),10100,28140,1055112129,서해빌라,,2022,1,1,0.0,0,1,0,0,unknown,0.667,0,0,1,0,1,basement_or_unknown_floor|low_data_completeness
2925af40819d8cc5,인천,인천광역시 강화군 강화읍 신문리 205-5번지,인천광역시 강화군 강화대로 429 (강화읍 신문리),25021,28710,1062135869,중앙시장,,2022,1,1,0.0,0,1,0,0,unknown,0.667,0,0,1,0,1,basement_or_unknown_floor|low_data_completeness
29339886b592df54,경기,경기도 구리시 갈매동 510번지,경기도 구리시 갈매순환로204번길 65 (갈매동),10100,41310,11091100207166,구리 스마트벤처타워,,2022,1,1,0.0,0,1,0,0,unknown,0.667,0,0,0,0,1,low_data_completeness
293480d55ff9dc01,인천,인천광역시 부평구 부평동 10-265번지,인천광역시 부평구 장제로199번길 38 (부평동),10100,28237,10591100301534,JY벤처 프리미엄파크,"단독주택,제1&middot;2종근린생활시설",2020,0,1,182.0,1,0,0,0,unknown,0.833,0,0,0,0,0,
294bae631ebb1efe,서울,서울특별시 광진구 중곡동 18-43번지,서울특별시 광진구 용마산로26길 9 (중곡동),10100,11215,10061100258970,,"다가구주택(3가구),근린생활시설",2021,0,1,123.05,1,0,0,0,unknown,0.833,0,0,0,0,0,
294ce1d139aef403,경기,경기도 군포시 당동 14-1번지,경기도 군포시 공단로 149 (당동),10100,41410,111319550,아이밸리 군포,,2022,1,1,0.0,0,1,0,0,unknown,0.667,0,0,1,0,1,basement_or_unknown_floor|low_data_completeness
295a9e2e4e9ddcba,서울,서울특별시 강북구 미아동 3-10번지,서울특별시 강북구 오현로9길 19 (미아동),10100,11305,1010130829,,연립주택,2022,1,1,34.8,0,1,0,1,unknown,0.833,0,0,0,0,0,
295e7faae6f8996c,서울,서울특별시 도봉구 쌍문동 7-21번지,서울특별시 도봉구 도봉로139길 65 (쌍문동),10500,11320,10111100204640,와이앤캐슬,다세대주택,2016,0,5,494.95,1,0,1,0,unknown,0.833,0,0,0,0,0,
2966a8110aedf9e2,인천,인천광역시 서구 백석동 블록,인천광역시 서구 한들로 73 (백석동),10100,28260,1000000000000002036245,검암역 로열파크씨티 푸르지오 2단지,,2023,1,1,0.0,0,1,0,0,unknown,0.667,0,0,0,0,1,low_data_completeness
2969dd75ec0d97cd,서울,서울특별시 강서구 염창동 66-9번지,서울특별시 강서구 양천로67길 77 (염창동),10100,11500,101713833,염창동우성연립,연립주택,1990,0,1,0.0,1,0,0,0,unknown,0.833,1,0,0,0,1,old_building
29954e4a56b9a27d,경기,경기도 구리시 갈매동 137-32번지,경기도 구리시 갈매순환로 245-24 (갈매동),10100,41310,11091263,,단독주택,1970,0,1,60.6,1,0,1,0,unknown,0.833,1,0,0,0,1,old_building
29ae036fd1949dfe,서울,서울특별시 강서구 염창동 65번지,서울특별시 강서구 양천로67길 71-3 (염창동),10100,11500,10171100318502,진영리버타운,,2022,1,1,0.0,0,1,0,0,unknown,0.667,0,0,0,0,1,low_data_completeness
29b3651d33045b65,인천,인천광역시 남동구 구월동 3-12번지,인천광역시 남동구 석산로228번길 3 (구월동),10100,28200,105811827,,다가구주택,1992,0,2,199.515,1,0,1,0,unknown,0.833,1,0,0,0,1,old_building
29b6e263cd4f7055,경기,경기도 광명시 광명동 24-42번지,경기도 광명시 광삼로13번길 30-13 (광명동),10100,41210,10981741,,다가구주택,1992,0,1,103.15,1,0,0,0,unknown,0.833,1,0,0,0,1,old_building
29bb1888a02981e0,서울,서울특별시 강서구 염창동 217-10번지,서울특별시 강서구 양천로67길 93-22 (염창동),10100,11500,10171100343633,염창1빗물펌프장,자원순환관련시설,2020,0,1,2248.04,1,0,0,0,unknown,0.833,0,1,0,0,1,non_residential_main_use
29bd98da395f9f27,경기,경기도 과천시 문원동 15-36번지,경기도 과천시 공원마을3길 44 (문원동),10200,41290,11081100182581,문원동 15-36 다가구주택,다가구주택,2013,0,1,248.0,1,0,0,0,unknown,0.833,0,0,0,0,0,
29c2538edd84f088,경기,경기도 구리시 갈매동 163-16번지,경기도 구리시 담터길 13 (갈매동),10100,41310,11091301,,근린생활시설,1999,0,1,97.0,1,0,0,0,unknown,0.833,1,1,0,0,1,old_building|non_residential_main_use
29d18aa19c31b882,서울,서울특별시 강동구 명일동 15번지,서울특별시 강동구 고덕로 210 (명일동),10100,11740,1026138847,삼익그린맨션,,2022,1,1,0.0,0,1,0,0,unknown,0.667,0,0,0,0,1,low_data_completeness
29e1e14adad0516e,경기,경기도 군포시 당동 14-1번지,경기도 군포시 공단로 149 (당동),10100,41410,111319556,아이밸리 군포,,2022,1,1,0.0,0,1,0,0,unknown,0.667,0,0,1,0,1,basement_or_unknown_floor|low_data_completeness
29eaf29932e099d3,경기,경기도 고양시 일산동구 식사동 231번지,경기도 고양시 일산동구 견달산로210번길 47-3 (식사동),10100,41285,11041100326648,드림팰리스,,2022,1,1,0.0,0,1,0,0,unknown,0.667,0,0,0,0,1,low_data_completeness
29ed06236125c3fa,인천,인천광역시 서구 백석동 38-4번지,,10100,28260,106112230,,단독주택,2022,0,1,118.76,1,0,1,0,unknown,0.833,0,0,0,0,0,
2a2de138475e2e5e,경기,경기도 광주시 경안동 10-24번지,경기도 광주시 광주대로71번길 6 (경안동),10100,41610,11251100247149,,,2022,1,1,0.0,0,1,0,0,unknown,0.667,0,0,0,0,1,low_data_completeness
2a31a6c3e0c826e5,경기,경기도 김포시 북변동 200-6번지,경기도 김포시 봉화로 164-4 (북변동),10100,41570,1000000000000002665915,MU빌리지,,2023,1,1,0.0,0,1,0,0,unknown,0.667,0,0,0,0,1,low_data_completeness
2a3be61ab37020f5,서울,서울특별시 강북구 미아동 3-12번지,서울특별시 강북구 오현로9길 13 (미아동),10100,11305,10101100195792,,,2022,1,1,0.0,0,1,0,0,unknown,0.667,0,0,0,0,1,low_data_completeness
2a3f3daffd4e851e,인천,인천광역시 동구 만석동 1-53번지,인천광역시 동구 보세로26번길 24-36 (만석동),10100,28140,10551100181552,,,2022,1,1,0.0,0,1,0,0,unknown,0.667,0,0,0,0,1,low_data_completeness
2a655ac96bf56157,인천,인천광역시 옹진군 북도면 신도리 514-2번지,인천광역시 옹진군 신도로896번길 31 (북도면 신도리),31022,28720,106318379,영광빌라,,2022,1,1,0.0,0,1,0,0,unknown,0.667,0,0,0,0,1,low_data_completeness
2a7724d24e41e785,인천,인천광역시 미추홀구 숭의동 1-10번지,인천광역시 미추홀구 경인로 150 (숭의동),10100,28177,10561100237786,한우리,,2022,1,1,0.0,0,1,0,0,unknown,0.667,0,0,0,0,1,low_data_completeness
2a7b3af0a15b65f8,서울,서울특별시 강남구 역삼동 605-10번지,서울특별시 강남구 봉은사로24길 13 (역삼동),10100,11680,1024114866,,근린생활시설,1990,0,1,0.0,1,0,0,0,unknown,0.833,1,1,0,0,1,old_building|non_residential_main_use
2a7e4daf4b7b8c61,서울,서울특별시 강동구 명일동 48-6번지,서울특별시 강동구 동남로 885 (명일동),10100,11740,1026119489,양지학원,"교육연구시설, 교육연구 및 복지시설, 근린생활시설, 일반업무시설",1989,0,1,1472.7,1,0,0,0,unknown,0.833,1,1,0,0,1,old_building|non_residential_main_use
2a82a15f2d94ca64,서울,서울특별시 강북구 미아동 3-51번지,서울특별시 강북구 오패산로30가길 8-6 (미아동),10100,11305,1010112848,,"공동주택(다세대주택 2세대),근린생활시설",2006,0,1,98.56,1,0,0,0,unknown,0.833,0,0,0,0,0,
2a873c37f6065c21,경기,경기도 고양시 덕양구 주교동,,10100,41281,110411534,,단독주택,2022,0,1,80.52,1,0,1,0,unknown,0.833,0,0,0,0,0,
2a897f5dc91e47ec,인천,인천광역시 남동구 구월동 3-65번지,인천광역시 남동구 당좌로35번길 20 (구월동),10100,28200,105811869,,단독주택,1979,0,1,0.0,1,0,0,0,unknown,0.833,1,0,0,0,1,old_building
2aac4919b11cb59b,서울,서울특별시 노원구 월계동 12번지,서울특별시 노원구 마들로 127 (월계동),10200,11350,10121112963,,,2022,1,1,0.0,0,1,0,0,unknown,0.667,0,0,0,0,1,low_data_completeness
2abe39b81ea975d1,경기,경기도 군포시 당동 168번지,경기도 군포시 공단로 37-1 (당동),10100,41410,11131587,,공장 및 제2종근린생활시설(사무소),1974,0,1,6690.0,1,0,0,0,unknown,0.833,1,1,0,0,1,old_building|non_residential_main_use
2ac13aa8a287d9ed,경기,경기도 고양시 일산동구 식사동 5번지,경기도 고양시 일산동구 사리현로 69 (식사동),10100,41285,11041100237999,,정비공장,2013,0,1,198.0,1,0,1,0,unknown,0.833,0,1,0,0,1,non_residential_main_use
2ac705e1ca040325,인천,인천광역시 계양구 효성동 1-30번지,인천광역시 계양구 길마로 98 (효성동),10100,28245,1060113275,삼성하이츠맨션,,2023,1,1,0.0,0,1,0,0,unknown,0.667,0,0,0,0,1,low_data_completeness
2ae6fe90785385b1,경기,경기도 고양시 일산서구 일산동 551-21번지,경기도 고양시 일산서구 일중로55번길 28 (일산동),10100,41287,11041324486,,,2022,1,1,0.0,0,1,0,0,unknown,0.667,0,0,0,0,1,low_data_completeness
2aefa0b3fab776ac,서울,서울특별시 광진구 중곡동 18-4번지,서울특별시 광진구 용마산로28길 8 (중곡동),10100,11215,10061100230888,,,2022,1,1,0.0,0,1,0,0,unknown,0.667,0,0,0,0,1,low_data_completeness
2af43ae8e2434f75,경기,경기도 광주시 경안동 11-45번지,경기도 광주시 광주대로71번길 16 (경안동),10100,41610,1000000000000004040315,,주택,1960,0,1,0.0,1,0,0,0,unknown,0.833,1,0,0,0,1,old_building
2afdf9016da77bd8,서울,서울특별시 구로구 신도림동 271-25번지,서울특별시 구로구 신도림로19길 144 (신도림동),10100,11530,10181100189224,신도림삼성쉐르빌 1,,2022,1,1,0.0,0,1,0,0,unknown,0.667,0,0,0,0,1,low_data_completeness
2aff130f07668fbf,서울,서울특별시 금천구 가산동 32-25번지,서울특별시 금천구 벚꽃로56길 32 (가산동),10100,11545,101912297,,"근린생활시설, 주택",1989,0,1,0.0,1,0,0,0,unknown,0.833,1,0,0,0,1,old_building
2b1cd7c9086ebb63,경기,경기도 과천시 문원동 15-53번지,경기도 과천시 공원마을6길 29 (문원동),10200,41290,110813637,우리빌,,2022,1,1,0.0,0,1,0,0,unknown,0.667,0,0,0,0,1,low_data_completeness
2b2cb4f335c75ee7,경기,경기도 과천시 문원동 15-35번지,경기도 과천시 공원마을3길 50 (문원동),10200,41290,11081183,,단독주택(다가구주택-7가구),2002,0,1,248.0,1,0,0,0,unknown,0.833,1,0,0,0,1,old_building
2b2f9fab07d7a285,서울,서울특별시 구로구 신도림동 271-25번지,서울특별시 구로구 신도림로19길 144 (신도림동),10100,11530,10181100189341,신도림삼성쉐르빌 1,,2022,1,1,0.0,0,1,0,0,unknown,0.667,0,0,0,0,1,low_data_completeness
2b38db7c6e90822c,인천,인천광역시 강화군 강화읍 신문리 205-5번지,인천광역시 강화군 강화대로 429 (강화읍 신문리),25021,28710,1062135859,중앙시장,,2022,1,1,0.0,0,1,0,0,unknown,0.667,0,0,1,0,1,basement_or_unknown_floor|low_data_completeness
2b39b74021a01b8a,서울,서울특별시 노원구 월계동 13번지,서울특별시 노원구 마들로 111 (월계동),10200,11350,101211584,,아파트,1986,0,1,0.0,1,0,0,0,unknown,0.833,1,0,0,0,1,old_building
2b4157dd954ce0ae,경기,경기도 가평군 가평읍 읍내리 214번지,경기도 가평군 가평제방길 233 (가평읍 읍내리),25021,41820,1000000000000002714692,힐스테이트 가평 더뉴클래스,,2023,1,1,0.0,0,1,0,0,unknown,0.667,0,0,0,0,1,low_data_completeness
2b421028ad418c69,서울,서울특별시 강서구 개화동 418-174번지,서울특별시 강서구 개화동로7길 17-7 (개화동),11000,11500,10171100266754,,다세대주택,2022,0,1,22.11,0,0,0,1,unknown,0.833,0,0,0,0,0,
2b4d2f6a6519d5dc,경기,경기도 광명시 광명동 25-10번지,경기도 광명시 광명로928번길 41-6 (광명동),10100,41210,1098117438,,,2022,1,1,0.0,0,1,0,0,unknown,0.667,0,0,0,0,1,low_data_completeness
2b514b941b2ccd09,인천,인천광역시 부평구 부평동 10-205번지,인천광역시 부평구 길주남로 69 (부평동),10100,28237,1059120907,,종교시설,1984,0,1,0.0,1,0,0,0,unknown,0.833,1,1,0,0,1,old_building|non_residential_main_use
2b52064153d97a29,서울,서울특별시 강서구 염창동 58번지,서울특별시 강서구 양천로67길 50-29 (염창동),10100,11500,1017191905,블래스밸리,,2022,1,1,0.0,0,1,0,0,unknown,0.667,0,0,0,0,1,low_data_completeness
2b5634e5a6534a4b,서울,서울특별시 강남구 대치동 511번지,서울특별시 강남구 삼성로 150 (대치동),10600,11680,1024125447,한보미도맨션210동,,2022,1,1,0.0,0,1,0,0,unknown,0.667,0,0,0,0,1,low_data_completeness
2b76c1a4d92b37a1,경기,경기도 고양시 일산동구 식사동 231번지,경기도 고양시 일산동구 견달산로210번길 47-3 (식사동),10100,41285,11041100326649,드림팰리스,,2022,1,1,0.0,0,1,0,0,unknown,0.667,0,0,0,0,1,low_data_completeness
2b7fee8d4972f106,인천,인천광역시 부평구 부평동 10-234번지,인천광역시 부평구 주부토로100번길 12 (부평동),10100,28237,10591181767,궁전빌라,,2022,1,1,0.0,0,1,0,0,unknown,0.667,0,0,0,0,1,low_data_completeness
2b81abc8dc952b82,인천,인천광역시 동구 만석동 5-22번지,인천광역시 동구 인중로 442 (만석동),10100,28140,1055112141,서해빌라,,2022,1,1,0.0,0,1,0,0,unknown,0.667,0,0,1,0,1,basement_or_unknown_floor|low_data_completeness
2b99dbdcb0fc36af,경기,경기도 김포시 북변동 200-40번지,경기도 김포시 봉화로 162-2 (북변동),10100,41570,11231100515355,,,2022,1,1,0.0,0,1,0,0,unknown,0.667,0,0,0,0,1,low_data_completeness
2bb2fa91cf64914d,인천,인천광역시 미추홀구 숭의동 1-10번지,인천광역시 미추홀구 경인로 150 (숭의동),10100,28177,10561100237805,한우리,,2022,1,1,0.0,0,1,0,0,unknown,0.667,0,0,0,0,1,low_data_completeness
2bca37043d2e3872,경기,경기도 광명시 광명동 24-73번지,경기도 광명시 연서일로17번길 29-20 (광명동),10100,41210,1098117407,,,2022,1,1,0.0,0,1,0,0,unknown,0.667,0,0,0,0,1,low_data_completeness
2be290e1514e6fb1,서울,서울특별시 강서구 개화동 348-2번지,서울특별시 강서구 개화3길 33 (개화동),11000,11500,10171113675,,연립주택,2022,0,1,43.04,0,0,0,1,unknown,0.833,0,0,0,0,0,
2c00d783d03c38d8,경기,경기도 가평군 가평읍 읍내리 133-3번지,경기도 가평군 잎너비길 55-1 (가평읍 읍내리),25021,41820,11301100233548,,단독주택,2017,0,1,406.0,1,0,0,0,unknown,0.833,0,0,0,0,0,
2c24cfe5e1256448,서울,서울특별시 관악구 봉천동 1-1116번지,서울특별시 관악구 청림3길 84 (봉천동),10100,11620,1022191852,,,2022,1,1,0.0,0,1,0,0,unknown,0.667,0,0,0,0,1,low_data_completeness
2c29f0a7afa64b7f,인천,인천광역시 계양구 효성동 1-58번지,인천광역시 계양구 길마로 100 (효성동),10100,28245,106012061,삼성하이츠맨션,공동주택(다세대주택),2001,0,1,0.0,1,0,0,0,unknown,0.833,1,0,0,0,1,old_building
2c348f727b755bae,인천,인천광역시 부평구 부평동 10-228번지,인천광역시 부평구 길주남로 112-19 (부평동),10100,28237,10591142142,,,2022,1,1,0.0,0,1,0,0,unknown,0.667,0,0,0,0,1,low_data_completeness
2c37e0837c82471c,인천,인천광역시 옹진군 북도면 시도리 56-2번지,인천광역시 옹진군 시도로86번길 217 (북도면 시도리),31021,28720,10631100174428,,제2종근린생활시설,2009,0,1,959.0,1,0,0,0,unknown,0.833,0,1,0,0,1,non_residential_main_use
2c566e1dd0e16f5b,서울,서울특별시 강남구 역삼동 755-1번지,서울특별시 강남구 역삼로 314 (역삼동),10100,11680,1024124519,개나리 푸르지오,,2022,1,1,0.0,0,1,0,0,unknown,0.667,0,0,0,0,1,low_data_completeness
2c651b1048da359d,인천,인천광역시 중구 중앙동2가 13번지,인천광역시 중구 신포로27번길 61-1 (중앙동2가),10200,28110,10541649,,"근린생활시설, 주택",2022,0,1,0.0,1,0,0,0,unknown,0.833,0,0,0,0,0,
2c69f3ee0df6aa44,인천,인천광역시 부평구 부평동 10-22번지,인천광역시 부평구 주부토로94번길 9 (부평동),10100,28237,1059129645,,다가구주택,1983,0,1,3.0,1,0,1,0,unknown,0.833,1,0,0,0,1,old_building
2c85d0dc76b3ccd0,경기,경기도 고양시 일산동구 식사동 231번지,경기도 고양시 일산동구 견달산로210번길 47-3 (식사동),10100,41285,11041100326650,드림팰리스,,2022,1,1,0.0,0,1,0,0,unknown,0.667,0,0,0,0,1,low_data_completeness
2c931016bf1bfa94,인천,인천광역시 강화군 강화읍 신문리 205-5번지,인천광역시 강화군 강화대로 429 (강화읍 신문리),25021,28710,1062135823,중앙시장,,2022,1,1,0.0,0,1,0,0,unknown,0.667,0,0,1,0,1,basement_or_unknown_floor|low_data_completeness
2cab29e895b054f8,서울,서울특별시 강동구 명일동 15번지,서울특별시 강동구 고덕로 210 (명일동),10100,11740,1026139161,삼익그린맨션,아파트,2022,0,3,91.0,0,0,0,1,unknown,0.833,0,0,0,0,0,
2cc9e416dba5bbe9,경기,경기도 고양시 일산서구 일산동 160-9번지,,10100,41287,11041233926,,단독주택,2000,0,1,413.0,1,0,1,0,unknown,0.833,1,0,0,0,1,old_building
2cd8088e2022a4b6,인천,인천광역시 옹진군 북도면 시도리 53-3번지,인천광역시 옹진군 시도로86번길 217-25 (북도면 시도리),31021,28720,10631100175614,,다가구주택,2010,0,1,943.85,1,0,1,0,unknown,0.833,0,0,0,0,0,
2ce6c872f4f012a2,인천,인천광역시 옹진군 북도면 시도리 27-22번지,인천광역시 옹진군 시도로86번길 291-19 (북도면 시도리),31021,28720,10631100210421,,기타창고시설,2021,0,1,18.0,1,0,1,0,unknown,0.833,0,1,0,0,1,non_residential_main_use
2ce7540dea0c9209,인천,인천광역시 강화군 강화읍 신문리 205-5번지,인천광역시 강화군 강화대로 429 (강화읍 신문리),25021,28710,1062135883,중앙시장,,2022,1,1,0.0,0,1,0,0,unknown,0.667,0,0,1,0,1,basement_or_unknown_floor|low_data_completeness
2d1287b7614369d1,경기,경기도 광주시 경안동 20-16번지,경기도 광주시 광주대로 31 (경안동),10100,41610,1000000000000002747860,지에이타워,,2023,1,1,0.0,0,1,0,0,unknown,0.667,0,0,0,0,1,low_data_completeness
2d1882ab58b39e27,인천,인천광역시 옹진군 북도면 장봉리 654번지,인천광역시 옹진군 장봉로720번길 12 (북도면 장봉리),31024,28720,106318382,장봉리다세대주택,,2022,1,1,0.0,0,1,0,0,unknown,0.667,0,0,0,0,1,low_data_completeness
2d1e6e1c0891b6a1,경기,경기도 고양시 일산동구 식사동 231-1번지,경기도 고양시 일산동구 견달산로210번길 47-5 (식사동),10100,41285,11041100324886,드림팰리스,,2022,1,1,0.0,0,1,0,0,unknown,0.667,0,0,0,0,1,low_data_completeness
2d4148d09f37d22f,인천,인천광역시 계양구 효성동 11-2번지,인천광역시 계양구 봉오대로601번길 13-2 (효성동),10100,28245,106011108,,주택,1979,0,1,0.0,1,0,0,0,unknown,0.833,1,0,0,0,1,old_building
2d61ed9a4285f191,서울,서울특별시 도봉구 쌍문동 11-5번지,서울특별시 도봉구 도봉로139길 102 (쌍문동),10500,11320,1011117035,선우아파트,,2022,1,1,0.0,0,1,0,0,unknown,0.667,0,0,0,0,1,low_data_completeness
2d6a069dc82f0c0c,서울,서울특별시 구로구 신도림동 271-25번지,서울특별시 구로구 신도림로19길 144 (신도림동),10100,11530,10181100189273,신도림삼성쉐르빌 1,,2022,1,1,0.0,0,1,0,0,unknown,0.667,0,0,0,0,1,low_data_completeness
2d6ab0570c54bd7a,서울,서울특별시 강남구 역삼동 754번지,서울특별시 강남구 역삼로 306 (역삼동),10100,11680,1024124745,개나리 래미안,,2022,1,1,0.0,0,1,0,0,unknown,0.667,0,0,0,0,1,low_data_completeness
2d846ea3ea6e5376,서울,서울특별시 강서구 마곡동 5-1번지,서울특별시 강서구 양천로47길 104-5 (마곡동),10500,11500,10171100295819,갤럭시오피스텔마곡2,오피스텔,2022,0,3,42.83,0,0,0,1,unknown,0.833,0,0,1,0,1,basement_or_unknown_floor
2d872003bbdd1d3d,인천,인천광역시 서구 백석동 22-3번지,인천광역시 서구 독정로 16-26 (백석동),10100,28260,106112219,,단독주택,1951,0,1,62.81,1,0,1,0,unknown,0.833,1,0,0,0,1,old_building
2d89e7ea4327a4d1,경기,경기도 고양시 일산서구 일산동 551-16번지,경기도 고양시 일산서구 고양대로 701-6 (일산동),10100,41287,11041100176586,대명아트빌,,2022,1,1,0.0,0,1,0,0,unknown,0.667,0,0,0,0,1,low_data_completeness
2d89ed3a28ceeb9f,경기,경기도 광주시 경안동 9-3번지,경기도 광주시 광주대로71번길 7 (경안동),10100,41610,11251100209658,,다가구주택,2012,0,5,739.55,1,0,1,0,unknown,0.833,0,0,1,0,1,basement_or_unknown_floor
2d8f04854b6b9261,경기,경기도 김포시 북변동 200-7번지,경기도 김포시 봉화로 162-1 (북변동),10100,41570,11231100515340,,,2022,1,1,0.0,0,1,0,0,unknown,0.667,0,0,0,0,1,low_data_completeness
2d9dc797200a182f,인천,인천광역시 미추홀구 숭의동 1-10번지,인천광역시 미추홀구 경인로 150 (숭의동),10100,28177,10561100237810,한우리,,2022,1,1,0.0,0,1,0,0,unknown,0.667,0,0,0,0,1,low_data_completeness
2dbd81604e1799af,서울,서울특별시 강동구 명일동 15번지,서울특별시 강동구 고덕로 210 (명일동),10100,11740,1026139055,삼익그린맨션,,2022,1,1,0.0,0,1,0,0,unknown,0.667,0,0,0,0,1,low_data_completeness
2dc17400f0810010,서울,서울특별시 강북구 미아동 3-12번지,서울특별시 강북구 오현로9길 13 (미아동),10100,11305,10101100195795,,,2022,1,1,0.0,0,1,0,0,unknown,0.667,0,0,0,0,1,low_data_completeness
2de01fa7ec451d6b,서울,서울특별시 광진구 중곡동 18-17번지,서울특별시 광진구 용마산로28길 14-7 (중곡동),10100,11215,1006127427,,,2022,1,1,0.0,0,1,0,0,unknown,0.667,0,0,0,0,1,low_data_completeness
2de7f87de0aae587,인천,인천광역시 연수구 옥련동 81-19번지,인천광역시 연수구 독배로 109 (옥련동),10100,28185,105718097,,,2022,1,1,0.0,0,1,0,0,unknown,0.667,0,0,1,0,1,basement_or_unknown_floor|low_data_completeness
2df6be3f97e35060,인천,인천광역시 미추홀구 숭의동 1-11번지,인천광역시 미추홀구 경인로 148 (숭의동),10100,28177,10561100237046,다우림,,2022,1,1,0.0,0,1,0,0,unknown,0.667,0,0,0,0,1,low_data_completeness
2e0d408d84041310,서울,서울특별시 강남구 역삼동 605-17번지,서울특별시 강남구 봉은사로 170 (역삼동),10100,11680,10241100298403,태건 강남 헤븐리치 더써밋 761,"업무시설(오피스텔),근린생활시설",2021,0,1,1074.0,1,0,0,0,unknown,0.833,0,0,0,0,0,
2e144525f5e88334,경기,경기도 구리시 갈매동 137-3번지,경기도 구리시 갈매순환로 245-7 (갈매동),10100,41310,11091100181964,,사무소,2013,0,3,952.54,1,0,1,0,unknown,0.833,0,1,0,0,1,non_residential_main_use
2e14d0187f673070,경기,경기도 고양시 덕양구 주교동 126-3번지,,10100,41281,1104117648,,기타제1종근린생활시설,2022,0,1,49.98,1,0,1,0,unknown,0.833,0,1,0,0,1,non_residential_main_use
2e14df9a9233d31e,서울,서울특별시 광진구 중곡동 18-4번지,서울특별시 광진구 용마산로28길 8 (중곡동),10100,11215,10061100230891,,,2022,1,1,0.0,0,1,0,0,unknown,0.667,0,0,0,0,1,low_data_completeness
2e15c619484a5fcc,서울,서울특별시 광진구 중곡동 18-25번지,서울특별시 광진구 용마산로 142 (중곡동),10100,11215,100618039,,연립주택,1981,0,1,0.0,1,0,0,0,unknown,0.833,1,0,0,0,1,old_building
2e306c18526d5e49,서울,서울특별시 금천구 가산동 50-3번지,서울특별시 금천구 벚꽃로 298 (가산동),10100,11545,10191100191413,대륭 포스트타워 6차,,2022,1,1,0.0,0,1,0,0,unknown,0.667,0,0,0,0,1,low_data_completeness
2e329804e08de800,인천,인천광역시 강화군 강화읍 신문리 205-5번지,인천광역시 강화군 강화대로 429 (강화읍 신문리),25021,28710,1062135778,중앙시장,,2022,1,1,0.0,0,1,0,0,unknown,0.667,0,0,1,0,1,basement_or_unknown_floor|low_data_completeness
2e33d29d4b7910df,서울,서울특별시 금천구 가산동 41-1번지,서울특별시 금천구 벚꽃로42길 20 (가산동),10100,11545,1019144681,,,2022,1,1,0.0,0,1,0,0,unknown,0.667,0,0,0,0,1,low_data_completeness
2e43df346168ffe8,경기,경기도 김포시 북변동 110번지,,10100,41570,112313582,,단독주택,2022,0,1,38.22,1,0,1,0,unknown,0.833,0,0,0,0,0,
2e53a0a520ce984e,서울,서울특별시 강서구 염창동 65번지,서울특별시 강서구 양천로67길 71-3 (염창동),10100,11500,10171100318519,진영리버타운,,2022,1,1,0.0,0,1,0,0,unknown,0.667,0,0,0,0,1,low_data_completeness
2e89c4544ce2d069,서울,서울특별시 관악구 봉천동 1-503번지,서울특별시 관악구 청림3길 34-1 (봉천동),10100,11620,102213423,,단독주택,1975,0,1,0.0,1,0,0,0,unknown,0.833,1,0,0,0,1,old_building
2e95047aff4cebd3,경기,경기도 구리시 갈매동 510번지,경기도 구리시 갈매순환로204번길 65 (갈매동),10100,41310,11091100207222,구리 스마트벤처타워,,2022,1,1,0.0,0,1,0,0,unknown,0.667,0,0,0,0,1,low_data_completeness
2e9d7e4d7365bff0,서울,서울특별시 관악구 봉천동 1-259번지,서울특별시 관악구 청림3마길 23 (봉천동),10100,11620,102214248,,단독주택,1988,0,1,0.0,1,0,0,0,unknown,0.833,1,0,0,0,1,old_building
2ea5ae4caa93c798,경기,경기도 과천시 문원동 15-31번지,경기도 과천시 공원마을3길 49 (문원동),10200,41290,11081100179140,갤러리 House,,2022,1,1,0.0,0,1,0,0,unknown,0.667,0,0,0,0,1,low_data_completeness
2eb2589076a8f1bb,인천,인천광역시 옹진군 북도면 시도리 1-11번지,인천광역시 옹진군 시도로86번길 404 (북도면 시도리),31021,28720,10631100211299,,다가구주택,2021,0,2,1989.08,1,0,1,0,unknown,0.833,0,0,0,0,0,
2ebb115a741ced6f,서울,서울특별시 강남구 역삼동 603-11번지,서울특별시 강남구 봉은사로16길 10 (역삼동),10100,11680,10241100249783,,"업무시설,근린생활시설",2015,0,1,513.4,1,0,0,0,unknown,0.833,0,1,0,0,1,non_residential_main_use
2ed494fbf462cafb,인천,인천광역시 강화군 강화읍 신문리 1-7번지,인천광역시 강화군 강화대로 409 (강화읍 신문리),25021,28710,1062111875,,기타제1종근린생활시설,1962,0,1,42.07,1,0,1,0,unknown,0.833,1,1,0,0,1,old_building|non_residential_main_use
2ee7aba16d5c3735,경기,경기도 고양시 일산동구 식사동 13-8번지,,10100,41285,11041100436792,저장고(탄10),교정및군사시설,1976,0,1,652295.0,1,0,0,0,unknown,0.833,1,1,0,0,1,old_building|non_residential_main_use
2ef50d041ffb4313,경기,경기도 가평군 가평읍 읍내리 118-1번지,경기도 가평군 잎너비길 33 (가평읍 읍내리),25021,41820,113012008,,창고시설(농사용),1994,0,1,167.0,1,0,0,0,unknown,0.833,1,1,0,0,1,old_building|non_residential_main_use
2ef7fab65bb2d6ec,경기,경기도 고양시 덕양구 주교동 38-13번지,경기도 고양시 덕양구 원당로 112 (주교동),10100,41281,11041100458198,고양 엘림프라자,,2022,1,1,0.0,0,1,0,0,unknown,0.667,0,0,0,0,1,low_data_completeness
2f073c34244577ab,인천,인천광역시 미추홀구 숭의동 1-10번지,인천광역시 미추홀구 경인로 150 (숭의동),10100,28177,10561100237775,한우리,,2022,1,1,0.0,0,1,0,0,unknown,0.667,0,0,0,0,1,low_data_completeness
2f09b76c104165fb,인천,인천광역시 옹진군 북도면 시도리 33번지,인천광역시 옹진군 시도로86번길 243 (북도면 시도리),31021,28720,10631573,,단독주택,2001,0,2,97.53,1,0,1,0,unknown,0.833,1,0,0,0,1,old_building
2f2dd9db950962a3,서울,서울특별시 관악구 봉천동 1-481번지,서울특별시 관악구 청림3라길 9-9 (봉천동),10100,11620,1022116728,,단독주택,1971,0,1,0.0,1,0,0,0,unknown,0.833,1,0,0,0,1,old_building
2f40b065d76a6644,경기,경기도 고양시 일산동구 식사동 13-8번지,,10100,41285,11041100436826,교회,국방ㆍ군사시설,2005,0,1,652400.3,1,0,1,0,unknown,0.833,1,1,0,0,1,old_building|non_residential_main_use
2f6bbcd8cb06bc68,경기,경기도 김포시 북변동 200-41번지,경기도 김포시 봉화로 162-3 (북변동),10100,41570,11231100515360,,,2022,1,1,0.0,0,1,0,0,unknown,0.667,0,0,0,0,1,low_data_completeness
2f7963085c8233a7,경기,경기도 구리시 갈매동 142-23번지,,10100,41310,11091100219394,독신숙소,교정및군사시설,1991,0,1,13141.0,1,0,0,0,unknown,0.833,1,1,0,0,1,old_building|non_residential_main_use
2f8671deafabff28,경기,경기도 고양시 덕양구 주교동 38-13번지,경기도 고양시 덕양구 원당로 112 (주교동),10100,41281,11041100458221,고양 엘림프라자,,2022,1,1,0.0,0,1,0,0,unknown,0.667,0,0,0,0,1,low_data_completeness
2fb5d59668e9ba9a,인천,인천광역시 옹진군 북도면 장봉리 654번지,인천광역시 옹진군 장봉로720번길 12 (북도면 장봉리),31024,28720,106318385,장봉리다세대주택,,2022,1,1,0.0,0,1,0,0,unknown,0.667,0,0,0,0,1,low_data_completeness
2fd93c4ba31f1687,인천,인천광역시 강화군 강화읍 신문리 205-5번지,인천광역시 강화군 강화대로 429 (강화읍 신문리),25021,28710,1062135779,중앙시장,,2022,1,1,0.0,0,1,0,0,unknown,0.667,0,0,1,0,1,basement_or_unknown_floor|low_data_completeness
2fdce4b6bee201b3,경기,경기도 군포시 당동 67-7번지,경기도 군포시 군포로580번길 19 (당동),10100,41410,111312249,은성빌라,연립주택,1985,0,1,0.0,1,0,0,0,unknown,0.833,1,0,0,0,1,old_building
2ff46d5c78bdca4f,서울,서울특별시 강북구 미아동 3-90번지,서울특별시 강북구 오패산로30가길 5-8 (미아동),10100,11305,10101801,,단독주택,1969,0,1,0.0,1,0,0,0,unknown,0.833,1,0,0,0,1,old_building
2ff83078af9adf3a,인천,인천광역시 계양구 효성동 9번지,인천광역시 계양구 봉오대로601번길 17 (효성동),10100,28245,10601100196638,부평작전교회,종교시설,2013,0,1,0.0,1,0,0,0,unknown,0.833,0,1,0,0,1,non_residential_main_use
2ffd53ea30c7e1dc,경기,경기도 광주시 경안동 19-7번지,경기도 광주시 광주대로55번길 7-4 (경안동),10100,41610,1125171973,,,2022,1,1,0.0,0,1,0,0,unknown,0.667,0,0,1,0,1,basement_or_unknown_floor|low_data_completeness
30060423aac9aa25,인천,인천광역시 계양구 효성동 1-14번지,인천광역시 계양구 길마로88번길 11 (효성동),10100,28245,1060113234,원익그린맨션,,2022,1,1,0.0,0,1,0,0,unknown,0.667,0,0,0,0,1,low_data_completeness
300c84d81d11d452,경기,경기도 구리시 갈매동 142-23번지,,10100,41310,11091100219393,수리부속창고,교정및군사시설,1991,0,1,13141.0,1,0,0,0,unknown,0.833,1,1,0,0,1,old_building|non_residential_main_use
3011ffe48f75af36,서울,서울특별시 금천구 가산동 50-3번지,서울특별시 금천구 벚꽃로 298 (가산동),10100,11545,10191100191096,대륭 포스트타워 6차,,2022,1,1,0.0,0,1,0,0,unknown,0.667,0,0,0,0,1,low_data_completeness
30164b6fcf73988d,서울,서울특별시 강서구 가양동 14-3번지,서울특별시 강서구 양천로 489 (가양동),10400,11500,10171120541,가양우성아파트,아파트,2022,0,2,104.48,0,0,0,1,unknown,0.833,0,0,0,0,0,
302c74dd18f03967,인천,인천광역시 중구 중앙동1가 20-2번지,인천광역시 중구 신포로27번길 99 (중앙동1가),10100,28110,10541626,,주택,2022,0,1,0.0,1,0,0,0,unknown,0.833,0,0,0,0,0,
30445e0d2e2fd43c,서울,서울특별시 금천구 가산동 32-57번지,서울특별시 금천구 벚꽃로50길 10 (가산동),10100,11545,1019111797,,다가구용단독주택,1992,0,1,87.8,1,0,0,0,unknown,0.833,1,0,0,0,1,old_building
3048f1fd175e1339,서울,서울특별시 노원구 월계동 13번지,서울특별시 노원구 마들로 111 (월계동),10200,11350,101211285,유치원,유치원,1986,0,1,0.0,1,0,0,0,unknown,0.833,1,1,0,0,1,old_building|non_residential_main_use
305d6735f499b08c,인천,인천광역시 강화군 강화읍 신문리 4-2번지,인천광역시 강화군 강화대로393번길 10 (강화읍 신문리),25021,28710,1062137462,,,2022,1,1,0.0,0,1,0,0,unknown,0.667,0,0,0,0,1,low_data_completeness
306edcb81573a786,인천,인천광역시 강화군 강화읍 신문리 205-5번지,인천광역시 강화군 강화대로 429 (강화읍 신문리),25021,28710,1062135792,중앙시장,,2022,1,1,0.0,0,1,0,0,unknown,0.667,0,0,0,0,1,low_data_completeness
3077f0396c1187c2,인천,인천광역시 서구 백석동 블록,인천광역시 서구 한들로 33 (백석동),10100,28260,1000000000000002033159,검암역 로열파크씨티 푸르지오 1단지,,2023,1,1,0.0,0,1,0,0,unknown,0.667,0,0,0,0,1,low_data_completeness
307e6ac4ee569e07,서울,서울특별시 구로구 신도림동 280-13번지,서울특별시 구로구 신도림로11라길 47-1 (신도림동),10100,11530,1018116869,,연립주택,1976,0,1,0.0,1,0,0,0,unknown,0.833,1,0,0,0,1,old_building
3089bf3224aae65f,인천,인천광역시 옹진군 북도면 모도리 267-1번지,인천광역시 옹진군 모도로140번길 19-16 (북도면 모도리),31023,28720,1000000000000001872492,모도파라다이스,,2023,1,1,0.0,0,1,0,0,unknown,0.667,0,0,0,0,1,low_data_completeness
309005a85218aa86,인천,인천광역시 남동구 구월동 3-23번지,인천광역시 남동구 당좌로 39 (구월동),10100,28200,10581100316219,나라사랑주택,,2022,1,1,0.0,0,1,0,0,unknown,0.667,0,0,0,0,1,low_data_completeness
309fdd9f33f896f7,경기,경기도 가평군 가평읍 읍내리 214번지,경기도 가평군 가평제방길 233 (가평읍 읍내리),25021,41820,1000000000000002714681,힐스테이트 가평 더뉴클래스,,2023,1,1,0.0,0,1,0,0,unknown,0.667,0,0,0,0,1,low_data_completeness
30acc79c2ef6ddfc,경기,경기도 과천시 문원동 15-50번지,경기도 과천시 공원마을6길 33 (문원동),10200,41290,11081100178882,문원동 15-50 공동주택(힐탑빌),,2022,1,1,0.0,0,1,0,0,unknown,0.667,0,0,0,0,1,low_data_completeness
30c57085243bc4b0,서울,서울특별시 강서구 방화동 128-1번지,서울특별시 강서구 방화대로52가길 36 (방화동),10900,11500,10171167850,한림빌리지,연립주택,2022,0,2,92.11,0,0,0,1,unknown,0.833,0,0,1,0,1,basement_or_unknown_floor
30cb72b95ed50fa5,경기,경기도 김포시 북변동 200-40번지,경기도 김포시 봉화로 162-2 (북변동),10100,41570,11231100515357,,,2022,1,1,0.0,0,1,0,0,unknown,0.667,0,0,0,0,1,low_data_completeness
30cd7e0d80cb151c,서울,서울특별시 강서구 방화동 129-2번지,서울특별시 강서구 양천로27길 115-9 (방화동),10900,11500,10171100247761,소담밸리,다세대주택,2022,0,2,40.84,0,0,0,1,unknown,0.833,0,0,1,0,1,basement_or_unknown_floor
30ce61e98ec06748,경기,경기도 고양시 일산동구 식사동 210-1번지,경기도 고양시 일산동구 사리현로 24-75 (식사동),10100,41285,11041204922,,,2022,1,1,0.0,0,1,0,0,unknown,0.667,0,0,1,0,1,basement_or_unknown_floor|low_data_completeness
30cf0765ce22dc0b,경기,경기도 광명시 광명동 24-56번지,경기도 광명시 광삼로13번길 27 (광명동),10100,41210,1098117400,,,2022,1,1,0.0,0,1,0,0,unknown,0.667,0,0,1,0,1,basement_or_unknown_floor|low_data_completeness
30d18583a67001b6,인천,인천광역시 연수구 옥련동 116-64번지,인천광역시 연수구 비류대로156번길 15 (옥련동),10100,28185,10571653,,주택,1985,0,1,0.0,1,0,0,0,unknown,0.833,1,0,0,0,1,old_building
30d8033b35f5ee78,경기,경기도 고양시 일산동구 식사동 231-1번지,경기도 고양시 일산동구 견달산로210번길 47-5 (식사동),10100,41285,11041100324888,드림팰리스,,2022,1,1,0.0,0,1,0,0,unknown,0.667,0,0,0,0,1,low_data_completeness
30e04c400c81ec0a,경기,경기도 광주시 경안동 10-22번지,경기도 광주시 중앙로154번길 24 (경안동),10100,41610,11251100232564,,,2022,1,1,0.0,0,1,0,0,unknown,0.667,0,0,0,0,1,low_data_completeness
30ee22a3efcbc969,서울,서울특별시 노원구 월계동 3-7번지,서울특별시 노원구 마들로 45 (월계동),10200,11350,101211082,서울한천초등학교,초등학교,1997,0,5,14557.7,1,0,1,0,unknown,0.833,1,1,1,0,1,old_building|non_residential_main_use|basement_or_unknown_floor
30efc10d68c4c5d3,서울,서울특별시 강서구 염창동 65번지,서울특별시 강서구 양천로67길 71-3 (염창동),10100,11500,10171100318492,진영리버타운,,2022,1,1,0.0,0,1,0,0,unknown,0.667,0,0,0,0,1,low_data_completeness
30f14a965977f8f1,인천,인천광역시 미추홀구 숭의동 1-10번지,인천광역시 미추홀구 경인로 150 (숭의동),10100,28177,10561100237794,한우리,,2022,1,1,0.0,0,1,0,0,unknown,0.667,0,0,0,0,1,low_data_completeness
30f7d4fa05da18b9,인천,인천광역시 중구 중앙동1가 1-2번지,인천광역시 중구 신포로23번길 80-1 (중앙동1가),10100,28110,10541592,,사무소,1992,0,4,761.04,1,0,1,0,unknown,0.833,1,1,0,0,1,old_building|non_residential_main_use
310c24fe2bf5af5b,서울,서울특별시 노원구 월계동 18번지,서울특별시 노원구 마들로 31 (월계동),10200,11350,101213202,그랑빌아파트,"지하주차장,대피소",2002,0,1,0.0,1,0,0,0,unknown,0.833,1,1,1,0,1,old_building|non_residential_main_use|basement_or_unknown_floor
311dd69c4be99272,경기,경기도 고양시 일산동구 식사동 13-8번지,,10100,41285,11041100436777,저장고(탄40),국방ㆍ군사시설,1973,0,1,652379.0,1,0,1,0,unknown,0.833,1,1,0,0,1,old_building|non_residential_main_use
31248a9592751a58,서울,서울특별시 도봉구 쌍문동 11-3번지,서울특별시 도봉구 도봉로139길 80-9 (쌍문동),10500,11320,10111100193054,,,2022,1,1,0.0,0,1,0,0,unknown,0.667,0,0,0,0,1,low_data_completeness
312f165340bc9ed0,인천,인천광역시 연수구 옥련동 118-20번지,인천광역시 연수구 한진로72번길 32 (옥련동),10100,28185,105718334,,,2022,1,1,0.0,0,1,0,0,unknown,0.667,0,0,1,0,1,basement_or_unknown_floor|low_data_completeness
3132880937c9aca0,경기,경기도 군포시 당동 14-1번지,경기도 군포시 공단로 149 (당동),10100,41410,111319621,아이밸리 군포,,2022,1,1,0.0,0,1,0,0,unknown,0.667,0,0,1,0,1,basement_or_unknown_floor|low_data_completeness
313d0316a8b325ac,인천,인천광역시 남동구 구월동 3-49번지,인천광역시 남동구 석산로222번길 25 (구월동),10100,28200,10581100334032,구월해드림,도시형생활주택(단지형연립주택),2020,0,1,893.7,1,0,0,0,unknown,0.833,0,0,0,0,0,
3140b65eb9b3aa59,경기,경기도 군포시 당동 133-5번지,경기도 군포시 군포로538번길 24 (당동),10100,41410,11131551,,주택,1940,0,1,0.0,1,0,0,0,unknown,0.833,1,0,0,0,1,old_building
317cb8db7304b5eb,인천,인천광역시 중구 중앙동1가 15-2번지,인천광역시 중구 신포로23번길 98 (중앙동1가),10100,28110,1054115407,중앙파크빌,,2022,1,1,0.0,0,1,0,0,unknown,0.667,0,0,0,0,1,low_data_completeness
3183cafecd033d3a,경기,경기도 광주시 경안동 11-1번지,경기도 광주시 중앙로154번길 15-12 (경안동),10100,41610,1125114211,,단독주택(다가구주택),2004,0,1,278.0,1,0,0,0,unknown,0.833,1,0,0,0,1,old_building
3184a3edfd3e4325,서울,서울특별시 강서구 염창동 64-12번지,,10100,11500,101715202,,"창고, 경비실",1984,0,1,445.0,1,0,0,0,unknown,0.833,1,1,0,0,1,old_building|non_residential_main_use
318b3b77564807ad,인천,인천광역시 강화군 강화읍 신문리 68-3번지,인천광역시 강화군 남문안길 18 (강화읍 신문리),25021,28710,1062111112,,"주택, 근린생활시설",1935,0,1,679.0,1,0,0,0,unknown,0.833,1,0,0,0,1,old_building
318c8dd0121c83c6,경기,경기도 군포시 당동 14-1번지,경기도 군포시 공단로 149 (당동),10100,41410,111319571,아이밸리 군포,,2022,1,1,0.0,0,1,0,0,unknown,0.667,0,0,1,0,1,basement_or_unknown_floor|low_data_completeness
31a5f775b5993609,경기,경기도 고양시 일산서구 일산동 524-16번지,경기도 고양시 일산서구 일중로 17 (일산동),10100,41287,11041325943,포오스프라자,,2022,1,1,0.0,0,1,0,0,unknown,0.667,0,0,0,0,1,low_data_completeness
31a69720a666ec5c,서울,서울특별시 도봉구 쌍문동 7-21번지,서울특별시 도봉구 도봉로139길 65 (쌍문동),10500,11320,10111100204647,와이앤캐슬,,2022,1,1,0.0,0,1,0,0,unknown,0.667,0,0,0,0,1,low_data_completeness
31bec307352f6403,경기,경기도 광명시 광명동 24-26번지,경기도 광명시 광삼로13번길 28 (광명동),10100,41210,1098117374,,,2022,1,1,0.0,0,1,0,0,unknown,0.667,0,0,1,0,1,basement_or_unknown_floor|low_data_completeness
31c91ab23686d764,서울,서울특별시 도봉구 쌍문동 11-17번지,서울특별시 도봉구 방학로7길 41 (쌍문동),10500,11320,10111100208264,젬스톤빌리지,,2022,1,1,0.0,0,1,0,0,unknown,0.667,0,0,0,0,1,low_data_completeness
31cb8fb70b9997df,경기,경기도 광주시 경안동 20-16번지,경기도 광주시 광주대로 31 (경안동),10100,41610,1000000000000002747879,지에이타워,,2023,1,1,0.0,0,1,0,0,unknown,0.667,0,0,0,0,1,low_data_completeness
31cd7b27950406da,서울,서울특별시 관악구 봉천동 1-485번지,서울특별시 관악구 청림3길 60 (봉천동),10100,11620,1022188229,,,2022,1,1,0.0,0,1,0,0,unknown,0.667,0,0,0,0,1,low_data_completeness
31d189d74230150b,인천,인천광역시 서구 백석동 블록,인천광역시 서구 한들로 33 (백석동),10100,28260,1000000000000002033973,검암역 로열파크씨티 푸르지오 1단지,,2023,1,1,0.0,0,1,0,0,unknown,0.667,0,0,0,0,1,low_data_completeness
31e43c794429bf97,경기,경기도 고양시 일산동구 식사동 231번지,경기도 고양시 일산동구 견달산로210번길 47-3 (식사동),10100,41285,11041100326651,드림팰리스,,2022,1,1,0.0,0,1,0,0,unknown,0.667,0,0,0,0,1,low_data_completeness
31e4acd824fed1af,인천,인천광역시 동구 만석동 5-21번지,인천광역시 동구 인중로 440-1 (만석동),10100,28140,1055112126,서해빌라,,2022,1,1,0.0,0,1,0,0,unknown,0.667,0,0,1,0,1,basement_or_unknown_floor|low_data_completeness
31fee48c84102c6d,서울,서울특별시 노원구 월계동 18번지,서울특별시 노원구 마들로 31 (월계동),10200,11350,101213228,그랑빌아파트,공동주택(아파트),2002,0,1,0.0,1,0,0,0,unknown,0.833,1,0,0,0,1,old_building
3211a618e75b6b36,인천,인천광역시 동구 만석동 5-22번지,인천광역시 동구 인중로 442 (만석동),10100,28140,1055112135,서해빌라,,2022,1,1,0.0,0,1,0,0,unknown,0.667,0,0,1,0,1,basement_or_unknown_floor|low_data_completeness
321d02fe44cc9bab,인천,인천광역시 부평구 부평동 10-233번지,인천광역시 부평구 주부토로100번길 20 (부평동),10100,28237,10591100263629,스마트빌,,2022,1,1,0.0,0,1,0,0,unknown,0.667,0,0,0,0,1,low_data_completeness
321d7a6f0e29789a,인천,인천광역시 옹진군 북도면 시도리 139-2번지,인천광역시 옹진군 시도로104번길 105-24 (북도면 시도리),31021,28720,10631100173291,,제1종근린생활시설(소매점),2008,0,1,656.0,1,0,0,0,unknown,0.833,0,1,0,0,1,non_residential_main_use
322b8bc22a2dfc65,서울,서울특별시 금천구 가산동 40-11번지,서울특별시 금천구 벚꽃로42길 13 (가산동),10100,11545,10191100200306,휴먼빌,,2022,1,1,0.0,0,1,0,0,unknown,0.667,0,0,0,0,1,low_data_completeness
32342400b7fc16ab,경기,경기도 김포시 북변동 163-6번지,경기도 김포시 김포대로1127번길 83 (북변동),10100,41570,112313612,,단독주택,2007,0,1,830.0,1,0,0,0,unknown,0.833,0,0,0,0,0,
3237bc6c81008480,서울,서울특별시 도봉구 쌍문동 7-21번지,서울특별시 도봉구 도봉로139길 65 (쌍문동),10500,11320,10111100204643,와이앤캐슬,,2022,1,1,0.0,0,1,0,0,unknown,0.667,0,0,0,0,1,low_data_completeness
323f0584d66aebb0,인천,인천광역시 강화군 강화읍 신문리 205-5번지,인천광역시 강화군 강화대로 429 (강화읍 신문리),25021,28710,1062135709,중앙시장,,2022,1,1,0.0,0,1,0,0,unknown,0.667,0,0,1,0,1,basement_or_unknown_floor|low_data_completeness
324b823054f98bb2,서울,서울특별시 구로구 신도림동 281-13번지,서울특별시 구로구 신도림로15길 90 (신도림동),10100,11530,1018110971,,"주택, 점포",1976,0,1,0.0,1,0,0,0,unknown,0.833,1,0,0,0,1,old_building
324cd047297eecbf,서울,서울특별시 강서구 염창동 110-12번지,서울특별시 강서구 양천로73길 62 (염창동),10100,11500,101716749,,"근린생활시설, 다가구용단독주택(2가구)",1993,0,1,271.0,1,0,0,0,unknown,0.833,1,0,0,0,1,old_building
326c19546340bff1,서울,서울특별시 강동구 명일동 28번지,서울특별시 강동구 고덕로46길 71 (명일동),10100,11740,102611213,삼익아파트,"소매점,의원,1.2종 근린생활시설",1985,0,1,0.0,1,0,0,0,unknown,0.833,1,1,0,0,1,old_building|non_residential_main_use
32781530bcd73476,경기,경기도 고양시 덕양구 주교동 272-1번지,경기도 고양시 덕양구 원당로59번길 94-7 (주교동),10100,41281,11041117527,윤창아파트,,2022,1,1,0.0,0,1,0,0,unknown,0.667,0,0,1,0,1,basement_or_unknown_floor|low_data_completeness
3294b5bc7198be1f,경기,경기도 군포시 당동 69-12번지,경기도 군포시 군포로580번길 41 (당동),10100,41410,11131535,,다가구주택,2004,0,1,162.11,1,0,0,0,unknown,0.833,1,0,0,0,1,old_building
32acf3645feea66b,서울,서울특별시 강북구 미아동 3-12번지,서울특별시 강북구 오현로9길 13 (미아동),10100,11305,10101100195799,,,2022,1,1,0.0,0,1,0,0,unknown,0.667,0,0,0,0,1,low_data_completeness
32ad062c1a81add1,경기,경기도 군포시 당동 168-7번지,경기도 군포시 공단로 39-5 (당동),10100,41410,11131591,,공장,2004,0,1,0.0,1,0,0,0,unknown,0.833,1,1,0,0,1,old_building|non_residential_main_use
32f9642b1e7ef386,서울,서울특별시 관악구 봉천동 1-618번지,서울특별시 관악구 청림3다길 17 (봉천동),10100,11620,1022178539,,,2022,1,1,0.0,0,1,0,0,unknown,0.667,0,0,0,0,1,low_data_completeness
32fa090cd143c5f8,서울,서울특별시 강남구 역삼동 604-2번지,서울특별시 강남구 봉은사로18길 4 (역삼동),10100,11680,1024110363,,근린생활시설,1991,0,1,382.6,1,0,0,0,unknown,0.833,1,1,0,0,1,old_building|non_residential_main_use
3304c1b7471407e0,경기,경기도 김포시 북변동 110번지,,10100,41570,112313583,,단독주택,2022,0,1,34.55,1,0,1,0,unknown,0.833,0,0,0,0,0,
33076a018f43ec97,인천,인천광역시 미추홀구 숭의동 1-1번지,인천광역시 미추홀구 경인로 144 (숭의동),10100,28177,105612162,,단독주택,1985,0,3,351.65,1,0,1,0,unknown,0.833,1,0,0,0,1,old_building
3311e2b5e57da737,인천,인천광역시 동구 만석동 5-21번지,인천광역시 동구 인중로 440-1 (만석동),10100,28140,1055112123,서해빌라,,2022,1,1,0.0,0,1,0,0,unknown,0.667,0,0,1,0,1,basement_or_unknown_floor|low_data_completeness
331901507a3c7463,경기,경기도 고양시 일산서구 일산동 62-6번지,,10100,41287,11041236061,,단독주택,2022,0,1,64.23,1,0,1,0,unknown,0.833,0,0,0,0,0,
331cd3990b6850aa,경기,경기도 고양시 덕양구 주교동 38-13번지,경기도 고양시 덕양구 원당로 112 (주교동),10100,41281,11041100458202,고양 엘림프라자,,2022,1,1,0.0,0,1,0,0,unknown,0.667,0,0,0,0,1,low_data_completeness
332456a7113eb77d,경기,경기도 군포시 당동 14-1번지,경기도 군포시 공단로 149 (당동),10100,41410,111319566,아이밸리 군포,,2022,1,1,0.0,0,1,0,0,unknown,0.667,0,0,1,0,1,basement_or_unknown_floor|low_data_completeness
33254dad1441d696,인천,인천광역시 서구 백석동 블록,인천광역시 서구 한들로 33 (백석동),10100,28260,1000000000000002033600,검암역 로열파크씨티 푸르지오 1단지,,2023,1,1,0.0,0,1,0,0,unknown,0.667,0,0,0,0,1,low_data_completeness
332f407d3e1452cc,서울,서울특별시 강서구 내발산동 647번지,서울특별시 강서구 강서로52길 43 (내발산동),10600,11500,1000000000000002238218,DH647,다세대주택,2023,0,4,90.81,0,0,0,1,unknown,0.833,0,0,1,0,1,basement_or_unknown_floor
333a2e002f31d5c5,경기,경기도 고양시 덕양구 주교동 272-1번지,경기도 고양시 덕양구 원당로59번길 94-7 (주교동),10100,41281,11041117544,윤창아파트,,2022,1,1,0.0,0,1,0,0,unknown,0.667,0,0,1,0,1,basement_or_unknown_floor|low_data_completeness
3343b0f56667fcb3,경기,경기도 군포시 당동 134-8번지,경기도 군포시 공단로 105 (당동),10100,41410,11131559,,공장,1999,0,1,430.67,1,0,0,0,unknown,0.833,1,1,0,0,1,old_building|non_residential_main_use
334dd630069371e9,인천,인천광역시 강화군 강화읍 신문리 9-2번지,인천광역시 강화군 강화대로 381 (강화읍 신문리),25021,28710,1062124018,강화농지개량조합,제2종근린생활시설,1978,0,1,1831.0,1,0,0,0,unknown,0.833,1,1,0,0,1,old_building|non_residential_main_use
335286dd989c71df,서울,서울특별시 광진구 중곡동 18-54번지,서울특별시 광진구 용마산로 136 (중곡동),10100,11215,10061763,동인빌딩,근린생활시설,2006,0,1,255.2,1,0,0,0,unknown,0.833,0,1,0,0,1,non_residential_main_use
3356963567d850f2,인천,인천광역시 부평구 부평동 10-233번지,인천광역시 부평구 주부토로100번길 20 (부평동),10100,28237,10591100263621,스마트빌,,2022,1,1,0.0,0,1,0,0,unknown,0.667,0,0,0,0,1,low_data_completeness
3358aba0eb593d03,경기,경기도 고양시 일산동구 식사동 2-14번지,경기도 고양시 일산동구 사리현로 101-8 (식사동),10100,41285,11041100339789,,소매점,2018,0,1,66.0,1,0,1,0,unknown,0.833,0,1,0,0,1,non_residential_main_use
335c2c2c0895a03b,경기,경기도 광명시 광명동 24-29번지,경기도 광명시 연서일로17번길 29-8 (광명동),10100,41210,1098117378,,,2022,1,1,0.0,0,1,0,0,unknown,0.667,0,0,0,0,1,low_data_completeness
3363b237cca0c030,경기,경기도 광주시 경안동 19-7번지,경기도 광주시 광주대로55번길 7-4 (경안동),10100,41610,1125171975,,,2022,1,1,0.0,0,1,0,0,unknown,0.667,0,0,1,0,1,basement_or_unknown_floor|low_data_completeness
33901effdfd3e376,인천,인천광역시 서구 백석동 21-1번지,인천광역시 서구 독정로 16-32 (백석동),10100,28260,1000000000000005176811,,사무소,2025,0,3,951.82,1,0,1,0,unknown,0.833,0,1,0,0,1,non_residential_main_use
3396d894c7a06e0b,경기,경기도 군포시 당동 14-1번지,경기도 군포시 공단로 149 (당동),10100,41410,111319594,아이밸리 군포,,2022,1,1,0.0,0,1,0,0,unknown,0.667,0,0,1,0,1,basement_or_unknown_floor|low_data_completeness
33aaca541238dad8,인천,인천광역시 서구 백석동 블록,인천광역시 서구 한들로 73 (백석동),10100,28260,1000000000000002037188,검암역 로열파크씨티 푸르지오 2단지,,2023,1,1,0.0,0,1,0,0,unknown,0.667,0,0,0,0,1,low_data_completeness
33af740fdffd6106,인천,인천광역시 강화군 강화읍 신문리 205-5번지,인천광역시 강화군 강화대로 429 (강화읍 신문리),25021,28710,1062135725,중앙시장,,2022,1,1,0.0,0,1,0,0,unknown,0.667,0,0,1,0,1,basement_or_unknown_floor|low_data_completeness
33b1b99d7601c0ba,서울,서울특별시 도봉구 쌍문동 13-2번지,서울특별시 도봉구 도당로 18 (쌍문동),10500,11320,1011117180,,,2022,1,1,0.0,0,1,0,0,unknown,0.667,0,0,0,0,1,low_data_completeness
33ce3ed96d89cd29,인천,인천광역시 계양구 효성동 1-14번지,인천광역시 계양구 길마로88번길 11 (효성동),10100,28245,106012046,원익그린맨션,다세대주택,1995,0,4,982.26,1,0,1,0,unknown,0.833,1,0,0,0,1,old_building
33e0152429ff0245,경기,경기도 군포시 당동 14-1번지,경기도 군포시 공단로 149 (당동),10100,41410,111319597,아이밸리 군포,,2022,1,1,0.0,0,1,0,0,unknown,0.667,0,0,1,0,1,basement_or_unknown_floor|low_data_completeness
33e73411588513af,서울,서울특별시 도봉구 쌍문동 11-17번지,서울특별시 도봉구 방학로7길 41 (쌍문동),10500,11320,10111100208262,젬스톤빌리지,,2022,1,1,0.0,0,1,0,0,unknown,0.667,0,0,0,0,1,low_data_completeness
33edc96299b5d751,인천,인천광역시 동구 만석동 1-60번지,인천광역시 동구 보세로26번길 24-41 (만석동),10100,28140,10551100183923,,공장,2016,0,1,2469.0,1,0,0,0,unknown,0.833,0,1,0,0,1,non_residential_main_use
33f21e2fbd69e829,서울,서울특별시 강북구 미아동 3-9번지,서울특별시 강북구 오현로9길 23 (미아동),10100,11305,1010130827,,다세대주택,2022,1,3,70.37,0,1,0,1,unknown,0.833,0,0,1,0,1,basement_or_unknown_floor
33f45df28031615e,인천,인천광역시 중구 중앙동3가 4-8번지,인천광역시 중구 홍예문로 7 (중앙동3가),10300,28110,1054115586,,,2022,1,1,0.0,0,1,0,0,unknown,0.667,0,0,0,0,1,low_data_completeness
342b305e22e83204,인천,인천광역시 부평구 부평동 10-236번지,인천광역시 부평구 주부토로94번길 13-1 (부평동),10100,28237,1059119886,,주택,1977,0,1,0.0,1,0,0,0,unknown,0.833,1,0,0,0,1,old_building
3445aea0e10fb410,서울,서울특별시 강남구 역삼동 601-29번지,서울특별시 강남구 강남대로110길 19-1 (역삼동),10100,11680,10241100302388,케이빌딩,일반음식점,2022,0,1,117.85,0,0,0,1,unknown,0.833,0,1,0,0,1,non_residential_main_use
344cc1b255a2f405,서울,서울특별시 강서구 염창동 113-13번지,서울특별시 강서구 양천로75길 46-1 (염창동),10100,11500,101715797,,다가구용단독주택,1993,0,1,119.0,1,0,0,0,unknown,0.833,1,0,0,0,1,old_building
344def46cadc6c11,서울,서울특별시 금천구 가산동 29-14번지,서울특별시 금천구 벚꽃로56길 64-5 (가산동),10100,11545,1019114454,,주택,1971,0,1,0.0,1,0,0,0,unknown,0.833,1,0,0,0,1,old_building
3450fca016841999,인천,인천광역시 계양구 효성동 11-13번지,인천광역시 계양구 봉오대로601번길 5-1 (효성동),10100,28245,106011122,,주택,1982,0,1,0.0,1,0,0,0,unknown,0.833,1,0,0,0,1,old_building
346210c99501ebd1,서울,서울특별시 강남구 역삼동 601-1번지,서울특별시 강남구 봉은사로 110 (역삼동),10100,11680,1000000000000006869039,RDL Tower,의원,2025,0,18,5460.1,1,0,1,0,unknown,0.833,0,1,0,0,1,non_residential_main_use
34646eb724e68590,경기,경기도 광명시 광명동 24-31번지,경기도 광명시 광삼로13번길 38 (광명동),10100,41210,1098117386,공주빌라,,2022,1,1,0.0,0,1,0,0,unknown,0.667,0,0,1,0,1,basement_or_unknown_floor|low_data_completeness
346dd6550d7f641f,서울,서울특별시 노원구 월계동 12번지,서울특별시 노원구 마들로 127 (월계동),10200,11350,10121113046,,,2022,1,1,0.0,0,1,0,0,unknown,0.667,0,0,0,0,1,low_data_completeness
347e9de23e70d585,경기,경기도 김포시 북변동 200-16번지,경기도 김포시 봉화로 164-2 (북변동),10100,41570,1000000000000003596023,MU빌리지,,2024,1,1,0.0,0,1,0,0,unknown,0.667,0,0,0,0,1,low_data_completeness
34984028e38f2e57,서울,서울특별시 관악구 봉천동 1-70번지,서울특별시 관악구 청림3다길 12 (봉천동),10100,11620,1022134012,봉천하이빌,다세대주택,2003,0,4,999.68,1,0,1,0,unknown,0.833,1,0,0,0,1,old_building
34a2a6f488738e33,인천,인천광역시 미추홀구 숭의동 1-66번지,인천광역시 미추홀구 수봉로33번길 28-6 (숭의동),10100,28177,105612183,,주택,1977,0,1,0.0,1,0,0,0,unknown,0.833,1,0,0,0,1,old_building
34c2773ffd8e11f0,인천,인천광역시 서구 백석동 58번지,인천광역시 서구 자원순환로260번길 82 (백석동),10100,28260,10611100253455,,제2종 근린생활시설,2012,0,1,0.0,1,0,0,0,unknown,0.833,0,1,0,0,1,non_residential_main_use
34c95699db944f0d,경기,경기도 광주시 경안동 10-22번지,경기도 광주시 중앙로154번길 24 (경안동),10100,41610,11251100232560,,,2022,1,1,0.0,0,1,0,0,unknown,0.667,0,0,0,0,1,low_data_completeness
34d31fd7b84e885a,서울,서울특별시 관악구 봉천동 1-704번지,서울특별시 관악구 청림3마길 25 (봉천동),10100,11620,10221110694,,,2022,1,1,0.0,0,1,0,0,unknown,0.667,0,0,0,0,1,low_data_completeness
34df5d25c773e07a,서울,서울특별시 구로구 신도림동 271-25번지,서울특별시 구로구 신도림로19길 144 (신도림동),10100,11530,10181100189219,신도림삼성쉐르빌 1,,2022,1,1,0.0,0,1,0,0,unknown,0.667,0,0,0,0,1,low_data_completeness
34e3026f8c49145a,인천,인천광역시 강화군 강화읍 신문리 3-1번지,인천광역시 강화군 강화대로403번길 5 (강화읍 신문리),25021,28710,1062124463,,제2종근린생활시설,1975,0,1,225.0,1,0,0,0,unknown,0.833,1,1,0,0,1,old_building|non_residential_main_use
34e4c824cf1f7745,경기,경기도 광주시 경안동 11-9번지,경기도 광주시 광주대로71번길 20-8 (경안동),10100,41610,1125115599,,주택,1971,0,1,0.0,1,0,0,0,unknown,0.833,1,0,0,0,1,old_building
34f54e1e8677793d,경기,경기도 구리시 갈매동 510번지,경기도 구리시 갈매순환로204번길 65 (갈매동),10100,41310,11091100207242,구리 스마트벤처타워,,2022,1,1,0.0,0,1,0,0,unknown,0.667,0,0,0,0,1,low_data_completeness
351f89e00576beb1,서울,서울특별시 강서구 염창동 65번지,서울특별시 강서구 양천로67길 71-3 (염창동),10100,11500,10171100318487,진영리버타운,,2022,1,1,0.0,0,1,0,0,unknown,0.667,0,0,0,0,1,low_data_completeness
35214cb46649cf0d,서울,서울특별시 도봉구 쌍문동 21-16번지,서울특별시 도봉구 도봉로133길 40-10 (쌍문동),10500,11320,101114174,1동,다세대주택,1993,0,1,553.0,1,0,0,0,unknown,0.833,1,0,0,0,1,old_building
352503bde38620f9,경기,경기도 고양시 일산서구 일산동 551-13번지,경기도 고양시 일산서구 원일로 114 (일산동),10100,41287,11041237634,,"근린생활시설, 위락시설",1985,0,1,0.0,1,0,0,0,unknown,0.833,1,1,0,0,1,old_building|non_residential_main_use
352868ff2d903230,서울,서울특별시 광진구 중곡동 18-24번지,서울특별시 광진구 용마산로24길 13 (중곡동),10100,11215,100618035,신향빌라,연립주택,1986,0,1,0.0,1,0,0,0,unknown,0.833,1,0,0,0,1,old_building
352a41f5b7a13d1b,인천,인천광역시 동구 만석동 2-23번지,인천광역시 동구 만석부두로 16-3 (만석동),10100,28140,10551235,13동,공장,2001,0,1,0.0,1,0,0,0,unknown,0.833,1,1,0,0,1,old_building|non_residential_main_use
355e1b43282045c6,인천,인천광역시 남동구 구월동 3-18번지,인천광역시 남동구 석산로228번길 17-8 (구월동),10100,28200,1058127539,,,2022,1,1,0.0,0,1,0,0,unknown,0.667,0,0,0,0,1,low_data_completeness
355f35b62424bc0f,인천,인천광역시 연수구 옥련동 118-3번지,인천광역시 연수구 비류대로144번길 23-2 (옥련동),10100,28185,105718278,,,2022,1,1,0.0,0,1,0,0,unknown,0.667,0,0,1,0,1,basement_or_unknown_floor|low_data_completeness
356150ad10b102e4,서울,서울특별시 강동구 명일동 41번지,서울특별시 강동구 고덕로62길 126 (명일동),10100,11740,102611220,고덕삼환고층아파트,아파트,1987,0,1,0.0,1,0,0,0,unknown,0.833,1,0,0,0,1,old_building
357f33c173966da7,인천,인천광역시 옹진군 백령면 진촌리 959-4번지,인천광역시 옹진군 백령로278번길 133-20 (백령면 진촌리),33021,28720,10631100209101,백령 공공실버 마을,,2022,1,1,0.0,0,1,0,0,unknown,0.667,0,0,0,0,1,low_data_completeness
357f43a1050cef86,인천,인천광역시 계양구 효성동 1-59번지,인천광역시 계양구 길마로 102 (효성동),10100,28245,106012063,삼성하이츠맨션,공동주택(다세대주택),2001,0,1,0.0,1,0,0,0,unknown,0.833,1,0,0,0,1,old_building
3585405e2af083f0,인천,인천광역시 남동구 구월동 3-71번지,인천광역시 남동구 당좌로 37-1 (구월동),10100,28200,10581100314801,명성다온채,공동주택(다세대주택),2018,0,1,289.7,1,0,0,0,unknown,0.833,0,0,0,0,0,
35867c74fd883a52,인천,인천광역시 부평구 부평동 10-225번지,인천광역시 부평구 길주남로 112-17 (부평동),10100,28237,1059113279,,주택,2022,0,1,0.0,1,0,0,0,unknown,0.833,0,0,0,0,0,
3589ae259bba1c59,서울,서울특별시 강동구 명일동 44번지,서울특별시 강동구 고덕로 240 (명일동),10100,11740,102611174,신동아아파트,아파트,1986,0,1,0.0,1,0,0,0,unknown,0.833,1,0,0,0,1,old_building
359429a0563f522e,서울,서울특별시 강남구 역삼동 605-11번지,서울특별시 강남구 봉은사로24길 11 (역삼동),10100,11680,102419509,,근린생활시설,1989,0,1,367.6,1,0,0,0,unknown,0.833,1,1,0,0,1,old_building|non_residential_main_use
359851ac9bea3a85,경기,경기도 고양시 덕양구 주교동 272-1번지,경기도 고양시 덕양구 원당로59번길 94-7 (주교동),10100,41281,11041117528,윤창아파트,,2022,1,1,0.0,0,1,0,0,unknown,0.667,0,0,1,0,1,basement_or_unknown_floor|low_data_completeness
359ee6a7deb13b94,인천,인천광역시 강화군 강화읍 신문리 205-5번지,인천광역시 강화군 강화대로 429 (강화읍 신문리),25021,28710,1062135885,중앙시장,,2022,1,1,0.0,0,1,0,0,unknown,0.667,0,0,1,0,1,basement_or_unknown_floor|low_data_completeness
35a0e29f029ca04b,인천,인천광역시 중구 중앙동2가 20-5번지,인천광역시 중구 신포로23번길 72 (중앙동2가),10200,28110,10541668,,"주택, 소매점",2022,0,1,0.0,1,0,0,0,unknown,0.833,0,0,0,0,0,
35a8ffa409a9ff19,서울,서울특별시 강서구 가양동 14-3번지,서울특별시 강서구 양천로 489 (가양동),10400,11500,1017130188,가양우성아파트,아파트,2022,0,2,94.0,0,0,0,1,unknown,0.833,0,0,0,0,0,
35a9a57b3c3020f2,인천,인천광역시 동구 만석동 2-370번지,인천광역시 동구 만석부두로13번길 47 (만석동),10100,28140,10551100174245,,,2022,1,1,0.0,0,1,0,0,unknown,0.667,0,0,0,0,1,low_data_completeness
35b006116b92ec38,인천,인천광역시 연수구 옥련동 61-3번지,인천광역시 연수구 옥골로 122-2 (옥련동),10100,28185,10571513,,단독주택,2022,0,1,62.8,1,0,1,0,unknown,0.833,0,0,0,0,0,
35b2767bc7e7d543,서울,서울특별시 노원구 월계동 12번지,서울특별시 노원구 마들로 127 (월계동),10200,11350,10121195138,,,2022,1,1,0.0,0,1,0,0,unknown,0.667,0,0,0,0,1,low_data_completeness
35dd4124adb901f3,인천,인천광역시 동구 만석동 1-69번지,인천광역시 동구 보세로26번길 24-33 (만석동),10100,28140,10551100182160,,창고시설,2014,0,1,474.6,1,0,0,0,unknown,0.833,0,1,0,0,1,non_residential_main_use
35df83bcb08be67c,서울,서울특별시 강서구 등촌동 14-7번지,서울특별시 강서구 양천로 424 (등촌동),10200,11500,10171100352336,가양역 데시앙플렉스 지식산업센터,기타공장,2022,0,2,189.47,0,0,0,1,unknown,0.833,0,1,1,0,1,non_residential_main_use|basement_or_unknown_floor
3615e209f9a3aef5,경기,경기도 고양시 일산동구 식사동 13-8번지,,10100,41285,11041100436793,저장고(탄11),교정및군사시설,1976,0,1,652295.0,1,0,0,0,unknown,0.833,1,1,0,0,1,old_building|non_residential_main_use
364cd95df6ec5695,서울,서울특별시 관악구 봉천동 1-460번지,서울특별시 관악구 청림3다길 26 (봉천동),10100,11620,102215978,,단독주택,1990,0,1,0.0,1,0,0,0,unknown,0.833,1,0,0,0,1,old_building
3659a9aa54eaf82c,서울,서울특별시 금천구 가산동 4-13번지,서울특별시 금천구 벚꽃로56길 10 (가산동),10100,11545,101919135,,다가구주택,1992,0,4,290.92,1,0,1,0,unknown,0.833,1,0,0,0,1,old_building
365d4a10579f8428,서울,서울특별시 강서구 개화동 425-20번지,서울특별시 강서구 개화동로5길 3-18 (개화동),11000,11500,10171100238162,개화동 경동미르웰,다세대주택,2022,0,1,30.95,0,0,0,1,unknown,0.833,0,0,0,0,0,
3660e5869d0535d8,서울,서울특별시 도봉구 쌍문동 13-2번지,서울특별시 도봉구 도당로 18 (쌍문동),10500,11320,101114166,,아파트,1989,0,1,0.0,1,0,0,0,unknown,0.833,1,0,0,0,1,old_building
3665d051cc298542,경기,경기도 고양시 일산서구 일산동 322번지,,10100,41287,11041229701,,단독주택,2022,0,1,83.35,1,0,1,0,unknown,0.833,0,0,0,0,0,
366d0895d087500c,서울,서울특별시 광진구 중곡동 18-12번지,서울특별시 광진구 용마산로 156 (중곡동),10100,11215,10061100225204,월드하우스,,2022,1,1,0.0,0,1,0,0,unknown,0.667,0,0,0,0,1,low_data_completeness
367d3d2576d26d2e,인천,인천광역시 중구 중앙동1가 14-3번지,인천광역시 중구 신포로27번길 95 (중앙동1가),10100,28110,10541616,,"근린생활시설, 단독주택",1994,0,1,66.1,1,0,0,0,unknown,0.833,1,0,0,0,1,old_building
36848a777ee55ee0,인천,인천광역시 미추홀구 숭의동 1-10번지,인천광역시 미추홀구 경인로 150 (숭의동),10100,28177,10561100237770,한우리,,2022,1,1,0.0,0,1,0,0,unknown,0.667,0,0,0,0,1,low_data_completeness
368cd7439612eea4,서울,서울특별시 광진구 중곡동 18-31번지,서울특별시 광진구 용마산로26길 22-1 (중곡동),10100,11215,10061752,,주택,1977,0,1,0.0,1,0,0,0,unknown,0.833,1,0,0,0,1,old_building
3690161948d9aefa,서울,서울특별시 금천구 가산동 29-30번지,서울특별시 금천구 벚꽃로46다길 10 (가산동),10100,11545,1019116530,,단독주택,1991,0,1,0.0,1,0,0,0,unknown,0.833,1,0,0,0,1,old_building
3699b43a0a9e506e,경기,경기도 고양시 일산서구 일산동 551-10번지,경기도 고양시 일산서구 원일로 112 (일산동),10100,41287,1000000000000004897146,,제2종근린생활시설,2024,0,1,398.0,1,0,0,0,unknown,0.833,0,1,0,0,1,non_residential_main_use
36a8f0f62b0748e1,인천,인천광역시 부평구 부평동 10-25번지,인천광역시 부평구 주부토로94번길 4 (부평동),10100,28237,105918267,,단독주택,1974,0,1,55.54,1,0,1,0,unknown,0.833,1,0,0,0,1,old_building
36ace8fbfa718164,서울,서울특별시 금천구 가산동 41-7번지,서울특별시 금천구 벚꽃로42길 18 (가산동),10100,11545,1019146400,,,2022,1,1,0.0,0,1,0,0,unknown,0.667,0,0,0,0,1,low_data_completeness
36ae343be2ffe63b,경기,경기도 고양시 일산서구 일산동 533-4번지,,10100,41287,11041238040,,일반음식점,1995,0,2,1186.22,1,0,1,0,unknown,0.833,1,1,0,0,1,old_building|non_residential_main_use
36bb1fad29e9480b,인천,인천광역시 동구 만석동 5-21번지,인천광역시 동구 인중로 440-1 (만석동),10100,28140,1055112121,서해빌라,,2022,1,1,0.0,0,1,0,0,unknown,0.667,0,0,1,0,1,basement_or_unknown_floor|low_data_completeness
36bf8ef716f0e82b,인천,인천광역시 연수구 옥련동 116-28번지,인천광역시 연수구 비류대로150번길 15 (옥련동),10100,28185,10571100258372,THE 휴,단독주택,2019,0,1,220.0,1,0,0,0,unknown,0.833,0,0,0,0,0,
36c1927663b43507,서울,서울특별시 강서구 염창동 57번지,서울특별시 강서구 양천로67길 50-33 (염창동),10100,11500,1017171436,지오빌,,2022,1,1,0.0,0,1,0,0,unknown,0.667,0,0,0,0,1,low_data_completeness
36eaa8f88f496b2f,서울,서울특별시 강서구 염창동 53-1번지,서울특별시 강서구 양천로67가길 63 (염창동),10100,11500,1017125516,염창동 주민자치센터,동사무소,2006,0,3,2761.35,1,0,1,0,unknown,0.833,0,1,0,0,1,non_residential_main_use
3716df634c22ea14,서울,서울특별시 노원구 월계동 13번지,서울특별시 노원구 마들로 111 (월계동),10200,11350,101211576,,중앙공급실,1986,0,1,0.0,1,0,0,0,unknown,0.833,1,1,1,0,1,old_building|non_residential_main_use|basement_or_unknown_floor
371a3bf8fad5ecdd,경기,경기도 과천시 관문동 71-31번지,경기도 과천시 산마을길 70 (관문동),10100,41290,1000000000000005850621,,단독주택(단독주택),2025,0,1,117.0,1,0,0,0,unknown,0.833,0,0,0,0,0,
371b423ea70ad573,인천,인천광역시 연수구 옥련동 118-44번지,인천광역시 연수구 한진로 77 (옥련동),10100,28185,1000000000000005573344,송도역 서해그랑블 더파크,,2025,1,1,0.0,0,1,0,0,unknown,0.667,0,0,0,0,1,low_data_completeness
3724c2d358cb3910,서울,서울특별시 강남구 역삼동 601-19번지,서울특별시 강남구 봉은사로4길 5 (역삼동),10100,11680,1024119051,,주거시설,1997,0,1,289.8,1,0,0,0,unknown,0.833,1,1,0,0,1,old_building|non_residential_main_use
372b489bd66d1e16,서울,서울특별시 금천구 가산동 7-12번지,서울특별시 금천구 벚꽃로56길 26 (가산동),10100,11545,1019113065,,대피소,1994,0,2,90.9,1,0,1,0,unknown,0.833,1,1,0,0,1,old_building|non_residential_main_use
372d1780c887e16b,서울,서울특별시 금천구 가산동 50-3번지,서울특별시 금천구 벚꽃로 298 (가산동),10100,11545,10191100191388,대륭 포스트타워 6차,,2022,1,1,0.0,0,1,0,0,unknown,0.667,0,0,0,0,1,low_data_completeness
3730a308c623c50a,경기,경기도 광명시 광명동 22-7번지,경기도 광명시 광삼로13번길 39 (광명동),10100,41210,10981695,,단독주택,1976,0,1,198.34,1,0,1,0,unknown,0.833,1,0,0,0,1,old_building
3737ce04e41d55d2,경기,경기도 구리시 갈매동 510번지,경기도 구리시 갈매순환로204번길 65 (갈매동),10100,41310,11091100207214,구리 스마트벤처타워,,2022,1,1,0.0,0,1,0,0,unknown,0.667,0,0,0,0,1,low_data_completeness
3739d609b9b24de7,경기,경기도 고양시 일산동구 식사동 233-2번지,경기도 고양시 일산동구 견달산로210번길 45-14 (식사동),10100,41285,11041100227614,식사동 233-2 공동주택 (김영한),,2022,1,1,0.0,0,1,0,0,unknown,0.667,0,0,0,0,1,low_data_completeness
3745edd7202f0e84,서울,서울특별시 광진구 중곡동 18-3번지,서울특별시 광진구 용마산로28길 6 (중곡동),10100,11215,10061100205909,,,2022,1,1,0.0,0,1,0,0,unknown,0.667,0,0,0,0,1,low_data_completeness
37492708a6e00545,경기,경기도 가평군 가평읍 읍내리 6-6번지,경기도 가평군 보납로 237 (가평읍 읍내리),25021,41820,11301100229486,,단독주택,2016,0,1,770.2,1,0,1,0,unknown,0.833,0,0,0,0,0,
375141077186700b,인천,인천광역시 서구 백석동 22-7번지,인천광역시 서구 독정로 16-16 (백석동),10100,28260,106112222,김무웅씨주택개축공사,단독주택,2007,0,1,951.41,1,0,1,0,unknown,0.833,0,0,0,0,0,
37530205165dc819,서울,서울특별시 구로구 신도림동 281-46번지,서울특별시 구로구 신도림로11라길 59-14 (신도림동),10100,11530,101815852,,주택,1976,0,1,0.0,1,0,0,0,unknown,0.833,1,0,0,0,1,old_building
3753fdc674e1aaa4,경기,경기도 고양시 일산서구 일산동 524-44번지,경기도 고양시 일산서구 일중로 21 (일산동),10100,41287,11041236736,,일반음식점,2007,0,1,1384.0,1,0,1,0,unknown,0.833,0,1,0,0,1,non_residential_main_use
375990f438a12ee7,인천,인천광역시 강화군 강화읍 신문리 205-5번지,인천광역시 강화군 강화대로 429 (강화읍 신문리),25021,28710,1062135784,중앙시장,,2022,1,1,0.0,0,1,0,0,unknown,0.667,0,0,1,0,1,basement_or_unknown_floor|low_data_completeness
376ef79d09047afa,서울,서울특별시 강동구 명일동 15번지,서울특별시 강동구 고덕로 210 (명일동),10100,11740,1026139313,삼익그린맨션,,2022,1,1,0.0,0,1,0,0,unknown,0.667,0,0,0,0,1,low_data_completeness
37736c4a75fb7fc8,서울,서울특별시 금천구 가산동 50-3번지,서울특별시 금천구 벚꽃로 298 (가산동),10100,11545,10191100191243,대륭 포스트타워 6차,,2022,1,1,0.0,0,1,0,0,unknown,0.667,0,0,0,0,1,low_data_completeness
3784c5319585c4ad,서울,서울특별시 강서구 염창동 58번지,서울특별시 강서구 양천로67길 50-29 (염창동),10100,11500,1017191902,블래스밸리,,2022,1,1,0.0,0,1,0,0,unknown,0.667,0,0,0,0,1,low_data_completeness
3786d4bd3fb920ac,경기,경기도 구리시 갈매동 162-6번지,경기도 구리시 담터길 21-10 (갈매동),10100,41310,11091291,,주택,1949,0,1,0.0,1,0,0,0,unknown,0.833,1,0,0,0,1,old_building
378bbdeb0f121419,서울,서울특별시 구로구 신도림동 281-34번지,서울특별시 구로구 신도림로15길 83-1 (신도림동),10100,11530,1018114684,,창고,1976,0,1,0.0,1,0,0,0,unknown,0.833,1,1,0,0,1,old_building|non_residential_main_use
3791f5c1ae5849ff,서울,서울특별시 강북구 미아동 3-227번지,서울특별시 강북구 도봉로18라길 20 (미아동),10100,11305,10101891,,단독주택(5가구),1991,0,1,0.0,1,0,0,0,unknown,0.833,1,0,0,0,1,old_building
37a3c8d1f3aae430,서울,서울특별시 강서구 염창동 57번지,서울특별시 강서구 양천로67길 50-33 (염창동),10100,11500,1017171448,지오빌,,2022,1,1,0.0,0,1,0,0,unknown,0.667,0,0,0,0,1,low_data_completeness
37a83f2ca1565021,서울,서울특별시 구로구 신도림동 271-25번지,서울특별시 구로구 신도림로19길 144 (신도림동),10100,11530,10181100189179,신도림삼성쉐르빌 1,,2022,1,1,0.0,0,1,0,0,unknown,0.667,0,0,0,0,1,low_data_completeness
37b517b3b2f662c8,경기,경기도 고양시 일산서구 일산동 524-10번지,경기도 고양시 일산서구 일중로 27 (일산동),10100,41287,11041237209,,기타제2종근린생활시설,1992,0,1,10.0,1,0,1,0,unknown,0.833,1,1,0,0,1,old_building|non_residential_main_use
37ca2004d234d1c1,인천,인천광역시 계양구 효성동 1-30번지,인천광역시 계양구 길마로 98 (효성동),10100,28245,106012050,삼성하이츠맨션,다세대주택,2001,0,5,466.02,1,0,1,0,unknown,0.833,1,0,0,0,1,old_building
37d218fca705d582,경기,경기도 김포시 북변동 153-1번지,경기도 김포시 김포대로 1009-3 (북변동),10100,41570,11231100415085,,기타창고시설,2019,0,1,650.0,1,0,1,0,unknown,0.833,0,1,0,0,1,non_residential_main_use
37d74a4868d03cfe,인천,인천광역시 강화군 강화읍 신문리 5-12번지,인천광역시 강화군 남문로 77 (강화읍 신문리),25021,28710,1062124502,,제2종근린생활시설,1999,0,1,175.02,1,0,0,0,unknown,0.833,1,1,0,0,1,old_building|non_residential_main_use
37e3eed43f3bf247,서울,서울특별시 광진구 중곡동 18-16번지,서울특별시 광진구 용마산로28길 24 (중곡동),10100,11215,1006127412,,,2022,1,1,0.0,0,1,0,0,unknown,0.667,0,0,0,0,1,low_data_completeness
37e4b1c535573ba3,서울,서울특별시 강서구 염창동 65번지,서울특별시 강서구 양천로67길 71-3 (염창동),10100,11500,10171100318511,진영리버타운,,2022,1,1,0.0,0,1,0,0,unknown,0.667,0,0,0,0,1,low_data_completeness
37e5a3f39b0a79a4,경기,경기도 과천시 관문동 71-14번지,경기도 과천시 산마을길 58 (관문동),10100,41290,11081145,,단독주택,1997,0,2,1242.02,1,0,1,0,unknown,0.833,1,0,0,0,1,old_building
37e7024932578d22,인천,인천광역시 남동구 구월동 3-38번지,인천광역시 남동구 석산로222번길 21 (구월동),10100,28200,105811846,,"점포, 주택",1980,0,1,0.0,1,0,0,0,unknown,0.833,1,0,0,0,1,old_building
37e9cb9c05c53c2b,서울,서울특별시 강동구 명일동 28번지,서울특별시 강동구 고덕로 210 (명일동),10100,11740,102611214,삼익그린맨션,아파트,1984,0,1,0.0,1,0,0,0,unknown,0.833,1,0,0,0,1,old_building
37ea7ca978c2fc77,경기,경기도 고양시 일산서구 일산동 540-21번지,,10100,41287,11041233781,,근린생활시설,1999,0,1,569.0,1,0,0,0,unknown,0.833,1,1,0,0,1,old_building|non_residential_main_use
37f2b0e4b16c43a2,인천,인천광역시 서구 백석동 블록,인천광역시 서구 한들로 33 (백석동),10100,28260,1000000000000002033030,검암역 로열파크씨티 푸르지오 1단지,,2023,1,1,0.0,0,1,0,0,unknown,0.667,0,0,0,0,1,low_data_completeness
37fc86ea068c8d82,경기,경기도 과천시 문원동 15-49번지,경기도 과천시 공원마을6길 35 (문원동),10200,41290,11081100185276,보니타스,,2022,1,1,0.0,0,1,0,0,unknown,0.667,0,0,0,0,1,low_data_completeness
3803cc21fff9d6b5,인천,인천광역시 옹진군 북도면 모도리 267-1번지,인천광역시 옹진군 모도로140번길 19-16 (북도면 모도리),31023,28720,1000000000000001872420,모도파라다이스,,2023,1,1,0.0,0,1,0,0,unknown,0.667,0,0,0,0,1,low_data_completeness
380fa47e52798710,인천,인천광역시 부평구 부평동 10-233번지,인천광역시 부평구 주부토로100번길 20 (부평동),10100,28237,10591100263633,스마트빌,,2022,1,1,0.0,0,1,0,0,unknown,0.667,0,0,0,0,1,low_data_completeness
381a617d53b70e8c,인천,인천광역시 부평구 부평동 10-233번지,인천광역시 부평구 주부토로100번길 20 (부평동),10100,28237,10591100263624,스마트빌,,2022,1,1,0.0,0,1,0,0,unknown,0.667,0,0,0,0,1,low_data_completeness
381d24ae0f658541,경기,경기도 김포시 북변동 200-40번지,경기도 김포시 봉화로 162-2 (북변동),10100,41570,11231100515349,,,2022,1,1,0.0,0,1,0,0,unknown,0.667,0,0,0,0,1,low_data_completeness
38318d238aa2490a,인천,인천광역시 남동구 구월동 3-21번지,인천광역시 남동구 석산로228번길 19 (구월동),10100,28200,10581100321241,하누리,다세대주택,2019,0,5,912.73,1,0,1,0,unknown,0.833,0,0,0,0,0,
3838de646e653f85,경기,경기도 군포시 당동 134-14번지,경기도 군포시 공단로 93-9 (당동),10100,41410,11131563,,"공장,근린생활시설",1990,0,1,0.0,1,0,0,0,unknown,0.833,1,1,0,0,1,old_building|non_residential_main_use
38409be9623058be,경기,경기도 고양시 일산동구 식사동 13-8번지,,10100,41285,11041100436799,저장고(탄16),국방ㆍ군사시설,1976,0,1,652544.48,1,0,1,0,unknown,0.833,1,1,0,0,1,old_building|non_residential_main_use
385af2b1f710a6d7,서울,서울특별시 도봉구 쌍문동 11-5번지,서울특별시 도봉구 도봉로139길 102 (쌍문동),10500,11320,1011117031,선우아파트,,2022,1,1,0.0,0,1,0,0,unknown,0.667,0,0,0,0,1,low_data_completeness
386909bce763fa85,경기,경기도 광주시 경안동 11-10번지,경기도 광주시 광주대로71번길 16-3 (경안동),10100,41610,1125131412,,주택,1966,0,1,0.0,1,0,0,0,unknown,0.833,1,0,0,0,1,old_building
386b11973c4c2119,서울,서울특별시 관악구 봉천동 1-207번지,서울특별시 관악구 청림3길 79-5 (봉천동),10100,11620,10221122954,,,2022,1,1,0.0,0,1,0,0,unknown,0.667,0,0,0,0,1,low_data_completeness
386e142c356f8f50,인천,인천광역시 부평구 부평동 10-248번지,인천광역시 부평구 주부토로104번길 21 (부평동),10100,28237,1059135289,,주택,1977,0,1,0.0,1,0,0,0,unknown,0.833,1,0,0,0,1,old_building
387358cc1a710fd2,인천,인천광역시 옹진군 북도면 모도리 267-1번지,인천광역시 옹진군 모도로140번길 19-16 (북도면 모도리),31023,28720,1000000000000001872426,모도파라다이스,,2023,1,1,0.0,0,1,0,0,unknown,0.667,0,0,0,0,1,low_data_completeness
388544cf543adb37,서울,서울특별시 강서구 개화동 421-70번지,서울특별시 강서구 개화동로5길 9-11 (개화동),11000,11500,10171100238153,경동 미르웰,다세대주택,2022,0,1,30.95,0,0,0,1,unknown,0.833,0,0,0,0,0,
3889f032287fa03a,서울,서울특별시 노원구 월계동 13번지,서울특별시 노원구 마들로 111 (월계동),10200,11350,101211573,,공중변소,1986,0,1,0.0,1,0,0,0,unknown,0.833,1,1,0,0,1,old_building|non_residential_main_use
38aee25d6b36f8f8,경기,경기도 군포시 당동 134-11번지,경기도 군포시 공단로 93-15 (당동),10100,41410,11131100200452,,제2종근린생활시설,2016,0,1,291.0,1,0,0,0,unknown,0.833,0,1,0,0,1,non_residential_main_use
38afe4e790d764b4,경기,경기도 가평군 가평읍 읍내리 214번지,경기도 가평군 가평제방길 233 (가평읍 읍내리),25021,41820,1000000000000002714733,힐스테이트 가평 더뉴클래스,,2023,1,1,0.0,0,1,0,0,unknown,0.667,0,0,0,0,1,low_data_completeness
38c6f5db8aac27df,서울,서울특별시 노원구 월계동 13번지,서울특별시 노원구 마들로 59 (월계동),10200,11350,101211604,,아파트,1986,0,1,0.0,1,0,0,0,unknown,0.833,1,0,0,0,1,old_building
38c86637f44946fb,서울,서울특별시 강동구 명일동 15번지,서울특별시 강동구 고덕로 210 (명일동),10100,11740,1026139073,삼익그린맨션,,2022,1,1,0.0,0,1,0,0,unknown,0.667,0,0,0,0,1,low_data_completeness
38e1fed0b15379e4,서울,서울특별시 강동구 명일동 46-2번지,서울특별시 강동구 고덕로 262 (명일동),10100,11740,10261100278684,고덕역 효성해링턴 타워 더퍼스트,"업무시설(오피스텔),근린생활시설",2020,0,1,2147.9,1,0,0,0,unknown,0.833,0,0,0,0,0,
38e434dfff1464b2,인천,인천광역시 동구 만석동 5-6번지,인천광역시 동구 인중로 438 (만석동),10100,28140,1055112100,,,2022,1,1,0.0,0,1,0,0,unknown,0.667,0,0,0,0,1,low_data_completeness
38ef35643da33eef,서울,서울특별시 관악구 봉천동 1-508번지,서울특별시 관악구 청림5길 56-4 (봉천동),10100,11620,1022133812,,단독주택,1987,0,1,0.0,1,0,0,0,unknown,0.833,1,0,0,0,1,old_building
38f031fca81e044a,경기,경기도 고양시 덕양구 주교동 38-13번지,경기도 고양시 덕양구 원당로 112 (주교동),10100,41281,11041100458197,고양 엘림프라자,,2022,1,1,0.0,0,1,0,0,unknown,0.667,0,0,0,0,1,low_data_completeness
38fac62299cc3c34,경기,경기도 광주시 경안동 11-52번지,경기도 광주시 중앙로154번길 21-1 (경안동),10100,41610,1125121851,광주다가구주택,단독주택(다가구주택),2005,0,1,142.0,1,0,0,0,unknown,0.833,1,0,0,0,1,old_building
390a54cef2b19396,서울,서울특별시 관악구 봉천동 1-207번지,서울특별시 관악구 청림3길 79-5 (봉천동),10100,11620,10221122948,,,2022,1,1,0.0,0,1,0,0,unknown,0.667,0,0,0,0,1,low_data_completeness
390e869a4e38aab9,서울,서울특별시 관악구 봉천동 1-473번지,서울특별시 관악구 청림3바길 7-8 (봉천동),10100,11620,1022118734,,단독주택,1992,0,1,0.0,1,0,0,0,unknown,0.833,1,0,0,0,1,old_building
3916476ab70b756e,인천,인천광역시 강화군 강화읍 신문리 205-5번지,인천광역시 강화군 강화대로 429 (강화읍 신문리),25021,28710,1062135870,중앙시장,,2022,1,1,0.0,0,1,0,0,unknown,0.667,0,0,1,0,1,basement_or_unknown_floor|low_data_completeness
391b146cc08848f3,인천,인천광역시 계양구 효성동 21-6번지,인천광역시 계양구 길마로 57 (효성동),10100,28245,106012090,동서아파트,공동주택,1990,0,1,2339.0,1,0,0,0,unknown,0.833,1,0,0,0,1,old_building
391ced608bcf6e2b,인천,인천광역시 옹진군 북도면 시도리 108번지,인천광역시 옹진군 시도로104번길 151 (북도면 시도리),31021,28720,10631577,,단독주택,2003,0,1,0.0,1,0,0,0,unknown,0.833,1,0,0,0,1,old_building
391d28393396eb32,서울,서울특별시 강서구 염창동 184-8번지,서울특별시 강서구 양천로73가길 19 (염창동),10100,11500,10171100357775,어반카운티,"공동주택(다세대주택) 및 업무시설(오피스텔), 근린생활시설",2022,0,1,394.0,1,0,0,0,unknown,0.833,0,0,0,0,0,
39248a5ac9bd7401,인천,인천광역시 계양구 효성동 1-11번지,인천광역시 계양구 길마로88번길 5 (효성동),10100,28245,1060113199,원익그린맨션,,2022,1,1,0.0,0,1,0,0,unknown,0.667,0,0,0,0,1,low_data_completeness
392520d467f530cf,인천,인천광역시 계양구 효성동 2-9번지,인천광역시 계양구 새벌로 173 (효성동),10100,28245,106012077,,공동주택,2001,0,1,264.0,1,0,0,0,unknown,0.833,1,0,0,0,1,old_building
3929472f6bf76547,경기,경기도 가평군 가평읍 읍내리 214번지,경기도 가평군 가평제방길 233 (가평읍 읍내리),25021,41820,1000000000000002714769,힐스테이트 가평 더뉴클래스,,2023,1,1,0.0,0,1,0,0,unknown,0.667,0,0,0,0,1,low_data_completeness
3935d886940cb49f,서울,서울특별시 강서구 방화동 128-1번지,서울특별시 강서구 방화대로52가길 36 (방화동),10900,11500,10171167852,한림빌리지,연립주택,2022,0,2,92.29,0,0,0,1,unknown,0.833,0,0,1,0,1,basement_or_unknown_floor
394b23a786eaed22,서울,서울특별시 강서구 염창동 20-85번지,서울특별시 강서구 양천로65길 41-22 (염창동),10100,11500,10171100300768,제이케이블라썸호텔,관광호텔,2017,0,15,13488.12,1,0,1,0,unknown,0.833,0,1,0,0,1,non_residential_main_use
3955457cf471296a,서울,서울특별시 강북구 미아동 3-55번지,서울특별시 강북구 오현로 42-4 (미아동),10100,11305,10101779,,단독주택,1994,0,1,75.07,1,0,0,0,unknown,0.833,1,0,0,0,1,old_building
3958d072680932c9,서울,서울특별시 강서구 염창동 65번지,서울특별시 강서구 양천로67길 71-3 (염창동),10100,11500,10171100318505,진영리버타운,,2022,1,1,0.0,0,1,0,0,unknown,0.667,0,0,0,0,1,low_data_completeness
39638d74275eac10,서울,서울특별시 광진구 중곡동 18-16번지,서울특별시 광진구 용마산로28길 24 (중곡동),10100,11215,1006127413,,,2022,1,1,0.0,0,1,0,0,unknown,0.667,0,0,0,0,1,low_data_completeness
396c7a2e4b1c0ca8,인천,인천광역시 남동구 구월동 3-23번지,인천광역시 남동구 당좌로 39 (구월동),10100,28200,10581100316227,나라사랑주택,,2022,1,1,0.0,0,1,0,0,unknown,0.667,0,0,0,0,1,low_data_completeness
39721996fd88a68b,경기,경기도 고양시 덕양구 주교동 163번지,,10100,41281,110418574,,단독주택,2022,0,1,54.39,1,0,1,0,unknown,0.833,0,0,0,0,0,
397445313377624d,서울,서울특별시 강서구 방화동 128-3번지,서울특별시 강서구 방화대로52가길 32 (방화동),10900,11500,10171128599,,다세대주택,2022,0,2,88.07,0,0,0,1,unknown,0.833,0,0,1,0,1,basement_or_unknown_floor
397d4ebdf5ab510c,인천,인천광역시 동구 만석동 5-23번지,인천광역시 동구 화도진로198번길 7 (만석동),10100,28140,1055112144,삼성빌라,,2022,1,1,0.0,0,1,0,0,unknown,0.667,0,0,0,0,1,low_data_completeness
39873a730d48172c,경기,경기도 가평군 가평읍 읍내리 214번지,경기도 가평군 가평제방길 233 (가평읍 읍내리),25021,41820,1000000000000002714799,힐스테이트 가평 더뉴클래스,,2023,1,1,0.0,0,1,0,0,unknown,0.667,0,0,0,0,1,low_data_completeness
398ff3f151e6074a,서울,서울특별시 강북구 미아동 3-36번지,서울특별시 강북구 오현로9길 45 (미아동),10100,11305,10101100197337,,,2022,1,1,0.0,0,1,0,0,unknown,0.667,0,0,0,0,1,low_data_completeness
3993f734aa4e11ca,서울,서울특별시 강북구 미아동 3-11번지,서울특별시 강북구 오현로9길 17 (미아동),10100,11305,10101100194969,동방플러스빌,다세대주택,2011,0,4,1162.34,1,0,1,0,unknown,0.833,0,0,0,0,0,
399ad7ac54d230b9,인천,인천광역시 서구 백석동 블록,인천광역시 서구 한들로 73 (백석동),10100,28260,1000000000000002035806,검암역 로열파크씨티 푸르지오 2단지,,2023,1,1,0.0,0,1,0,0,unknown,0.667,0,0,0,0,1,low_data_completeness
39a29b47afdb4f94,서울,서울특별시 금천구 가산동 32-8번지,서울특별시 금천구 벚꽃로56길 38 (가산동),10100,11545,1019114547,,"근린생활시설, 주택",1991,0,1,0.0,1,0,0,0,unknown,0.833,1,0,0,0,1,old_building
39a2b4daffcbb760,경기,경기도 광주시 경안동 11-11번지,경기도 광주시 광주대로71번길 16-1 (경안동),10100,41610,112518905,,보일러실 창고 근린생활 주택,1987,0,1,0.0,1,0,0,0,unknown,0.833,1,0,0,0,1,old_building
39a2d4b17f86bb48,인천,인천광역시 중구 중앙동3가 4-8번지,인천광역시 중구 홍예문로 7 (중앙동3가),10300,28110,1054115483,,,2022,1,1,0.0,0,1,0,0,unknown,0.667,0,0,0,0,1,low_data_completeness
39aedd9dc5655685,인천,인천광역시 연수구 옥련동 116-42번지,인천광역시 연수구 비류대로154번길 11 (옥련동),10100,28185,10571635,,주택,1985,0,1,0.0,1,0,0,0,unknown,0.833,1,0,0,0,1,old_building
39ccf294a6edda2b,인천,인천광역시 중구 중앙동2가 17-3번지,,10200,28110,10541657,,주택,2022,0,1,0.0,1,0,0,0,unknown,0.833,0,0,0,0,0,
39ded597f26685ba,인천,인천광역시 미추홀구 숭의동 1-108번지,인천광역시 미추홀구 수봉로21번길 32-1 (숭의동),10100,28177,105612208,,주택(7가구),1992,0,1,160.525,1,0,0,0,unknown,0.833,1,0,0,0,1,old_building
39f4966650e75ce2,서울,서울특별시 도봉구 쌍문동 11-3번지,서울특별시 도봉구 도봉로139길 80-9 (쌍문동),10500,11320,10111100193045,,다세대주택,2012,0,5,1026.6,1,0,1,0,unknown,0.833,0,0,0,0,0,
39f8e9b5c668cfcc,서울,서울특별시 강북구 미아동 3-37번지,서울특별시 강북구 오현로9길 41 (미아동),10100,11305,1010130888,,,2022,1,1,0.0,0,1,0,0,unknown,0.667,0,0,0,0,1,low_data_completeness
3a02902cd8c9b6fd,경기,경기도 가평군 가평읍 읍내리 129-2번지,경기도 가평군 잎너비길 35 (가평읍 읍내리),25021,41820,11301100184895,,제1종근린생활시설,2009,0,1,270.0,1,0,0,0,unknown,0.833,0,1,0,0,1,non_residential_main_use
3a0462c623a1b7f0,경기,경기도 고양시 덕양구 주교동 38-13번지,경기도 고양시 덕양구 원당로 112 (주교동),10100,41281,11041100458207,고양 엘림프라자,,2022,1,1,0.0,0,1,0,0,unknown,0.667,0,0,0,0,1,low_data_completeness
3a055f3bf7d08f93,인천,인천광역시 강화군 강화읍 신문리 205-5번지,인천광역시 강화군 강화대로 429 (강화읍 신문리),25021,28710,1062135814,중앙시장,,2022,1,1,0.0,0,1,0,0,unknown,0.667,0,0,1,0,1,basement_or_unknown_floor|low_data_completeness
3a0620a74ba62abe,인천,인천광역시 연수구 옥련동 42번지,,10100,28185,10571466,,단독주택,2022,0,1,35.37,1,0,1,0,unknown,0.833,0,0,0,0,0,
3a0936a1aa7b216e,경기,경기도 김포시 북변동 200-19번지,경기도 김포시 봉화로 164 (북변동),10100,41570,1123140611,한터하이빌,,2022,1,1,0.0,0,1,0,0,unknown,0.667,0,0,0,0,1,low_data_completeness
3a4ada8731694967,서울,서울특별시 광진구 중곡동 18-82번지,서울특별시 광진구 용마산로22길 5-24 (중곡동),10100,11215,10061100223237,중곡동 18-82,제2종근린생활시설 및 다가구단독주택(6가구),2015,0,1,144.0,1,0,0,0,unknown,0.833,0,0,0,0,0,
3a57e37a8e7f5395,서울,서울특별시 강서구 염창동 113-14번지,서울특별시 강서구 양천로75길 46 (염창동),10100,11500,1017127797,,다세대주택,2001,0,1,326.44,1,0,0,0,unknown,0.833,1,0,0,0,1,old_building
3a591366f51d6a04,인천,인천광역시 서구 백석동 블록,인천광역시 서구 한들로 73 (백석동),10100,28260,1000000000000002036217,검암역 로열파크씨티 푸르지오 2단지,,2023,1,1,0.0,0,1,0,0,unknown,0.667,0,0,0,0,1,low_data_completeness
3a613b431bbaf8e5,서울,서울특별시 도봉구 쌍문동 11-5번지,서울특별시 도봉구 도봉로139길 102 (쌍문동),10500,11320,1011117032,선우아파트,,2022,1,1,0.0,0,1,0,0,unknown,0.667,0,0,0,0,1,low_data_completeness
3a855ea755e57443,서울,서울특별시 도봉구 쌍문동 23-40번지,서울특별시 도봉구 도당로2길 46-8 (쌍문동),10500,11320,10111588,,단독주택,2001,0,1,84.83,1,0,0,0,unknown,0.833,1,0,0,0,1,old_building
3a869890dc4588dc,인천,인천광역시 연수구 옥련동 33-9번지,,10100,28185,10571429,,사무소,2022,0,1,39.66,1,0,1,0,unknown,0.833,0,1,0,0,1,non_residential_main_use
3a8814d484eb531c,서울,서울특별시 강동구 명일동 42번지,서울특별시 강동구 고덕로62길 76 (명일동),10100,11740,102611813,우성아파트,아파트,1986,0,1,0.0,1,0,0,0,unknown,0.833,1,0,0,0,1,old_building
3a952a0677421a51,서울,서울특별시 광진구 중곡동 18-21번지,서울특별시 광진구 용마산로 148 (중곡동),10100,11215,10061744,,"근린생활시설, 교육연구시설, 업무시설, 주택",1990,0,1,508.8,1,0,0,0,unknown,0.833,1,0,0,0,1,old_building
3a9f478a32382d35,경기,경기도 가평군 가평읍 읍내리 76-3번지,경기도 가평군 잎너비길 17-177 (가평읍 읍내리),25021,41820,11301100191378,,단독주택,2011,0,2,46.55,1,0,1,0,unknown,0.833,0,0,0,0,0,
3aa83a26a1095034,인천,인천광역시 미추홀구 숭의동 1-91번지,인천광역시 미추홀구 경인로142번길 55-10 (숭의동),10100,28177,105612194,,주택,2022,0,1,0.0,1,0,0,0,unknown,0.833,0,0,0,0,0,
3aabbfbf028f53c0,서울,서울특별시 광진구 중곡동 18-42번지,서울특별시 광진구 용마산로26길 11 (중곡동),10100,11215,10061759,,다가구용단독주택(4가구),1993,0,1,160.02,1,0,0,0,unknown,0.833,1,0,0,0,1,old_building
3ab780618de1a37e,경기,경기도 고양시 일산동구 식사동 13-8번지,,10100,41285,11041100436827,창고,국방ㆍ군사시설,2005,0,1,652347.51,1,0,1,0,unknown,0.833,1,1,0,0,1,old_building|non_residential_main_use
3abc5de2efb86e80,경기,경기도 군포시 당동 70-107번지,경기도 군포시 군포로580번길 47 (당동),10100,41410,11131100202935,노블리안텔,숙박시설,2017,0,1,223.0,1,0,0,0,unknown,0.833,0,1,0,0,1,non_residential_main_use
3af3f8248d75c30f,인천,인천광역시 서구 백석동 55-9번지,인천광역시 서구 한들로 108 (백석동),10100,28260,1000000000000004366996,,단독주택,2024,0,2,574.56,1,0,1,0,unknown,0.833,0,0,0,0,0,
3af4fc0ef7abf449,인천,인천광역시 서구 백석동 19-5번지,인천광역시 서구 독정로 16-41 (백석동),10100,28260,10611100296408,,일반음식점,2016,0,1,525.02,1,0,1,0,unknown,0.833,0,1,0,0,1,non_residential_main_use
3af779cb249841ff,서울,서울특별시 강서구 공항동 2-85번지,서울특별시 강서구 방화대로23길 29 (공항동),10800,11500,1017190292,,다세대주택,2022,0,1,82.09,0,0,0,1,unknown,0.833,0,0,0,0,0,
3b051b46aa913555,경기,경기도 김포시 북변동 200-16번지,경기도 김포시 봉화로 164-2 (북변동),10100,41570,1000000000000003596011,MU빌리지,공동주택,2024,0,1,497.0,1,0,0,0,unknown,0.833,0,0,0,0,0,
3b12366a68588889,경기,경기도 군포시 당동 48-11번지,경기도 군포시 공단로 129 (당동),10100,41410,11131100200072,,정비공장,2016,0,2,1520.2,1,0,1,0,unknown,0.833,0,1,0,0,1,non_residential_main_use
3b198a172cf94eac,서울,서울특별시 강남구 대치동 511번지,서울특별시 강남구 삼성로 150 (대치동),10600,11680,1024125054,,,2022,1,1,0.0,0,1,0,0,unknown,0.667,0,0,0,0,1,low_data_completeness
3b30923ef309941b,인천,인천광역시 강화군 강화읍 신문리 10-2번지,인천광역시 강화군 강화대로 375 (강화읍 신문리),25021,28710,1062118425,,근린생활시설,1991,0,1,0.0,1,0,0,0,unknown,0.833,1,1,0,0,1,old_building|non_residential_main_use
3b348bed84123109,인천,인천광역시 계양구 효성동 21-11번지,인천광역시 계양구 길마로78번길 3 (효성동),10100,28245,106012096,현대아파트,아파트,1991,0,1,0.0,1,0,0,0,unknown,0.833,1,0,0,0,1,old_building
3b38425146afaa81,인천,인천광역시 계양구 효성동 1-30번지,인천광역시 계양구 길마로 98 (효성동),10100,28245,1060113266,삼성하이츠맨션,,2023,1,1,0.0,0,1,0,0,unknown,0.667,0,0,0,0,1,low_data_completeness
3b53006c967f8933,서울,서울특별시 광진구 중곡동 18-77번지,서울특별시 광진구 용마산로22길 5-4 (중곡동),10100,11215,10061100212301,햇빛촌,공동주택(다세대주택:도시형생활주택),2014,0,1,215.9,1,0,0,0,unknown,0.833,0,0,0,0,0,
3b5c0e4bfe541b8a,경기,경기도 김포시 북변동 162번지,경기도 김포시 김포대로1127번길 65 (북변동),10100,41570,112313610,,단독주택,2005,0,2,621.28,1,0,1,0,unknown,0.833,1,0,0,0,1,old_building
3b65779eb091c3a6,경기,경기도 가평군 가평읍 읍내리 102-4번지,경기도 가평군 잎너비길 17-66 (가평읍 읍내리),25021,41820,11301100213668,나동,숙박시설,2014,0,1,0.0,1,0,0,0,unknown,0.833,0,1,0,0,1,non_residential_main_use
3bb2ede5952b7fc2,인천,인천광역시 동구 만석동 5-21번지,인천광역시 동구 인중로 440-1 (만석동),10100,28140,1055112125,서해빌라,,2022,1,1,0.0,0,1,0,0,unknown,0.667,0,0,1,0,1,basement_or_unknown_floor|low_data_completeness
3bc974774565566d,서울,서울특별시 강동구 명일동 28번지,서울특별시 강동구 고덕로 210 (명일동),10100,11740,102611216,삼익그린맨션,아파트,1984,0,1,0.0,1,0,0,0,unknown,0.833,1,0,0,0,1,old_building
3bdad87a6e5f07c0,경기,경기도 가평군 가평읍 읍내리 214번지,경기도 가평군 가평제방길 233 (가평읍 읍내리),25021,41820,1000000000000002714479,힐스테이트 가평 더뉴클래스,,2023,1,1,0.0,0,1,0,0,unknown,0.667,0,0,0,0,1,low_data_completeness
3be2ab2bb19f9fad,서울,서울특별시 도봉구 쌍문동 23-32번지,서울특별시 도봉구 방학로3길 114-6 (쌍문동),10500,11320,10111100194827,CJ 에코빌,공동주택,2013,0,1,196.0,1,0,0,0,unknown,0.833,0,0,0,0,0,
3be8c7b28fc4c65b,경기,경기도 고양시 일산동구 식사동 13-8번지,,10100,41285,11041100436782,위병소,국방ㆍ군사시설,1977,0,1,652300.76,1,0,1,0,unknown,0.833,1,1,0,0,1,old_building|non_residential_main_use
3be99942b1d169c5,서울,서울특별시 강서구 등촌동 14-7번지,서울특별시 강서구 양천로 424 (등촌동),10200,11500,10171100352433,가양역 데시앙플렉스 지식산업센터,기타일반업무시설,2022,0,2,86.19,0,0,0,1,unknown,0.833,0,1,1,0,1,non_residential_main_use|basement_or_unknown_floor
3c10e99c56b09a2a,서울,서울특별시 관악구 봉천동 1-69번지,서울특별시 관악구 청림3길 49 (봉천동),10100,11620,1022188544,,,2022,1,1,0.0,0,1,0,0,unknown,0.667,0,0,0,0,1,low_data_completeness
3c2427cf4f5ef9ca,인천,인천광역시 계양구 효성동 11-10번지,인천광역시 계양구 봉오대로601번길 7 (효성동),10100,28245,106011119,,단독주택,1997,0,1,201.0,1,0,0,0,unknown,0.833,1,0,0,0,1,old_building
3c25016f5e177387,서울,서울특별시 구로구 신도림동 276-51번지,서울특별시 구로구 신도림로11라길 71-10 (신도림동),10100,11530,1018115663,,공장,1976,0,1,0.0,1,0,0,0,unknown,0.833,1,1,0,0,1,old_building|non_residential_main_use
3c3043c654787b4d,서울,서울특별시 관악구 봉천동 1-1116번지,서울특별시 관악구 청림3길 84 (봉천동),10100,11620,1022191842,,,2022,1,1,0.0,0,1,0,0,unknown,0.667,0,0,0,0,1,low_data_completeness
3c313a01d12ecc5d,인천,인천광역시 계양구 효성동 1-12번지,인천광역시 계양구 길마로88번길 7 (효성동),10100,28245,1060113215,원익그린맨션,,2022,1,1,0.0,0,1,0,0,unknown,0.667,0,0,0,0,1,low_data_completeness
3c5b4e81ca739465,서울,서울특별시 구로구 신도림동 279-5번지,서울특별시 구로구 신도림로11라길 53-5 (신도림동),10100,11530,1018114504,,연립주택,1975,0,1,0.0,1,0,0,0,unknown,0.833,1,0,0,0,1,old_building
3c69c126f28c6aba,경기,경기도 고양시 일산서구 일산동 524-16번지,경기도 고양시 일산서구 일중로 17 (일산동),10100,41287,11041325929,포오스프라자,,2022,1,1,0.0,0,1,0,0,unknown,0.667,0,0,0,0,1,low_data_completeness
3c7a22a178779d06,서울,서울특별시 강북구 미아동 3-51번지,서울특별시 강북구 오패산로30가길 8-6 (미아동),10100,11305,1010130893,,,2022,1,1,0.0,0,1,0,0,unknown,0.667,0,0,0,0,1,low_data_completeness
3c7b26029531d6f5,서울,서울특별시 노원구 월계동 12번지,서울특별시 노원구 마들로 127 (월계동),10200,11350,10121195209,,,2022,1,1,0.0,0,1,0,0,unknown,0.667,0,0,0,0,1,low_data_completeness
3c814476df768109,인천,인천광역시 미추홀구 숭의동 1-151번지,인천광역시 미추홀구 경인로144번길 18 (숭의동),10100,28177,10561100217797,,공동주택,2011,0,1,188.0,1,0,0,0,unknown,0.833,0,0,0,0,0,
3c89ba5ada209ac2,경기,경기도 광주시 경안동 9-44번지,경기도 광주시 광주대로71번길 9-10 (경안동),10100,41610,1125123933,,단독주택,1987,0,2,132.78,1,0,1,0,unknown,0.833,1,0,0,0,1,old_building
3c9689a79bf66e01,서울,서울특별시 관악구 봉천동 1-704번지,서울특별시 관악구 청림3마길 25 (봉천동),10100,11620,10221110692,,,2022,1,1,0.0,0,1,0,0,unknown,0.667,0,0,0,0,1,low_data_completeness
3ca6a20cbb2eedcf,경기,경기도 고양시 덕양구 주교동 38-13번지,경기도 고양시 덕양구 원당로 112 (주교동),10100,41281,11041100458217,고양 엘림프라자,,2022,1,1,0.0,0,1,0,0,unknown,0.667,0,0,0,0,1,low_data_completeness
3cb35f8394c0a780,인천,인천광역시 계양구 효성동 1-12번지,인천광역시 계양구 길마로88번길 7 (효성동),10100,28245,1060113219,원익그린맨션,,2022,1,1,0.0,0,1,0,0,unknown,0.667,0,0,0,0,1,low_data_completeness
3cd549de4da87673,서울,서울특별시 강서구 염창동 65번지,서울특별시 강서구 양천로67길 71-3 (염창동),10100,11500,10171100318482,진영리버타운,,2022,1,1,0.0,0,1,0,0,unknown,0.667,0,0,0,0,1,low_data_completeness
3cd739377475893d,서울,서울특별시 강서구 등촌동 14-7번지,서울특별시 강서구 양천로 424 (등촌동),10200,11500,10171100352528,가양역 데시앙플렉스 지식산업센터,기타공장,2022,0,2,84.93,0,0,0,1,unknown,0.833,0,1,1,0,1,non_residential_main_use|basement_or_unknown_floor
3d182a0bf44a0339,서울,서울특별시 강북구 미아동 3-66번지,서울특별시 강북구 오패산로30가길 5-1 (미아동),10100,11305,10101787,,단독주택,1968,0,1,0.0,1,0,0,0,unknown,0.833,1,0,0,0,1,old_building
3d19087676b28423,서울,서울특별시 강북구 미아동 3-37번지,서울특별시 강북구 오현로9길 41 (미아동),10100,11305,1010112847,,다세대주택,1997,0,4,818.55,1,0,1,0,unknown,0.833,1,0,0,0,1,old_building
3d4ac6a5141b7627,인천,인천광역시 미추홀구 숭의동 1-141번지,인천광역시 미추홀구 경인로144번길 42 (숭의동),10100,28177,105612222,,주택,1990,0,1,0.0,1,0,0,0,unknown,0.833,1,0,0,0,1,old_building
3d531dd01372d5b8,서울,서울특별시 도봉구 쌍문동 13-2번지,서울특별시 도봉구 도당로 18 (쌍문동),10500,11320,1011117093,,,2022,1,1,0.0,0,1,0,0,unknown,0.667,0,0,0,0,1,low_data_completeness
3d54cd76ac3b13f5,경기,경기도 과천시 문원동 15-45번지,경기도 과천시 공원마을4길 38 (문원동),10200,41290,11081188,,"주택,창고",1982,0,1,0.0,1,0,0,0,unknown,0.833,1,0,0,0,1,old_building
3d57fe62a26654e9,인천,인천광역시 미추홀구 숭의동 1-38번지,,10100,28177,10561100305877,,주택,1985,0,1,0.0,1,0,0,0,unknown,0.833,1,0,0,0,1,old_building
3d5f04a6ac7db191,경기,경기도 군포시 당동 14-1번지,경기도 군포시 공단로 149 (당동),10100,41410,111319606,아이밸리 군포,,2022,1,1,0.0,0,1,0,0,unknown,0.667,0,0,1,0,1,basement_or_unknown_floor|low_data_completeness
3d6f9ef372a11bd8,경기,경기도 구리시 갈매동 510번지,경기도 구리시 갈매순환로204번길 65 (갈매동),10100,41310,11091100207225,구리 스마트벤처타워,,2022,1,1,0.0,0,1,0,0,unknown,0.667,0,0,0,0,1,low_data_completeness
3d9ca5f801926e15,인천,인천광역시 옹진군 북도면 시도리 192번지,인천광역시 옹진군 시도로86번길 133 (북도면 시도리),31021,28720,1000000000000004065298,,단독주택,2024,0,1,256.0,1,0,0,0,unknown,0.833,0,0,0,0,0,
3db37bbe11638256,경기,경기도 광명시 광명동 24-29번지,경기도 광명시 연서일로17번길 29-8 (광명동),10100,41210,1098117377,,,2022,1,1,0.0,0,1,0,0,unknown,0.667,0,0,0,0,1,low_data_completeness
3db4c07cf0aed382,서울,서울특별시 강남구 대치동 511번지,서울특별시 강남구 삼성로 150 (대치동),10600,11680,1024125771,한보미도맨션208동,,2022,1,1,0.0,0,1,0,0,unknown,0.667,0,0,0,0,1,low_data_completeness
3dcc2cee0e3b93c5,경기,경기도 가평군 가평읍 읍내리 214번지,경기도 가평군 가평제방길 233 (가평읍 읍내리),25021,41820,1000000000000002714501,힐스테이트 가평 더뉴클래스,,2023,1,1,0.0,0,1,0,0,unknown,0.667,0,0,0,0,1,low_data_completeness
3de2e67be5b54b42,인천,인천광역시 서구 백석동 19-13번지,인천광역시 서구 독정로 16-30 (백석동),10100,28260,10611100192531,,단독주택,2009,0,2,628.26,1,0,1,0,unknown,0.833,0,0,0,0,0,
3df1190a8d74ae1d,서울,서울특별시 노원구 월계동 18번지,서울특별시 노원구 마들로 31 (월계동),10200,11350,101213206,그랑빌아파트,"지하주차장,대피소",2002,0,1,0.0,1,0,0,0,unknown,0.833,1,1,1,0,1,old_building|non_residential_main_use|basement_or_unknown_floor
3df3225962368237,인천,인천광역시 서구 백석동 58번지,인천광역시 서구 녹색숲로31번길 78-7 (백석동),10100,28260,10611100320509,,분뇨및쓰레기처리시설,2022,0,1,0.0,1,0,0,0,unknown,0.833,0,1,0,0,1,non_residential_main_use
3dffe6e6eb655309,인천,인천광역시 연수구 옥련동 81-68번지,인천광역시 연수구 독배로 111 (옥련동),10100,28185,105718102,,,2022,1,1,0.0,0,1,0,0,unknown,0.667,0,0,1,0,1,basement_or_unknown_floor|low_data_completeness
3e184d13fe5a2a60,서울,서울특별시 강서구 마곡동 4-2번지,서울특별시 강서구 양천로47길 106-1 (마곡동),10500,11500,10171100249999,청솔씨티빌,다세대주택,2022,0,2,62.58,0,0,0,1,unknown,0.833,0,0,1,0,1,basement_or_unknown_floor
3e1d87b45a7390d9,서울,서울특별시 강서구 마곡동 4-2번지,서울특별시 강서구 양천로47길 106-1 (마곡동),10500,11500,10171100249997,청솔씨티빌,다세대주택,2022,0,2,62.58,0,0,0,1,unknown,0.833,0,0,1,0,1,basement_or_unknown_floor
3e233ff300f32e5f,인천,인천광역시 옹진군 백령면 진촌리 959-4번지,인천광역시 옹진군 백령로278번길 133-20 (백령면 진촌리),33021,28720,10631100209110,백령 공공실버 마을,,2022,1,1,0.0,0,1,0,0,unknown,0.667,0,0,0,0,1,low_data_completeness
3e26995ef97a9964,인천,인천광역시 연수구 옥련동 118-20번지,인천광역시 연수구 한진로72번길 32 (옥련동),10100,28185,105718331,,,2022,1,1,0.0,0,1,0,0,unknown,0.667,0,0,1,0,1,basement_or_unknown_floor|low_data_completeness
3e4e6751a802f641,서울,서울특별시 노원구 월계동 13번지,서울특별시 노원구 마들로 59 (월계동),10200,11350,101211601,,아파트,1986,0,1,0.0,1,0,0,0,unknown,0.833,1,0,0,0,1,old_building
3e57f1b1a12e5bb6,서울,서울특별시 강동구 명일동 44번지,서울특별시 강동구 고덕로 240 (명일동),10100,11740,102611168,유치원,유치원,1985,0,1,0.0,1,0,0,0,unknown,0.833,1,1,0,0,1,old_building|non_residential_main_use
3e734de9af0aa038,서울,서울특별시 구로구 신도림동 280-19번지,서울특별시 구로구 신도림로11라길 45 (신도림동),10100,11530,1018112600,,근린생활시설,1982,0,1,0.0,1,0,0,0,unknown,0.833,1,1,0,0,1,old_building|non_residential_main_use
3e79e325e787aaa8,인천,인천광역시 강화군 강화읍 신문리 205-5번지,인천광역시 강화군 강화대로 429 (강화읍 신문리),25021,28710,1062135710,중앙시장,,2022,1,1,0.0,0,1,0,0,unknown,0.667,0,0,1,0,1,basement_or_unknown_floor|low_data_completeness
3e7c2397f377f833,인천,인천광역시 미추홀구 숭의동 1-10번지,인천광역시 미추홀구 경인로 150 (숭의동),10100,28177,10561100237761,한우리,,2022,1,1,0.0,0,1,0,0,unknown,0.667,0,0,0,0,1,low_data_completeness
3e7c29e58b47d0ff,경기,경기도 가평군 가평읍 읍내리 214번지,경기도 가평군 가평제방길 233 (가평읍 읍내리),25021,41820,1000000000000002714547,힐스테이트 가평 더뉴클래스,,2023,1,1,0.0,0,1,0,0,unknown,0.667,0,0,0,0,1,low_data_completeness
3ec1b391e1c8ea30,인천,인천광역시 강화군 강화읍 신문리 4-2번지,인천광역시 강화군 강화대로393번길 10 (강화읍 신문리),25021,28710,1062137458,,,2022,1,1,0.0,0,1,0,0,unknown,0.667,0,0,0,0,1,low_data_completeness
3ecb69c255d933c4,경기,경기도 가평군 가평읍 읍내리 214번지,경기도 가평군 가평제방길 233 (가평읍 읍내리),25021,41820,1000000000000002714798,힐스테이트 가평 더뉴클래스,,2023,1,1,0.0,0,1,0,0,unknown,0.667,0,0,0,0,1,low_data_completeness
3effe4da479f4193,서울,서울특별시 강동구 명일동 47-19번지,서울특별시 강동구 동남로 889 (명일동),10100,11740,10261100246704,명일빌딩,"근린생활시설,교육연구시설",2018,0,1,894.8,1,0,0,0,unknown,0.833,0,1,0,0,1,non_residential_main_use
3f01c2a75e5c8afb,서울,서울특별시 강동구 명일동 48-8번지,서울특별시 강동구 동남로71길 20-10 (명일동),10100,11740,1026110461,,근린생활시설,1992,0,1,1211.1,1,0,0,0,unknown,0.833,1,1,0,0,1,old_building|non_residential_main_use
3f01c729aa49c927,인천,인천광역시 중구 중앙동3가 4-8번지,인천광역시 중구 홍예문로 7 (중앙동3가),10300,28110,1054115499,,,2022,1,1,0.0,0,1,0,0,unknown,0.667,0,0,0,0,1,low_data_completeness
3f1f783119db14f5,경기,경기도 구리시 갈매동 137-17번지,경기도 구리시 갈매순환로 235-10 (갈매동),10100,41310,11091260,,사무소,2007,0,2,3839.96,1,0,1,0,unknown,0.833,0,1,0,0,1,non_residential_main_use
3f263fadc08b8952,서울,서울특별시 강서구 공항동 2-82번지,서울특별시 강서구 방화대로23길 29-7 (공항동),10800,11500,1017172466,주신빌라,다세대주택,2022,0,2,87.18,0,0,0,1,unknown,0.833,0,0,1,0,1,basement_or_unknown_floor
3f2858dee617b0f5,경기,경기도 군포시 당동 44-5번지,경기도 군포시 공단로 123 (당동),10100,41410,1000000000000005849302,아주오토리움(주) 볼보 안양 서비스센터,정비공장,2025,0,2,3991.65,1,0,1,0,unknown,0.833,0,1,0,0,1,non_residential_main_use
3f2ad6dd56499713,인천,인천광역시 중구 중앙동1가 3-1번지,인천광역시 중구 신포로23번길 83 (중앙동1가),10100,28110,10541594,,일반음식점,2000,0,5,1950.3,1,0,1,0,unknown,0.833,1,1,0,0,1,old_building|non_residential_main_use
3f347999fda418e7,인천,인천광역시 연수구 옥련동 115-12번지,인천광역시 연수구 비류대로 146 (옥련동),10100,28185,10571100179967,,단독주택,2009,0,4,739.62,1,0,1,0,unknown,0.833,0,0,0,0,0,
3f3d60ba9b9c88de,인천,인천광역시 부평구 부평동 10-184번지,인천광역시 부평구 길주남로 99 (부평동),10100,28237,1059113268,,기타제1종근린생활시설,1989,0,3,273.32,1,0,1,0,unknown,0.833,1,1,0,0,1,old_building|non_residential_main_use
3f4dde93912b2922,인천,인천광역시 부평구 부평동 10-257번지,인천광역시 부평구 주부토로104번길 32 (부평동),10100,28237,1059123002,,다가구주택(5가구),1991,0,1,165.0,1,0,0,0,unknown,0.833,1,0,0,0,1,old_building
3f4ffe84ef135761,인천,인천광역시 남동구 구월동 3-51번지,인천광역시 남동구 석산로228번길 26 (구월동),10100,28200,10581100327037,다솜주택,공동주택,2019,0,1,671.3,1,0,0,0,unknown,0.833,0,0,0,0,0,
3f54318157b5314e,서울,서울특별시 노원구 월계동 12번지,서울특별시 노원구 마들로 127 (월계동),10200,11350,10121182474,,,2022,1,1,0.0,0,1,0,0,unknown,0.667,0,0,0,0,1,low_data_completeness
3f610dec999c3698,서울,서울특별시 강동구 명일동 15번지,서울특별시 강동구 고덕로 210 (명일동),10100,11740,1026138362,삼익그린맨션,,2022,1,1,0.0,0,1,0,0,unknown,0.667,0,0,0,0,1,low_data_completeness
3f6331505dd561e1,서울,서울특별시 강북구 미아동 3-37번지,서울특별시 강북구 오현로9길 41 (미아동),10100,11305,1010130883,,,2022,1,1,0.0,0,1,0,0,unknown,0.667,0,0,0,0,1,low_data_completeness
3f67ebcecddc662d,경기,경기도 고양시 일산동구 식사동 13-8번지,,10100,41285,11041100436816,저장고(탄27),국방ㆍ군사시설,1973,0,1,652544.48,1,0,1,0,unknown,0.833,1,1,0,0,1,old_building|non_residential_main_use
3f82251914b8eaa1,경기,경기도 광주시 경안동 11-2번지,경기도 광주시 중앙로154번길 15 (경안동),10100,41610,11251100363531,,단독주택(다가구주택),2019,0,1,325.0,1,0,0,0,unknown,0.833,0,0,0,0,0,
3f851d1af371ab84,경기,경기도 김포시 북변동 116-3번지,,10100,41570,112313586,,단독주택,2022,0,1,59.86,1,0,1,0,unknown,0.833,0,0,0,0,0,
3f8d2259b929c9d0,인천,인천광역시 옹진군 북도면 신도리 451-2번지,인천광역시 옹진군 신도로 842 (북도면 신도리),31022,28720,10631100171490,,,2022,1,1,0.0,0,1,0,0,unknown,0.667,0,0,0,0,1,low_data_completeness
3f9327b3037289c8,서울,서울특별시 강남구 역삼동 603-4번지,서울특별시 강남구 봉은사로16길 14 (역삼동),10100,11680,1024114564,,"근린생활시설,주거시설",1992,0,1,411.9,1,0,0,0,unknown,0.833,1,1,0,0,1,old_building|non_residential_main_use
3f9c2dc1731ea2d3,경기,경기도 광명시 광명동 24-20번지,경기도 광명시 광삼로13번길 28-1 (광명동),10100,41210,10981727,,다가구주택,1993,0,2,181.94,1,0,1,0,unknown,0.833,1,0,0,0,1,old_building
3fa7e44da0ebdbb9,인천,인천광역시 옹진군 북도면 모도리 267-1번지,인천광역시 옹진군 모도로140번길 19-16 (북도면 모도리),31023,28720,1000000000000001872428,모도파라다이스,,2023,1,1,0.0,0,1,0,0,unknown,0.667,0,0,0,0,1,low_data_completeness
3fb5e0a884d13785,인천,인천광역시 중구 중앙동1가 9-3번지,인천광역시 중구 제물량로232번안길 13 (중앙동1가),10100,28110,10541604,,일반음식점,1979,0,3,188.44,1,0,1,0,unknown,0.833,1,1,0,0,1,old_building|non_residential_main_use
3fb90429e89cd6c8,인천,인천광역시 남동구 구월동 3-22번지,인천광역시 남동구 석산로228번길 23 (구월동),10100,28200,105811834,,단독주택,1978,0,1,88.27,1,0,1,0,unknown,0.833,1,0,0,0,1,old_building
3fcc3aa5b7aa51c5,인천,인천광역시 계양구 효성동 1-11번지,인천광역시 계양구 길마로88번길 5 (효성동),10100,28245,1060113198,원익그린맨션,,2022,1,1,0.0,0,1,0,0,unknown,0.667,0,0,0,0,1,low_data_completeness
3fcfeaabba9f8f08,경기,경기도 김포시 북변동 185번지,,10100,41570,112313624,,주택,2022,0,1,0.0,1,0,0,0,unknown,0.833,0,0,0,0,0,
3fe5782a67dcb329,경기,경기도 광주시 경안동 11-53번지,경기도 광주시 중앙로154번길 23-1 (경안동),10100,41610,112516931,,주택.창고,1985,0,1,0.0,1,0,0,0,unknown,0.833,1,0,0,0,1,old_building
401feef671e707f2,인천,인천광역시 미추홀구 숭의동 1-10번지,인천광역시 미추홀구 경인로 150 (숭의동),10100,28177,10561100237768,한우리,,2022,1,1,0.0,0,1,0,0,unknown,0.667,0,0,0,0,1,low_data_completeness
4029b0ba3aa15d96,경기,경기도 구리시 갈매동 137-53번지,경기도 구리시 갈매순환로 245-5 (갈매동),10100,41310,11091100181965,,사무소,2013,0,1,552.37,1,0,1,0,unknown,0.833,0,1,0,0,1,non_residential_main_use
4033bd1072b86612,인천,인천광역시 미추홀구 숭의동 1-18번지,인천광역시 미추홀구 수봉로33번길 28-3 (숭의동),10100,28177,105617920,숭의동다세대주택,다세대주택,2002,0,5,730.89,1,0,1,0,unknown,0.833,1,0,0,0,1,old_building
404767c7c7c59d74,서울,서울특별시 강동구 명일동 15번지,서울특별시 강동구 고덕로 210 (명일동),10100,11740,1026138138,삼익그린맨션,아파트,2022,0,3,92.86,0,0,0,1,unknown,0.833,0,0,0,0,0,
404900841f34f608,인천,인천광역시 동구 만석동 1-53번지,인천광역시 동구 보세로26번길 24-36 (만석동),10100,28140,10551100181541,,,2022,1,1,0.0,0,1,0,0,unknown,0.667,0,0,0,0,1,low_data_completeness
405fe8c550b46f45,인천,인천광역시 남동구 구월동 3-8번지,인천광역시 남동구 석산로 230 (구월동),10100,28200,10581100314405,호진다온채,,2022,1,1,0.0,0,1,0,0,unknown,0.667,0,0,0,0,1,low_data_completeness
406ff915d35363a5,서울,서울특별시 노원구 월계동 13번지,서울특별시 노원구 마들로 111 (월계동),10200,11350,101211587,,아파트,1986,0,1,0.0,1,0,0,0,unknown,0.833,1,0,0,0,1,old_building
407969d8db212d86,경기,경기도 광명시 광명동 24-73번지,경기도 광명시 연서일로17번길 29-20 (광명동),10100,41210,1098117414,,,2022,1,1,0.0,0,1,0,0,unknown,0.667,0,0,0,0,1,low_data_completeness
40994084d33c643b,인천,인천광역시 남동구 구월동 3-23번지,인천광역시 남동구 당좌로 39 (구월동),10100,28200,10581100316221,나라사랑주택,,2022,1,1,0.0,0,1,0,0,unknown,0.667,0,0,0,0,1,low_data_completeness
40a969ac60146406,서울,서울특별시 관악구 봉천동 1-1116번지,서울특별시 관악구 청림3길 84 (봉천동),10100,11620,1022191855,,,2022,1,1,0.0,0,1,0,0,unknown,0.667,0,0,0,0,1,low_data_completeness
40ab0e48aea0b87a,서울,서울특별시 구로구 신도림동 281-72번지,서울특별시 구로구 신도림로15길 87-8 (신도림동),10100,11530,1018122749,,"근린생활시설, 주택",1975,0,1,233.0,1,0,0,0,unknown,0.833,1,0,0,0,1,old_building
40ac01f00b3d11cf,경기,경기도 가평군 가평읍 읍내리 214번지,경기도 가평군 가평제방길 233 (가평읍 읍내리),25021,41820,1000000000000002714536,힐스테이트 가평 더뉴클래스,,2023,1,1,0.0,0,1,0,0,unknown,0.667,0,0,0,0,1,low_data_completeness
40ae60f4f9f2cec0,경기,경기도 광명시 광명동 24-37번지,경기도 광명시 광삼로13번길 30-19 (광명동),10100,41210,10981736,,다가구주택,1992,0,1,113.95,1,0,0,0,unknown,0.833,1,0,0,0,1,old_building
40c1cadb5d1ad0d6,서울,서울특별시 강서구 가양동 14-3번지,서울특별시 강서구 양천로 489 (가양동),10400,11500,10171120589,가양우성아파트,아파트,2022,0,1,104.49,0,0,0,1,unknown,0.833,0,0,0,0,0,
40e6b56a622f2c27,인천,인천광역시 연수구 옥련동 116-46번지,인천광역시 연수구 비류대로 154 (옥련동),10100,28185,10571100197947,옥련동 116-46 단독주택 (송복식),근린생활시설,2012,0,1,176.0,1,0,0,0,unknown,0.833,0,1,0,0,1,non_residential_main_use
40e932bce62f2552,인천,인천광역시 미추홀구 숭의동 1-109번지,인천광역시 미추홀구 수봉로21번길 32 (숭의동),10100,28177,105612209,,주택(7가구),1992,0,1,109.06,1,0,0,0,unknown,0.833,1,0,0,0,1,old_building
40f28f711b0ec22a,경기,경기도 고양시 일산서구 일산동 551-2번지,경기도 고양시 일산서구 고양대로 701-20 (일산동),10100,41287,11041235769,,"근린생활시설, 창고시설",1979,0,1,0.0,1,0,0,0,unknown,0.833,1,1,0,0,1,old_building|non_residential_main_use
4106d52e3e10eab9,인천,인천광역시 부평구 부평동 10-225번지,인천광역시 부평구 길주남로 112-17 (부평동),10100,28237,10591133684,삼성빌라,,2022,1,1,0.0,0,1,0,0,unknown,0.667,0,0,0,0,1,low_data_completeness
414cca44e7188147,서울,서울특별시 강동구 명일동 15번지,서울특별시 강동구 고덕로 210 (명일동),10100,11740,10261100741,삼익그린맨션,,2022,1,1,0.0,0,1,0,0,unknown,0.667,0,0,0,0,1,low_data_completeness
416aca823306d8b0,서울,서울특별시 관악구 봉천동 1-555번지,서울특별시 관악구 청림3길 47-3 (봉천동),10100,11620,1022117620,,단독주택,1968,0,1,0.0,1,0,0,0,unknown,0.833,1,0,0,0,1,old_building
417369562a03e3f8,인천,인천광역시 남동구 구월동 3-26번지,인천광역시 남동구 당좌로35번길 8-1 (구월동),10100,28200,10581100331206,삼성주택,,2022,1,1,0.0,0,1,0,0,unknown,0.667,0,0,0,0,1,low_data_completeness
41794c0e4d9c21b4,인천,인천광역시 중구 중앙동1가 21-1번지,인천광역시 중구 신포로27번길 103 (중앙동1가),10100,28110,10541627,,"주택, 근린생활시설",1986,0,1,0.0,1,0,0,0,unknown,0.833,1,0,0,0,1,old_building
418400e8dcd2890d,서울,서울특별시 금천구 가산동 35-5번지,서울특별시 금천구 벚꽃로48길 8 (가산동),10100,11545,1019144636,가산빌라,,2022,1,1,0.0,0,1,0,0,unknown,0.667,0,0,0,0,1,low_data_completeness
418b23c92255256f,서울,서울특별시 강서구 염창동 65번지,서울특별시 강서구 양천로67길 71-3 (염창동),10100,11500,10171100318478,진영리버타운,,2022,1,1,0.0,0,1,0,0,unknown,0.667,0,0,0,0,1,low_data_completeness
418c38877b83ca80,경기,경기도 과천시 관문동 3번지,경기도 과천시 중앙로 294 (관문동),10100,41290,11081133,관문 실내체육관,운동장시설,2001,0,3,690.05,1,0,1,0,unknown,0.833,1,1,0,0,1,old_building|non_residential_main_use
4192699d335ece3d,인천,인천광역시 부평구 부평동 10-21번지,인천광역시 부평구 주부토로100번길 7 (부평동),10100,28237,10591181308,로얄하이츠빌라,,2022,1,1,0.0,0,1,0,0,unknown,0.667,0,0,0,0,1,low_data_completeness
41a2b31f5be3ac5d,인천,인천광역시 강화군 강화읍 신문리 1-8번지,인천광역시 강화군 강화대로 405-2 (강화읍 신문리),25021,28710,1062128627,,사무소,1973,0,3,302.24,1,0,1,0,unknown,0.833,1,1,0,0,1,old_building|non_residential_main_use
41ae531bbaaf16c2,서울,서울특별시 도봉구 쌍문동 11-5번지,서울특별시 도봉구 도봉로139길 102 (쌍문동),10500,11320,1011117040,선우아파트,,2022,1,1,0.0,0,1,0,0,unknown,0.667,0,0,0,0,1,low_data_completeness
41c4675973bce93b,경기,경기도 김포시 북변동 200-2번지,경기도 김포시 봉화로 164-25 (북변동),10100,41570,112313645,,근린생활시설(종교집회장),1996,0,1,238.0,1,0,0,0,unknown,0.833,1,1,0,0,1,old_building|non_residential_main_use
41c4ac300a498c98,경기,경기도 군포시 당동 115-19번지,경기도 군포시 산본로179번길 7 (당동),10100,41410,11131544,당동상가,제2종근린생활시설,1987,0,1,189.0,1,0,0,0,unknown,0.833,1,1,0,0,1,old_building|non_residential_main_use
41dba0a8e9f4a380,경기,경기도 과천시 문원동 15-19번지,경기도 과천시 공원마을2길 47 (문원동),10200,41290,11081174,,단독주택(다가구주택),2004,0,1,248.0,1,0,0,0,unknown,0.833,1,0,0,0,1,old_building
41e05d4e5404afe6,경기,경기도 가평군 가평읍 읍내리 214번지,경기도 가평군 가평제방길 233 (가평읍 읍내리),25021,41820,1000000000000002714654,힐스테이트 가평 더뉴클래스,,2023,1,1,0.0,0,1,0,0,unknown,0.667,0,0,0,0,1,low_data_completeness
41fb9e42164cf217,인천,인천광역시 강화군 강화읍 신문리 25번지,인천광역시 강화군 신문길 9 (강화읍 신문리),25021,28710,1062113632,,"근린생활시설, 주택",1989,0,1,0.0,1,0,0,0,unknown,0.833,1,0,0,0,1,old_building
420014ca14dac3c9,서울,서울특별시 강북구 미아동 3-97번지,서울특별시 강북구 오현로 42 (미아동),10100,11305,1010112849,,"단독주택,근린생활시설",1969,0,1,43.0,1,0,0,0,unknown,0.833,1,0,0,0,1,old_building
421b69117c3c714c,경기,경기도 군포시 당동 14-1번지,경기도 군포시 공단로 149 (당동),10100,41410,111319552,아이밸리 군포,,2022,1,1,0.0,0,1,0,0,unknown,0.667,0,0,1,0,1,basement_or_unknown_floor|low_data_completeness
421d51d88cac1836,인천,인천광역시 강화군 강화읍 신문리 205-5번지,인천광역시 강화군 강화대로 429 (강화읍 신문리),25021,28710,1062135884,중앙시장,,2022,1,1,0.0,0,1,0,0,unknown,0.667,0,0,1,0,1,basement_or_unknown_floor|low_data_completeness
421dcb4fdeadc7f1,인천,인천광역시 강화군 강화읍 신문리 205-5번지,인천광역시 강화군 강화대로 429 (강화읍 신문리),25021,28710,1062135906,중앙시장,,2022,1,1,0.0,0,1,0,0,unknown,0.667,0,0,1,0,1,basement_or_unknown_floor|low_data_completeness
42218808ca27fd98,인천,인천광역시 부평구 부평동 10-245번지,인천광역시 부평구 길주남로54번길 6 (부평동),10100,28237,1059131957,,주택,1975,0,1,0.0,1,0,0,0,unknown,0.833,1,0,0,0,1,old_building
422820504305737b,인천,인천광역시 서구 백석동 23-1번지,인천광역시 서구 서곶로 732 (백석동),10100,28260,10611100300370,,소매점,2016,0,1,80.4,1,0,1,0,unknown,0.833,0,1,0,0,1,non_residential_main_use
422a55edaaf2fae8,경기,경기도 광주시 경안동 19-7번지,경기도 광주시 광주대로55번길 7-4 (경안동),10100,41610,1125171981,,,2022,1,1,0.0,0,1,0,0,unknown,0.667,0,0,1,0,1,basement_or_unknown_floor|low_data_completeness
423a7b250b8c5ac6,서울,서울특별시 금천구 가산동 40-8번지,서울특별시 금천구 벚꽃로42길 17 (가산동),10100,11545,1019142517,,,2022,1,1,0.0,0,1,0,0,unknown,0.667,0,0,0,0,1,low_data_completeness
424437db9115714b,인천,인천광역시 중구 중앙동2가 3-2번지,인천광역시 중구 제물량로206번길 21 (중앙동2가),10200,28110,10541634,,"교육연구시설,단독주택",1978,0,1,261.38,1,0,0,0,unknown,0.833,1,0,0,0,1,old_building
4253e9a37d67f524,인천,인천광역시 동구 만석동 1-66번지,인천광역시 동구 보세로26번길 24-16 (만석동),10100,28140,10551100182182,,공장,2014,0,1,423.2,1,0,0,0,unknown,0.833,0,1,0,0,1,non_residential_main_use
426f69ffefba2f35,서울,서울특별시 강북구 미아동 3-40번지,서울특별시 강북구 오현로 34 (미아동),10100,11305,10101772,,휴게음식점,1991,0,3,299.52,1,0,1,0,unknown,0.833,1,1,0,0,1,old_building|non_residential_main_use
42775d4730a09000,경기,경기도 광주시 경안동 9-25번지,경기도 광주시 광주대로 65 (경안동),10100,41610,1125132917,,단독주택,1992,0,2,345.36,1,0,1,0,unknown,0.833,1,0,0,0,1,old_building
42863564d808b4e0,경기,경기도 구리시 갈매동 142-8번지,경기도 구리시 금강로 101 (갈매동),10100,41310,1000000000000005472175,다온누리,일반음식점,2025,0,1,442.0,1,0,0,0,unknown,0.833,0,1,0,0,1,non_residential_main_use
4293926fd72271dd,인천,인천광역시 미추홀구 숭의동 1-69번지,인천광역시 미추홀구 수봉로33번길 28-22 (숭의동),10100,28177,10561100310497,하이팰리스,공동주택(다세대주택),2022,0,1,288.0,1,0,0,0,unknown,0.833,0,0,0,0,0,
429402f4688b5e0a,인천,인천광역시 남동구 구월동 3-35번지,인천광역시 남동구 석산로228번길 8 (구월동),10100,28200,10581100340013,우주주택,단지형 다세대주택,2021,0,1,274.0,1,0,0,0,unknown,0.833,0,0,0,0,0,
42a2401096bf9a47,경기,경기도 고양시 일산서구 일산동 552-9번지,경기도 고양시 일산서구 고양대로 705-21 (일산동),10100,41287,11041237903,,단독주택,2022,0,1,0.0,1,0,0,0,unknown,0.833,0,0,0,0,0,
42b1fa0cc7b5b143,인천,인천광역시 동구 만석동 5-20번지,인천광역시 동구 인중로 440 (만석동),10100,28140,1055112112,서해그린빌라,,2022,1,1,0.0,0,1,0,0,unknown,0.667,0,0,1,0,1,basement_or_unknown_floor|low_data_completeness
42c29424e15a91f6,경기,경기도 과천시 문원동 15-50번지,경기도 과천시 공원마을6길 33 (문원동),10200,41290,11081100178886,문원동 15-50 공동주택(힐탑빌),,2022,1,1,0.0,0,1,0,0,unknown,0.667,0,0,0,0,1,low_data_completeness
42cdc299dd70df38,서울,서울특별시 강동구 명일동 15번지,서울특별시 강동구 고덕로 210 (명일동),10100,11740,1026138223,삼익그린맨션,,2022,1,1,0.0,0,1,0,0,unknown,0.667,0,0,0,0,1,low_data_completeness
42d52d517ae90623,서울,서울특별시 강북구 미아동 3-200번지,서울특별시 강북구 오현로9길 35 (미아동),10100,11305,1010112856,다우힐스빌,공동주택(다세대주택),2002,0,1,294.0,1,0,0,0,unknown,0.833,1,0,0,0,1,old_building
4307cf5382fd9412,경기,경기도 광주시 경안동 10-22번지,경기도 광주시 중앙로154번길 24 (경안동),10100,41610,11251100232565,,,2022,1,1,0.0,0,1,0,0,unknown,0.667,0,0,0,0,1,low_data_completeness
430d180c10baceb5,경기,경기도 군포시 당동 14-1번지,경기도 군포시 공단로 149 (당동),10100,41410,111319590,아이밸리 군포,,2022,1,1,0.0,0,1,0,0,unknown,0.667,0,0,1,0,1,basement_or_unknown_floor|low_data_completeness
430d501c2351c587,인천,인천광역시 미추홀구 숭의동 1-10번지,인천광역시 미추홀구 경인로 150 (숭의동),10100,28177,10561100237792,한우리,,2022,1,1,0.0,0,1,0,0,unknown,0.667,0,0,0,0,1,low_data_completeness
432336cf5452f445,인천,인천광역시 남동구 구월동 3-8번지,인천광역시 남동구 석산로 230 (구월동),10100,28200,10581100314412,호진다온채,,2022,1,1,0.0,0,1,0,0,unknown,0.667,0,0,0,0,1,low_data_completeness
43254f8b58ca4ce3,경기,경기도 김포시 북변동 200-6번지,경기도 김포시 봉화로 164-4 (북변동),10100,41570,1000000000000002665908,MU빌리지,공동주택,2023,0,1,0.0,1,0,0,0,unknown,0.833,0,0,0,0,0,
432aa67a3160d997,경기,경기도 광명시 광명동 24-85번지,경기도 광명시 광삼로13번길 33-1 (광명동),10100,41210,10981756,,단독주택,1979,0,1,140.0,1,0,0,0,unknown,0.833,1,0,0,0,1,old_building
4337155662021262,경기,경기도 가평군 가평읍 읍내리 214번지,경기도 가평군 가평제방길 233 (가평읍 읍내리),25021,41820,1000000000000002714766,힐스테이트 가평 더뉴클래스,,2023,1,1,0.0,0,1,0,0,unknown,0.667,0,0,0,0,1,low_data_completeness
4340c9d9c7fdf7d9,서울,서울특별시 금천구 가산동 32-55번지,서울특별시 금천구 벚꽃로50길 14 (가산동),10100,11545,101913997,,다가구용단독주택(5가구),1991,0,1,0.0,1,0,0,0,unknown,0.833,1,0,0,0,1,old_building
434ceadf8737f4fd,경기,경기도 가평군 가평읍 읍내리 114-1번지,경기도 가평군 잎너비길 35-37 (가평읍 읍내리),25021,41820,113012007,,"단독주택, 창고",2003,0,1,701.0,1,0,0,0,unknown,0.833,1,0,0,0,1,old_building
435e49ffaea94961,인천,인천광역시 중구 중앙동1가 9-2번지,인천광역시 중구 신포로23번길 89 (중앙동1가),10100,28110,10541603,,박물관,2022,0,2,403.3,1,0,1,0,unknown,0.833,0,1,0,0,1,non_residential_main_use
4365ae06fca54ade,인천,인천광역시 연수구 옥련동 118-14번지,인천광역시 연수구 비류대로144번길 26 (옥련동),10100,28185,105718306,,,2022,1,1,0.0,0,1,0,0,unknown,0.667,0,0,1,0,1,basement_or_unknown_floor|low_data_completeness
437219ed061ddd6f,서울,서울특별시 강서구 개화동 421-70번지,서울특별시 강서구 개화동로5길 9-11 (개화동),11000,11500,10171100238158,경동 미르웰,다세대주택,2022,0,1,31.47,0,0,0,1,unknown,0.833,0,0,0,0,0,
437e3ee2358438e7,서울,서울특별시 강동구 명일동 15번지,서울특별시 강동구 명일로 375 (명일동),10100,11740,1026137802,삼익그린맨션,,2022,1,1,0.0,0,1,0,0,unknown,0.667,0,0,0,0,1,low_data_completeness
43b2d24b8f8432a7,서울,서울특별시 광진구 중곡동 18-75번지,서울특별시 광진구 용마산로 112 (중곡동),10100,11215,10061773,,"근린생활시설, 주택",1991,0,1,387.1,1,0,0,0,unknown,0.833,1,0,0,0,1,old_building
43c6ccf004f85a12,경기,경기도 김포시 북변동 200-19번지,경기도 김포시 봉화로 164 (북변동),10100,41570,1123140609,한터하이빌,,2022,1,1,0.0,0,1,0,0,unknown,0.667,0,0,0,0,1,low_data_completeness
43e88f64fdd55fdd,인천,인천광역시 중구 중앙동3가 4-8번지,인천광역시 중구 홍예문로 7 (중앙동3가),10300,28110,1054115521,,,2022,1,1,0.0,0,1,0,0,unknown,0.667,0,0,0,0,1,low_data_completeness
43f64818d9b7409c,경기,경기도 구리시 갈매동 27-3번지,경기도 구리시 갈매중앙로 206 (갈매동),10100,41310,11091100199689,수질복원센터,하수등처리시설,2017,0,2,12934.57,1,0,1,0,unknown,0.833,0,1,0,0,1,non_residential_main_use
44026ebba30f8619,서울,서울특별시 강북구 미아동 3-29번지,서울특별시 강북구 오패산로30길 75 (미아동),10100,11305,10101100217208,,사무소,2016,0,4,692.13,1,0,1,0,unknown,0.833,0,1,0,0,1,non_residential_main_use
440adf0f92046fe2,경기,경기도 군포시 당동 14-1번지,경기도 군포시 공단로 149 (당동),10100,41410,111319573,아이밸리 군포,,2022,1,1,0.0,0,1,0,0,unknown,0.667,0,0,1,0,1,basement_or_unknown_floor|low_data_completeness
440b1494dc7c45b5,서울,서울특별시 강서구 염창동 70번지,서울특별시 강서구 양천로67길 71-17 (염창동),10100,11500,101715880,,운동시설(스포츠센타),1998,0,1,2259.0,1,0,0,0,unknown,0.833,1,1,0,0,1,old_building|non_residential_main_use
441ac0dfc527a84d,서울,서울특별시 강서구 염창동 65번지,서울특별시 강서구 양천로67길 71-3 (염창동),10100,11500,10171100318494,진영리버타운,,2022,1,1,0.0,0,1,0,0,unknown,0.667,0,0,0,0,1,low_data_completeness
4420115419255bc8,경기,경기도 고양시 일산서구 일산동 547-1번지,경기도 고양시 일산서구 고양대로 706-5 (일산동),10100,41287,11041238497,,단독주택,2022,0,1,0.0,1,0,0,0,unknown,0.833,0,0,0,0,0,
4422bd19e064ba9f,서울,서울특별시 금천구 가산동 40-11번지,서울특별시 금천구 벚꽃로42길 13 (가산동),10100,11545,10191100200307,휴먼빌,,2022,1,1,0.0,0,1,0,0,unknown,0.667,0,0,0,0,1,low_data_completeness
443b9792ecc97bef,서울,서울특별시 도봉구 쌍문동 25-7번지,서울특별시 도봉구 도당로2길 17 (쌍문동),10500,11320,10111597,,다가구용단독주택(8),1994,0,1,160.99,1,0,0,0,unknown,0.833,1,0,0,0,1,old_building
443dd08e80489250,서울,서울특별시 구로구 신도림동 271-25번지,서울특별시 구로구 신도림로19길 144 (신도림동),10100,11530,10181100189307,신도림삼성쉐르빌 1,,2022,1,1,0.0,0,1,0,0,unknown,0.667,0,0,0,0,1,low_data_completeness
4470faf5445c0057,경기,경기도 고양시 덕양구 주교동 16-1번지,경기도 고양시 덕양구 원당로141번길 76 (주교동),10100,41281,1104118865,,다가구주택,1995,0,2,594.66,1,0,1,0,unknown,0.833,1,0,0,0,1,old_building
4494f6597a3ecf9b,서울,서울특별시 광진구 중곡동 18-3번지,서울특별시 광진구 용마산로28길 6 (중곡동),10100,11215,10061100205901,,다세대주택,2013,0,5,708.41,1,0,1,0,unknown,0.833,0,0,0,0,0,
44a9513cfe94ddfc,인천,인천광역시 계양구 효성동 11-15번지,인천광역시 계양구 봉오대로601번길 3 (효성동),10100,28245,106011124,,주택,1982,0,1,0.0,1,0,0,0,unknown,0.833,1,0,0,0,1,old_building
44be7991e71cea81,경기,경기도 군포시 당동 14-1번지,경기도 군포시 공단로 149 (당동),10100,41410,111319584,아이밸리 군포,,2022,1,1,0.0,0,1,0,0,unknown,0.667,0,0,1,0,1,basement_or_unknown_floor|low_data_completeness
44c67c8082e620eb,인천,인천광역시 연수구 옥련동 41번지,,10100,28185,10571463,,단독주택,2022,0,1,38.34,1,0,1,0,unknown,0.833,0,0,0,0,0,
44e7b892946ce651,경기,경기도 광주시 경안동 19-7번지,경기도 광주시 광주대로55번길 7-4 (경안동),10100,41610,1125171976,,,2022,1,1,0.0,0,1,0,0,unknown,0.667,0,0,0,0,1,low_data_completeness
44eb9e7ef7b97fc3,서울,서울특별시 도봉구 쌍문동 11-17번지,서울특별시 도봉구 방학로7길 41 (쌍문동),10500,11320,10111100208257,젬스톤빌리지,,2022,1,1,0.0,0,1,0,0,unknown,0.667,0,0,0,0,1,low_data_completeness
44ffd3688c592b27,서울,서울특별시 금천구 가산동 29-12번지,서울특별시 금천구 벚꽃로56길 64-3 (가산동),10100,11545,1019112601,,주택,1991,0,1,0.0,1,0,0,0,unknown,0.833,1,0,0,0,1,old_building
450076db325f2817,서울,서울특별시 강서구 방화동 128-1번지,서울특별시 강서구 방화대로52가길 36 (방화동),10900,11500,10171167854,한림빌리지,연립주택,2022,0,2,91.34,0,0,0,1,unknown,0.833,0,0,1,0,1,basement_or_unknown_floor
45091bc336755a0c,경기,경기도 구리시 갈매동 136-38번지,경기도 구리시 경춘북로303번길 7-6 (갈매동),10100,41310,11091100177020,,소매점,2010,0,1,199.2,1,0,1,0,unknown,0.833,0,1,0,0,1,non_residential_main_use
450d09af88f32b5d,서울,서울특별시 구로구 신도림동 271-25번지,서울특별시 구로구 신도림로19길 144 (신도림동),10100,11530,10181100189174,신도림삼성쉐르빌 1,,2022,1,1,0.0,0,1,0,0,unknown,0.667,0,0,0,0,1,low_data_completeness
451e33b154fba80c,인천,인천광역시 동구 만석동 2번지,인천광역시 동구 보세로42번길 5 (만석동),10100,28140,10551215,동양목재,"건조실, 창고",2022,0,1,0.0,1,0,0,0,unknown,0.833,0,1,0,0,1,non_residential_main_use
4520766df6c8cb78,서울,서울특별시 강남구 대치동 511번지,서울특별시 강남구 삼성로 150 (대치동),10600,11680,1024125135,,,2022,1,1,0.0,0,1,0,0,unknown,0.667,0,0,0,0,1,low_data_completeness
452356afe6a71742,경기,경기도 과천시 관문동 71-1번지,경기도 과천시 산마을길 52-1 (관문동),10100,41290,11081136,,단독주택,1983,0,1,198.2,1,0,1,0,unknown,0.833,1,0,0,0,1,old_building
4534270055d5e18e,인천,인천광역시 연수구 옥련동 116-10번지,인천광역시 연수구 비류대로156번길 5 (옥련동),10100,28185,10571609,,단독주택,1985,0,2,144.28,1,0,1,0,unknown,0.833,1,0,0,0,1,old_building
4536a8d69bea4d58,경기,경기도 군포시 당동 69-11번지,경기도 군포시 군포로580번길 39 (당동),10100,41410,111312253,,다세대주택,2002,0,1,166.0,1,0,0,0,unknown,0.833,1,0,0,0,1,old_building
4542eff0a65f6f0c,서울,서울특별시 강남구 대치동 511번지,서울특별시 강남구 삼성로 150 (대치동),10600,11680,1024125268,한보미도맨션212동,,2022,1,1,0.0,0,1,0,0,unknown,0.667,0,0,0,0,1,low_data_completeness
4566da105a98d02b,서울,서울특별시 강남구 역삼동 603-5번지,서울특별시 강남구 봉은사로 138 (역삼동),10100,11680,10241100249411,더스위트캐슬,오피스텔,2022,0,4,31.565,0,0,0,1,unknown,0.833,0,0,1,0,1,basement_or_unknown_floor
457b90e92c1ff0aa,인천,인천광역시 동구 만석동 1-60번지,인천광역시 동구 보세로26번길 24-41 (만석동),10100,28140,10551100183924,,공장,2016,0,1,2469.0,1,0,0,0,unknown,0.833,0,1,0,0,1,non_residential_main_use
45849d795a036a10,경기,경기도 광명시 광명동 25-13번지,경기도 광명시 광명로928번길 42-3 (광명동),10100,41210,1098117440,,,2022,1,1,0.0,0,1,0,0,unknown,0.667,0,0,0,0,1,low_data_completeness
45882c56e42b4ad5,서울,서울특별시 노원구 월계동 13번지,서울특별시 노원구 마들로 59 (월계동),10200,11350,101211600,,아파트,1986,0,1,0.0,1,0,0,0,unknown,0.833,1,0,0,0,1,old_building
458fb45d7f5b5645,경기,경기도 구리시 갈매동 163-9번지,경기도 구리시 금강로 20 (갈매동),10100,41310,11091296,,제2종근린생활시설(사무소),2003,0,1,283.0,1,0,0,0,unknown,0.833,1,1,0,0,1,old_building|non_residential_main_use
4597b5401c600960,경기,경기도 광명시 광명동 24-73번지,경기도 광명시 연서일로17번길 29-20 (광명동),10100,41210,1098117410,,,2022,1,1,0.0,0,1,0,0,unknown,0.667,0,0,0,0,1,low_data_completeness
45a3a640bd6d6fd9,인천,인천광역시 부평구 부평동 10-43번지,인천광역시 부평구 길주남로102번길 11-11 (부평동),10100,28237,1000000000000004484335,부평동세창주택1차,,2024,1,1,0.0,0,1,0,0,unknown,0.667,0,0,0,0,1,low_data_completeness
45a5294b25c93173,경기,경기도 가평군 가평읍 읍내리 214번지,경기도 가평군 가평제방길 233 (가평읍 읍내리),25021,41820,1000000000000002714576,힐스테이트 가평 더뉴클래스,,2023,1,1,0.0,0,1,0,0,unknown,0.667,0,0,0,0,1,low_data_completeness
45befecfb09e0ccf,경기,경기도 고양시 일산동구 식사동 210-1번지,경기도 고양시 일산동구 사리현로 24-75 (식사동),10100,41285,11041204926,,,2022,1,1,0.0,0,1,0,0,unknown,0.667,0,0,1,0,1,basement_or_unknown_floor|low_data_completeness
45cbd590ed534198,인천,인천광역시 중구 중앙동3가 4-8번지,인천광역시 중구 홍예문로 7 (중앙동3가),10300,28110,1054115554,,,2022,1,1,0.0,0,1,0,0,unknown,0.667,0,0,0,0,1,low_data_completeness
45dd80e6b85bdfed,경기,경기도 과천시 관문동 107-1번지,경기도 과천시 관악산길 58 (관문동),10100,41290,11081151,과천시 가족센터,제1종근린생활시설(지역자치센터),1986,0,1,0.0,1,0,0,0,unknown,0.833,1,1,0,0,1,old_building|non_residential_main_use
45f2388c4496f293,서울,서울특별시 강서구 개화동 348-2번지,서울특별시 강서구 개화3길 33 (개화동),11000,11500,1017196539,,연립주택,2022,0,1,46.28,0,0,0,1,unknown,0.833,0,0,0,0,0,
45fa399aa8903db1,서울,서울특별시 광진구 중곡동 18-88번지,서울특별시 광진구 용마산로24길 10 (중곡동),10100,11215,10061100265770,더 게이트 힐스,"다세대주택(9세대), 근린생활시설",2022,0,1,216.2,1,0,0,0,unknown,0.833,0,0,0,0,0,
46009d32d71bf49c,인천,인천광역시 중구 중앙동2가 1-1번지,인천광역시 중구 신포로27번길 53 (중앙동2가),10200,28110,10541631,,"영업소, 근린생활시설",1970,0,1,0.0,1,0,0,0,unknown,0.833,1,1,0,0,1,old_building|non_residential_main_use
462c48ecfe486fc0,서울,서울특별시 광진구 중곡동 18-24번지,서울특별시 광진구 용마산로24길 13 (중곡동),10100,11215,100618031,신향빌라,연립주택,1986,0,1,0.0,1,0,0,0,unknown,0.833,1,0,0,0,1,old_building
4640156ef048a537,서울,서울특별시 광진구 중곡동 18-90번지,서울특별시 광진구 용마산로22길 11-27 (중곡동),10100,11215,10061784,,주택,1989,0,1,0.0,1,0,0,0,unknown,0.833,1,0,0,0,1,old_building
4652a68585b9654a,인천,인천광역시 중구 중앙동3가 4-8번지,인천광역시 중구 홍예문로 7 (중앙동3가),10300,28110,1054115475,,,2022,1,1,0.0,0,1,0,0,unknown,0.667,0,0,0,0,1,low_data_completeness
465b955546d9ea1e,서울,서울특별시 관악구 봉천동 1-321번지,서울특별시 관악구 청림3다길 18 (봉천동),10100,11620,1022134933,,단독주택,1983,0,1,0.0,1,0,0,0,unknown,0.833,1,0,0,0,1,old_building
466a2b5010358f5b,경기,경기도 김포시 북변동 200-7번지,경기도 김포시 봉화로 162-1 (북변동),10100,41570,11231100515337,,,2022,1,1,0.0,0,1,0,0,unknown,0.667,0,0,0,0,1,low_data_completeness
466c85dac72da1c7,서울,서울특별시 도봉구 쌍문동 23-12번지,서울특별시 도봉구 방학로3가길 27 (쌍문동),10500,11320,101114179,,다세대주택,1994,0,1,315.44,1,0,0,0,unknown,0.833,1,0,0,0,1,old_building
466d395beadd260b,인천,인천광역시 강화군 강화읍 신문리 205-5번지,인천광역시 강화군 강화대로 429 (강화읍 신문리),25021,28710,1062135708,중앙시장,,2022,1,1,0.0,0,1,0,0,unknown,0.667,0,0,1,0,1,basement_or_unknown_floor|low_data_completeness
466f2e6ab32758be,인천,인천광역시 옹진군 북도면 시도리 31-1번지,인천광역시 옹진군 시도로86번길 229 (북도면 시도리),31021,28720,10631572,,다가구주택,2005,0,2,679.48,1,0,1,0,unknown,0.833,1,0,0,0,1,old_building
467377a2329cc40f,서울,서울특별시 금천구 가산동 41-1번지,서울특별시 금천구 벚꽃로42길 20 (가산동),10100,11545,1019144678,,,2022,1,1,0.0,0,1,0,0,unknown,0.667,0,0,0,0,1,low_data_completeness
46810649520d8659,서울,서울특별시 금천구 가산동 40-14번지,서울특별시 금천구 벚꽃로42길 7 (가산동),10100,11545,1019151425,,,2022,1,1,0.0,0,1,0,0,unknown,0.667,0,0,0,0,1,low_data_completeness
468bdfbdedabbbaa,인천,인천광역시 미추홀구 숭의동 1-147번지,인천광역시 미추홀구 경인로142번길 15 (숭의동),10100,28177,105617928,,"공동주택,제1종근린생활시설",2003,0,1,181.0,1,0,0,0,unknown,0.833,1,0,0,0,1,old_building
469acfab1a38b8a0,경기,경기도 고양시 일산동구 식사동 236-6번지,경기도 고양시 일산동구 견달산로210번길 45-11 (식사동),10100,41285,11041100218306,루미나리,,2022,1,1,0.0,0,1,0,0,unknown,0.667,0,0,0,0,1,low_data_completeness
46a36e2ed71bf984,경기,경기도 과천시 문원동 15-38번지,경기도 과천시 공원마을3길 38 (문원동),10200,41290,11081100179155,현대빌라,,2022,1,1,0.0,0,1,0,0,unknown,0.667,0,0,0,0,1,low_data_completeness
46a4a98477b29557,서울,서울특별시 강남구 역삼동 607-1번지,서울특별시 강남구 논현로105길 5 (역삼동),10100,11680,10241100195428,라루체 빌딩,근린생활시설,2009,0,1,229.6,1,0,0,0,unknown,0.833,0,1,0,0,1,non_residential_main_use
46a6d2e9bbe978d9,서울,서울특별시 강서구 염창동 65번지,서울특별시 강서구 양천로67길 71-3 (염창동),10100,11500,10171100318499,진영리버타운,,2022,1,1,0.0,0,1,0,0,unknown,0.667,0,0,0,0,1,low_data_completeness
46a7518ea7a41d5f,서울,서울특별시 구로구 신도림동 271-25번지,서울특별시 구로구 신도림로19길 144 (신도림동),10100,11530,10181100189189,신도림삼성쉐르빌 1,,2022,1,1,0.0,0,1,0,0,unknown,0.667,0,0,0,0,1,low_data_completeness
46a8e1c9565f35ad,경기,경기도 과천시 관문동 71-5번지,경기도 과천시 산마을길 42 (관문동),10100,41290,11081140,,단독주택,1992,0,1,195.15,1,0,1,0,unknown,0.833,1,0,0,0,1,old_building
46b0ff5a3e90c1ae,서울,서울특별시 강남구 대치동 511번지,서울특별시 강남구 삼성로 150 (대치동),10600,11680,1024125724,한보미도맨션208동,,2022,1,1,0.0,0,1,0,0,unknown,0.667,0,0,0,0,1,low_data_completeness
46c5086a13a0aa81,인천,인천광역시 옹진군 북도면 시도리 45-1번지,인천광역시 옹진군 시도로86번길 291-48 (북도면 시도리),31021,28720,1000000000000002440365,,목욕장,2023,0,1,61.56,1,0,1,0,unknown,0.833,0,1,0,0,1,non_residential_main_use
46cfa0b3379d3455,인천,인천광역시 옹진군 북도면 모도리 267-1번지,인천광역시 옹진군 모도로140번길 19-16 (북도면 모도리),31023,28720,1000000000000001872429,모도파라다이스,,2023,1,1,0.0,0,1,0,0,unknown,0.667,0,0,0,0,1,low_data_completeness
46d53778fee70d43,인천,인천광역시 중구 중앙동2가 17-1번지,인천광역시 중구 신포로23번길 65-1 (중앙동2가),10200,28110,10541654,,"주택, 근린생활시설",1985,0,1,0.0,1,0,0,0,unknown,0.833,1,0,0,0,1,old_building
46d57746e0b37718,인천,인천광역시 중구 중앙동1가 15-2번지,인천광역시 중구 신포로23번길 98 (중앙동1가),10100,28110,1054115410,중앙파크빌,,2022,1,1,0.0,0,1,0,0,unknown,0.667,0,0,0,0,1,low_data_completeness
46d8845fb3ae4665,경기,경기도 광명시 광명동 24-31번지,경기도 광명시 광삼로13번길 38 (광명동),10100,41210,1098117387,공주빌라,,2022,1,1,0.0,0,1,0,0,unknown,0.667,0,0,1,0,1,basement_or_unknown_floor|low_data_completeness
46edcc211c315bf3,인천,인천광역시 부평구 부평동 10-225번지,인천광역시 부평구 길주남로 112-17 (부평동),10100,28237,10591133682,삼성빌라,,2022,1,1,0.0,0,1,0,0,unknown,0.667,0,0,0,0,1,low_data_completeness
46f741c92962742a,인천,인천광역시 계양구 효성동 1-11번지,인천광역시 계양구 길마로88번길 5 (효성동),10100,28245,1060113208,원익그린맨션,,2022,1,1,0.0,0,1,0,0,unknown,0.667,0,0,0,0,1,low_data_completeness
4707302a6ac52bf5,경기,경기도 고양시 덕양구 주교동 38-13번지,경기도 고양시 덕양구 원당로 112 (주교동),10100,41281,11041100458195,고양 엘림프라자,,2022,1,1,0.0,0,1,0,0,unknown,0.667,0,0,0,0,1,low_data_completeness
470853155b8ebba7,경기,경기도 광주시 경안동,,10100,41610,1125110792,,단독주택,2022,0,1,20.4,1,0,1,0,unknown,0.833,0,0,0,0,0,
471f48686fc5b9e4,경기,경기도 구리시 갈매동 162-8번지,경기도 구리시 담터길21번길 51 (갈매동),10100,41310,11091100204909,,근린생활시설 및 다가구주택,2018,0,1,415.0,1,0,0,0,unknown,0.833,0,0,0,0,0,
47386978c0cb2890,경기,경기도 고양시 일산동구 식사동 210-1번지,경기도 고양시 일산동구 사리현로 24-75 (식사동),10100,41285,11041204938,,,2022,1,1,0.0,0,1,0,0,unknown,0.667,0,0,1,0,1,basement_or_unknown_floor|low_data_completeness
473c1e65deb6462e,서울,서울특별시 노원구 월계동 1-1번지,서울특별시 노원구 마들로 86 (월계동),10200,11350,10121100207652,한내 지혜의 숲,공공도서관,2017,0,1,14741.37,1,0,1,0,unknown,0.833,0,1,0,0,1,non_residential_main_use
474d840c042d3e32,경기,경기도 고양시 일산서구 일산동 524-16번지,경기도 고양시 일산서구 일중로 17 (일산동),10100,41287,11041325923,포오스프라자,,2022,1,1,0.0,0,1,0,0,unknown,0.667,0,0,0,0,1,low_data_completeness
475108230974cceb,경기,경기도 구리시 갈매동 510번지,경기도 구리시 갈매순환로204번길 65 (갈매동),10100,41310,11091100207175,구리 스마트벤처타워,,2022,1,1,0.0,0,1,0,0,unknown,0.667,0,0,0,0,1,low_data_completeness
4762b5df341e655a,경기,경기도 가평군 가평읍 읍내리 214번지,경기도 가평군 가평제방길 233 (가평읍 읍내리),25021,41820,1000000000000002714572,힐스테이트 가평 더뉴클래스,,2023,1,1,0.0,0,1,0,0,unknown,0.667,0,0,0,0,1,low_data_completeness
4766b847bfcc48ad,인천,인천광역시 부평구 부평동 10번지,,10100,28237,105917360,,단독주택,2022,0,1,30.74,1,0,1,0,unknown,0.833,0,0,0,0,0,
477c15cf6c057494,인천,인천광역시 동구 만석동 5-21번지,인천광역시 동구 인중로 440-1 (만석동),10100,28140,1055112130,서해빌라,,2022,1,1,0.0,0,1,0,0,unknown,0.667,0,0,1,0,1,basement_or_unknown_floor|low_data_completeness
478a084a10ce844f,인천,인천광역시 연수구 옥련동 118-16번지,인천광역시 연수구 한진로72번길 30 (옥련동),10100,28185,105718316,,,2022,1,1,0.0,0,1,0,0,unknown,0.667,0,0,1,0,1,basement_or_unknown_floor|low_data_completeness
478cea5f62886888,인천,인천광역시 서구 백석동 58번지,인천광역시 서구 녹색숲로31번길 78-9 (백석동),10100,28260,10611100320511,,분뇨및쓰레기처리시설,2022,0,1,0.0,1,0,0,0,unknown,0.833,0,1,0,0,1,non_residential_main_use
479449e7d9875bc2,서울,서울특별시 구로구 신도림동 271-25번지,서울특별시 구로구 신도림로19길 144 (신도림동),10100,11530,10181100189274,신도림삼성쉐르빌 1,,2022,1,1,0.0,0,1,0,0,unknown,0.667,0,0,0,0,1,low_data_completeness
47a12bddac99ef99,서울,서울특별시 강북구 미아동 3-95번지,서울특별시 강북구 오현로 42-1 (미아동),10100,11305,10101804,,다가구용 단독주택(3가구),1994,0,1,69.15,1,0,0,0,unknown,0.833,1,0,0,0,1,old_building
47cfd4036eac615c,경기,경기도 고양시 일산서구 일산동 524-16번지,경기도 고양시 일산서구 일중로 17 (일산동),10100,41287,11041325932,포오스프라자,,2022,1,1,0.0,0,1,0,0,unknown,0.667,0,0,0,0,1,low_data_completeness
47d771e841df98ef,경기,경기도 군포시 당동 14-1번지,경기도 군포시 공단로 149 (당동),10100,41410,111319548,아이밸리 군포,,2022,1,1,0.0,0,1,0,0,unknown,0.667,0,0,1,0,1,basement_or_unknown_floor|low_data_completeness
47dc8f007e7da693,경기,경기도 과천시 관문동 114-3번지,경기도 과천시 자하동길 8-28 (관문동),10100,41290,11081153,,단독주택,1995,0,1,703.0,1,0,0,0,unknown,0.833,1,0,0,0,1,old_building
47e2cccd842bc496,인천,인천광역시 동구 만석동 1-4번지,인천광역시 동구 보세로26번길 23 (만석동),10100,28140,1000000000000002779301,,기타공장,2023,0,1,18551.3,1,0,1,0,unknown,0.833,0,1,0,0,1,non_residential_main_use
48179ad2c9ca61da,경기,경기도 군포시 당동 14-1번지,경기도 군포시 공단로 149 (당동),10100,41410,111319612,아이밸리 군포,,2022,1,1,0.0,0,1,0,0,unknown,0.667,0,0,1,0,1,basement_or_unknown_floor|low_data_completeness
483ecb372b065f1d,경기,경기도 고양시 덕양구 주교동 272-1번지,경기도 고양시 덕양구 원당로59번길 94-7 (주교동),10100,41281,11041117539,윤창아파트,,2022,1,1,0.0,0,1,0,0,unknown,0.667,0,0,1,0,1,basement_or_unknown_floor|low_data_completeness
4847f71b1a1b229a,인천,인천광역시 미추홀구 숭의동 1-82번지,인천광역시 미추홀구 경인로 146-1 (숭의동),10100,28177,105612189,,"주택, 근린생활시설",1985,0,1,0.0,1,0,0,0,unknown,0.833,1,0,0,0,1,old_building
484c3dfc5c9e0f49,서울,서울특별시 광진구 중곡동 18-17번지,서울특별시 광진구 용마산로28길 14-7 (중곡동),10100,11215,1006127426,,,2022,1,1,0.0,0,1,0,0,unknown,0.667,0,0,0,0,1,low_data_completeness
486025021b1e85da,서울,서울특별시 광진구 중곡동 18-4번지,서울특별시 광진구 용마산로28길 8 (중곡동),10100,11215,10061100230896,,,2022,1,1,0.0,0,1,0,0,unknown,0.667,0,0,0,0,1,low_data_completeness
4864350f3935971e,경기,경기도 과천시 문원동 15-49번지,경기도 과천시 공원마을6길 35 (문원동),10200,41290,11081100185277,보니타스,,2022,1,1,0.0,0,1,0,0,unknown,0.667,0,0,0,0,1,low_data_completeness
4866204b39d4f371,인천,인천광역시 중구 중앙동1가 4번지,인천광역시 중구 신포로23번길 85 (중앙동1가),10100,28110,10541100201104,,기타전시장,2012,0,2,361.98,1,0,1,0,unknown,0.833,0,1,0,0,1,non_residential_main_use
486ecef09f3a9480,서울,서울특별시 강서구 염창동 110-14번지,서울특별시 강서구 양천로73길 58 (염창동),10100,11500,1017116740,,다세대 주택6세대,2002,0,1,281.0,1,0,0,0,unknown,0.833,1,0,0,0,1,old_building
48721fc8faad8dc3,서울,서울특별시 도봉구 쌍문동 24-8번지,서울특별시 도봉구 도당로2길 46 (쌍문동),10500,11320,10111594,,주택,1978,0,1,0.0,1,0,0,0,unknown,0.833,1,0,0,0,1,old_building
487db2dfd3f8d4a2,경기,경기도 고양시 일산서구 일산동 437번지,,10100,41287,11041239164,,단독주택,2022,0,1,49.84,1,0,1,0,unknown,0.833,0,0,0,0,0,
48856ecdeffec8f3,서울,서울특별시 강서구 염창동 65번지,서울특별시 강서구 양천로67길 71-3 (염창동),10100,11500,10171100318490,진영리버타운,,2022,1,1,0.0,0,1,0,0,unknown,0.667,0,0,0,0,1,low_data_completeness
4886807f97c271d9,인천,인천광역시 중구 중앙동1가 12-2번지,인천광역시 중구 신포로23번길 92 (중앙동1가),10100,28110,10541614,,주택,2022,0,1,0.0,1,0,0,0,unknown,0.833,0,0,0,0,0,
4886bdd59bb13174,경기,경기도 고양시 일산서구 일산동 541-1번지,,10100,41287,11041237688,,"근린생활시설, 자동차관련시설",1995,0,1,976.0,1,0,0,0,unknown,0.833,1,1,0,0,1,old_building|non_residential_main_use
488bce04fe45d5ff,인천,인천광역시 미추홀구 숭의동 1-83번지,인천광역시 미추홀구 경인로 148-2 (숭의동),10100,28177,105612190,,근린생활시설,1985,0,1,0.0,1,0,0,0,unknown,0.833,1,1,0,0,1,old_building|non_residential_main_use
488fc27118714ac2,경기,경기도 김포시 북변동 200-7번지,경기도 김포시 봉화로 162-1 (북변동),10100,41570,11231100515335,,,2022,1,1,0.0,0,1,0,0,unknown,0.667,0,0,0,0,1,low_data_completeness
48949ef927c9bcf7,인천,인천광역시 서구 백석동 3번지,인천광역시 서구 독정로 28-16 (백석동),10100,28260,106112211,,단독주택,1995,0,2,684.77,1,0,1,0,unknown,0.833,1,0,0,0,1,old_building
489a50445ddc87dc,경기,경기도 고양시 덕양구 주교동 273-1번지,경기도 고양시 덕양구 원당로59번길 120 (주교동),10100,41281,1104113493,예중파크뷰아파트,관리사무소,2004,0,1,0.0,1,0,0,0,unknown,0.833,1,1,0,0,1,old_building|non_residential_main_use
48ac011642204d74,인천,인천광역시 미추홀구 숭의동 1-22번지,인천광역시 미추홀구 경인로144번길 30 (숭의동),10100,28177,105617921,,다세대주택,2001,0,4,902.888,1,0,1,0,unknown,0.833,1,0,0,0,1,old_building
48bc530936d3a0de,경기,경기도 김포시 북변동 200-7번지,경기도 김포시 봉화로 162-1 (북변동),10100,41570,11231100515343,,,2022,1,1,0.0,0,1,0,0,unknown,0.667,0,0,0,0,1,low_data_completeness
48bd00d22e6423cb,서울,서울특별시 강남구 삼성동 122-7번지,서울특별시 강남구 봉은사로72길 33 (삼성동),10500,11680,1024124413,삼성 더 힐스,,2022,1,1,0.0,0,1,0,0,unknown,0.667,0,0,0,0,1,low_data_completeness
48c46615e0d4c83a,경기,경기도 과천시 문원동 15-15번지,경기도 과천시 공원마을1길 38 (문원동),10200,41290,11081100182904,,,2022,1,1,0.0,0,1,0,0,unknown,0.667,0,0,0,0,1,low_data_completeness
48cb619f74907c2a,인천,인천광역시 서구 백석동 55-14번지,인천광역시 서구 서곶로 658 (백석동),10100,28260,106112237,,일반음식점,2005,0,1,523.04,1,0,1,0,unknown,0.833,1,1,0,0,1,old_building|non_residential_main_use
48cc43bc18fa6cdf,서울,서울특별시 금천구 가산동 40-11번지,서울특별시 금천구 벚꽃로42길 13 (가산동),10100,11545,10191100200308,휴먼빌,,2022,1,1,0.0,0,1,0,0,unknown,0.667,0,0,0,0,1,low_data_completeness
48cc81779dc506d9,인천,인천광역시 동구 만석동 1-53번지,인천광역시 동구 보세로26번길 24-36 (만석동),10100,28140,10551100181542,,,2022,1,1,0.0,0,1,0,0,unknown,0.667,0,0,0,0,1,low_data_completeness
48da9ef944833372,서울,서울특별시 금천구 가산동 32-14번지,서울특별시 금천구 벚꽃로 332 (가산동),10100,11545,1019112082,,근린생활시설,1973,0,1,0.0,1,0,0,0,unknown,0.833,1,1,0,0,1,old_building|non_residential_main_use
48e411de5711d5ab,인천,인천광역시 남동구 구월동 3-26번지,인천광역시 남동구 당좌로35번길 8-1 (구월동),10100,28200,10581100331202,삼성주택,단지형다세대주택,2020,0,1,574.3,1,0,0,0,unknown,0.833,0,0,0,0,0,
48e69ade181bd567,경기,경기도 광주시 경안동 20-16번지,경기도 광주시 광주대로 31 (경안동),10100,41610,1000000000000002747957,지에이타워,,2023,1,1,0.0,0,1,0,0,unknown,0.667,0,0,0,0,1,low_data_completeness
4906223c3bfa4d70,인천,인천광역시 강화군 강화읍 신문리 4-2번지,인천광역시 강화군 강화대로393번길 10 (강화읍 신문리),25021,28710,1062137459,,,2022,1,1,0.0,0,1,0,0,unknown,0.667,0,0,0,0,1,low_data_completeness
491702550dd279c3,인천,인천광역시 부평구 부평동 10-217번지,인천광역시 부평구 길주남로65번길 12-13 (부평동),10100,28237,1059135514,,단독주택(8가구),1994,0,1,250.0,1,0,0,0,unknown,0.833,1,0,0,0,1,old_building
491cee1a908056ed,서울,서울특별시 강서구 마곡동 5-1번지,서울특별시 강서구 양천로47길 104-5 (마곡동),10500,11500,10171100295817,갤럭시오피스텔마곡2,오피스텔,2022,0,3,42.83,0,0,0,1,unknown,0.833,0,0,1,0,1,basement_or_unknown_floor
492401525feb447b,경기,경기도 고양시 일산동구 식사동 13-8번지,,10100,41285,11041100436813,구.검사장창고,교정및군사시설,1977,0,1,652295.0,1,0,0,0,unknown,0.833,1,1,0,0,1,old_building|non_residential_main_use
492b859a23f08b6e,인천,인천광역시 계양구 효성동 1-17번지,인천광역시 계양구 새벌로 191 (효성동),10100,28245,1060113244,그린파크,,2022,1,1,0.0,0,1,0,0,unknown,0.667,0,0,0,0,1,low_data_completeness
4935fe370272b5e3,인천,인천광역시 중구 중앙동3가 4-8번지,인천광역시 중구 홍예문로 7 (중앙동3가),10300,28110,1054115531,,,2022,1,1,0.0,0,1,0,0,unknown,0.667,0,0,0,0,1,low_data_completeness
496ffb4366d0bd60,서울,서울특별시 광진구 중곡동 18-16번지,서울특별시 광진구 용마산로28길 24 (중곡동),10100,11215,1006127416,,,2022,1,1,0.0,0,1,0,0,unknown,0.667,0,0,0,0,1,low_data_completeness
4972d68b33bc6edf,서울,서울특별시 강동구 명일동 48-10번지,서울특별시 강동구 동남로71길 32-5 (명일동),10100,11740,102614142,강동노인종합복지관,노인복지시설,2003,0,1,1986.6,1,0,0,0,unknown,0.833,1,1,0,0,1,old_building|non_residential_main_use
497c33a2dc4007f9,경기,경기도 구리시 갈매동 484-8번지,경기도 구리시 갈매길 113-13 (갈매동),10100,41310,11091100178546,,,2022,1,1,0.0,0,1,0,0,unknown,0.667,0,0,0,0,1,low_data_completeness
4985279cd7e43bcf,서울,서울특별시 관악구 봉천동 1-307번지,서울특별시 관악구 청림3다길 25 (봉천동),10100,11620,1022129223,,단독주택,1993,0,1,219.0,1,0,0,0,unknown,0.833,1,0,0,0,1,old_building
49a3d62bd2a11af3,인천,인천광역시 동구 만석동 5-20번지,인천광역시 동구 인중로 440 (만석동),10100,28140,1055112110,서해그린빌라,,2022,1,1,0.0,0,1,0,0,unknown,0.667,0,0,1,0,1,basement_or_unknown_floor|low_data_completeness
49a6a2b228937f8e,인천,인천광역시 서구 서구 블록,,00000,28260,106112209,,다가구주택,2002,0,4,895.11,1,0,1,0,unknown,0.833,1,0,0,0,1,old_building
49addda19e5aa826,경기,경기도 가평군 가평읍 읍내리 214번지,경기도 가평군 가평제방길 233 (가평읍 읍내리),25021,41820,1000000000000002714909,힐스테이트 가평 더뉴클래스,,2023,1,1,0.0,0,1,0,0,unknown,0.667,0,0,0,0,1,low_data_completeness
49c3944f10290adc,경기,경기도 구리시 갈매동 142-3번지,경기도 구리시 금강로 115 (갈매동),10100,41310,11091268,,식물관련시설(버섯재배사),2000,0,1,388.0,1,0,0,0,unknown,0.833,1,1,0,0,1,old_building|non_residential_main_use
49d3d52eccfd7334,서울,서울특별시 도봉구 쌍문동 11-17번지,서울특별시 도봉구 방학로7길 41 (쌍문동),10500,11320,10111100208258,젬스톤빌리지,,2022,1,1,0.0,0,1,0,0,unknown,0.667,0,0,0,0,1,low_data_completeness
49d5fc52fa5c7ec6,경기,경기도 과천시 관문동 3번지,경기도 과천시 중앙로 294 (관문동),10100,41290,11081100178593,관문 실내체육관,기타운동시설,2001,0,1,78.03,1,0,1,0,unknown,0.833,1,1,0,0,1,old_building|non_residential_main_use
49ec918de09916c6,인천,인천광역시 서구 백석동 58번지,인천광역시 서구 야생화로 26-33 (백석동),10100,28260,10611100277171,,마사,2014,0,1,0.0,1,0,0,0,unknown,0.833,0,1,0,0,1,non_residential_main_use
4a0d7c6b059b871c,인천,인천광역시 옹진군 북도면 시도리 1-3번지,인천광역시 옹진군 시도로86번길 394 (북도면 시도리),31021,28720,10631100172130,,주차장,2008,0,3,888.45,1,0,1,0,unknown,0.833,0,1,0,0,1,non_residential_main_use
4a10f32aa0879d7b,서울,서울특별시 강서구 개화동 418-174번지,서울특별시 강서구 개화동로7길 17-7 (개화동),11000,11500,10171100266757,,다세대주택,2022,0,2,43.44,0,0,0,1,unknown,0.833,0,0,0,0,0,
4a29306b6f7ee846,서울,서울특별시 강북구 미아동 3-62번지,서울특별시 강북구 오패산로30가길 5 (미아동),10100,11305,10101786,,다가구주택,1993,0,1,84.0,1,0,0,0,unknown,0.833,1,0,0,0,1,old_building
4a2c5e39a804d116,서울,서울특별시 강서구 방화동 128-3번지,서울특별시 강서구 방화대로52가길 32 (방화동),10900,11500,10171128600,,다세대주택,2022,0,3,88.07,0,0,0,1,unknown,0.833,0,0,1,0,1,basement_or_unknown_floor
4a39364481c2a92d,인천,인천광역시 부평구 부평동 10-74번지,인천광역시 부평구 길주남로65번길 12-15 (부평동),10100,28237,1059113197,,다가구주택,1990,0,1,2.4,1,0,1,0,unknown,0.833,1,0,0,0,1,old_building
4a5731803253d413,서울,서울특별시 강동구 명일동 15번지,서울특별시 강동구 고덕로 210 (명일동),10100,11740,1026138482,삼익그린맨션,,2022,1,1,0.0,0,1,0,0,unknown,0.667,0,0,0,0,1,low_data_completeness
4a5972e3eed7062d,서울,서울특별시 노원구 월계동 12번지,서울특별시 노원구 마들로 127 (월계동),10200,11350,1012141688,,,2022,1,1,0.0,0,1,0,0,unknown,0.667,0,0,0,0,1,low_data_completeness
4a5f9d92ae245e8f,서울,서울특별시 강남구 대치동 511번지,서울특별시 강남구 삼성로 150 (대치동),10600,11680,1024124987,한보미도맨션206동,,2022,1,1,0.0,0,1,0,0,unknown,0.667,0,0,0,0,1,low_data_completeness
4a5fea437005cc71,인천,인천광역시 부평구 부평동 10-262번지,인천광역시 부평구 장제로205번길 41 (부평동),10100,28237,10591100251816,가온팰리스,"공동주택, 제1종근린생활시설",2013,0,1,301.0,1,0,0,0,unknown,0.833,0,0,0,0,0,
4a71063fda7921cd,경기,경기도 고양시 일산동구 식사동 13-8번지,,10100,41285,11041100436806,저장고(탄22),국방ㆍ군사시설,2022,0,1,304.92,0,0,1,0,unknown,0.667,0,1,0,0,1,non_residential_main_use|low_data_completeness
4a764b82d5b54b87,서울,서울특별시 강서구 염창동 57번지,서울특별시 강서구 양천로67길 50-33 (염창동),10100,11500,1017171439,지오빌,,2022,1,1,0.0,0,1,0,0,unknown,0.667,0,0,0,0,1,low_data_completeness
4a85fce5677204da,인천,인천광역시 강화군 강화읍 신문리 9-4번지,인천광역시 강화군 강화대로 377 (강화읍 신문리),25021,28710,1062125765,농협중앙회강화군지부,업무시설,1999,0,1,1332.0,1,0,0,0,unknown,0.833,1,1,0,0,1,old_building|non_residential_main_use
4a97c59d16b660c1,서울,서울특별시 강북구 미아동 3-9번지,서울특별시 강북구 오현로9길 23 (미아동),10100,11305,1010130823,,다세대주택,2022,1,3,49.16,0,1,0,1,unknown,0.833,0,0,1,0,1,basement_or_unknown_floor
4aa1b7456811a775,서울,서울특별시 강서구 염창동 107-8번지,서울특별시 강서구 양천로73길 90 (염창동),10100,11500,101715927,,"점포, 사무실",1980,0,1,0.0,1,0,0,0,unknown,0.833,1,1,0,0,1,old_building|non_residential_main_use
4aa5dd08e7d87470,인천,인천광역시 연수구 옥련동 118-15번지,인천광역시 연수구 비류대로144번길 24-5 (옥련동),10100,28185,105718312,,,2022,1,1,0.0,0,1,0,0,unknown,0.667,0,0,1,0,1,basement_or_unknown_floor|low_data_completeness
4aa63beaa3e21b86,서울,서울특별시 강남구 역삼동 755-1번지,서울특별시 강남구 역삼로 314 (역삼동),10100,11680,1024124623,개나리 푸르지오,,2022,1,1,0.0,0,1,0,0,unknown,0.667,0,0,0,0,1,low_data_completeness
4ab5e7743f03dd98,인천,인천광역시 옹진군 북도면 시도리 163-3번지,인천광역시 옹진군 시도로104번길 76-13 (북도면 시도리),31021,28720,1000000000000001722239,,창고시설,2023,0,1,126.0,1,0,0,0,unknown,0.833,0,1,0,0,1,non_residential_main_use
4ab7ee3888ff0294,인천,인천광역시 서구 백석동 블록,인천광역시 서구 한들로 73 (백석동),10100,28260,1000000000000002035556,검암역 로열파크씨티 푸르지오 2단지,,2023,1,1,0.0,0,1,0,0,unknown,0.667,0,0,0,0,1,low_data_completeness
4ac12126e511d04b,서울,서울특별시 강동구 명일동 15번지,서울특별시 강동구 고덕로 210 (명일동),10100,11740,1026139021,삼익그린맨션,,2022,1,1,0.0,0,1,0,0,unknown,0.667,0,0,0,0,1,low_data_completeness
4ac4b0c1e39161ba,인천,인천광역시 중구 중앙동3가 4-8번지,인천광역시 중구 홍예문로 7 (중앙동3가),10300,28110,1054115468,,,2022,1,1,0.0,0,1,0,0,unknown,0.667,0,0,0,0,1,low_data_completeness
4acb5f6e09a1ced8,경기,경기도 고양시 일산동구 식사동 231번지,경기도 고양시 일산동구 견달산로210번길 47-3 (식사동),10100,41285,11041100326653,드림팰리스,,2022,1,1,0.0,0,1,0,0,unknown,0.667,0,0,0,0,1,low_data_completeness
4acb782170326b27,인천,인천광역시 중구 중앙동3가 4-8번지,인천광역시 중구 홍예문로 7 (중앙동3가),10300,28110,1054115418,,,2022,1,1,0.0,0,1,0,0,unknown,0.667,0,0,0,0,1,low_data_completeness
4acd07ca104e0425,인천,인천광역시 옹진군 북도면 모도리 267-1번지,인천광역시 옹진군 모도로140번길 19-16 (북도면 모도리),31023,28720,1000000000000001872422,모도파라다이스,,2023,1,1,0.0,0,1,0,0,unknown,0.667,0,0,0,0,1,low_data_completeness
4b29ff24947fd604,서울,서울특별시 강북구 미아동 3-85번지,서울특별시 강북구 오패산로30가길 8 (미아동),10100,11305,10101796,,단독주택,1994,0,1,75.63,1,0,0,0,unknown,0.833,1,0,0,0,1,old_building
4b2c4a35ef077c08,경기,경기도 구리시 갈매동 149-9번지,경기도 구리시 금강로 49 (갈매동),10100,41310,11091100192074,,제2종근린생활시설,2016,0,1,330.0,1,0,0,0,unknown,0.833,0,1,0,0,1,non_residential_main_use
4b2e968cbae96805,경기,경기도 고양시 일산서구 일산동 524-16번지,경기도 고양시 일산서구 일중로 17 (일산동),10100,41287,11041325926,포오스프라자,,2022,1,1,0.0,0,1,0,0,unknown,0.667,0,0,0,0,1,low_data_completeness
4b3116195995cc25,서울,서울특별시 강서구 개화동 421-70번지,서울특별시 강서구 개화동로5길 9-11 (개화동),11000,11500,10171100238151,경동 미르웰,다세대주택,2022,0,1,31.47,0,0,0,1,unknown,0.833,0,0,0,0,0,
4b3ccc317c53aed2,인천,인천광역시 서구 백석동 블록,인천광역시 서구 한들로 73 (백석동),10100,28260,1000000000000002037443,검암역 로열파크씨티 푸르지오 2단지,,2023,1,1,0.0,0,1,0,0,unknown,0.667,0,0,0,0,1,low_data_completeness
4b464f45286f69d7,인천,인천광역시 서구 백석동 25-1번지,인천광역시 서구 아라로51번길 72-34 (백석동),10100,28260,106112225,,단독주택,1970,0,1,51.24,1,0,1,0,unknown,0.833,1,0,0,0,1,old_building
4b4cbed3cffe8dfe,인천,인천광역시 중구 중앙동3가 4-8번지,인천광역시 중구 홍예문로 7 (중앙동3가),10300,28110,1054115441,,,2022,1,1,0.0,0,1,0,0,unknown,0.667,0,0,0,0,1,low_data_completeness
4b503d35f00c78bc,서울,서울특별시 관악구 봉천동 1-69번지,서울특별시 관악구 청림3길 49 (봉천동),10100,11620,1022129111,,연립주택,1995,0,4,1527.3,1,0,1,0,unknown,0.833,1,0,0,0,1,old_building
4b97989504f989bc,인천,인천광역시 계양구 효성동 1-70번지,인천광역시 계양구 새벌로 185-1 (효성동),10100,28245,106012067,삼성하이츠맨션,공동주택,2002,0,1,256.0,1,0,0,0,unknown,0.833,1,0,0,0,1,old_building
4ba251449803d3b8,서울,서울특별시 강북구 미아동 3-221번지,서울특별시 강북구 도봉로18다길 21-23 (미아동),10100,11305,10101889,,단독주택,1972,0,1,0.0,1,0,0,0,unknown,0.833,1,0,0,0,1,old_building
4ba26d58336c642e,경기,경기도 고양시 일산서구 일산동 438번지,,10100,41287,11041229705,,단독주택,2022,0,1,36.75,1,0,1,0,unknown,0.833,0,0,0,0,0,
4ba45ac1a913d408,인천,인천광역시 서구 백석동 블록,인천광역시 서구 한들로 73 (백석동),10100,28260,1000000000000002035176,검암역 로열파크씨티 푸르지오 2단지,,2023,1,1,0.0,0,1,0,0,unknown,0.667,0,0,0,0,1,low_data_completeness
4bbc111ea9fd9ec7,인천,인천광역시 서구 백석동 28-3번지,인천광역시 서구 서곶로 670 (백석동),10100,28260,106112227,,연수원,2003,0,1,349.92,1,0,1,0,unknown,0.833,1,1,0,0,1,old_building|non_residential_main_use
4bbe6553dac9c8d0,인천,인천광역시 부평구 부평동 10-252번지,인천광역시 부평구 주부토로104번길 10 (부평동),10100,28237,105919222,,근린생활시설및주택,2002,0,1,182.0,1,0,0,0,unknown,0.833,1,0,0,0,1,old_building
4bd14015c1906007,인천,인천광역시 계양구 효성동 1-71번지,인천광역시 계양구 새벌로 185 (효성동),10100,28245,106012068,삼성하이츠맨션,공동주택,2002,0,1,262.0,1,0,0,0,unknown,0.833,1,0,0,0,1,old_building
4bf6a9530e93c8db,서울,서울특별시 강동구 명일동 15번지,서울특별시 강동구 고덕로 210 (명일동),10100,11740,1026138276,삼익그린맨션,,2022,1,1,0.0,0,1,0,0,unknown,0.667,0,0,0,0,1,low_data_completeness
4bfb7403a582a0be,인천,인천광역시 동구 만석동 5-20번지,인천광역시 동구 인중로 440 (만석동),10100,28140,1055112114,서해그린빌라,,2022,1,1,0.0,0,1,0,0,unknown,0.667,0,0,1,0,1,basement_or_unknown_floor|low_data_completeness
4bfcbda7d4b4e4be,경기,경기도 고양시 덕양구 주교동 38-13번지,경기도 고양시 덕양구 원당로 112 (주교동),10100,41281,11041100458205,고양 엘림프라자,,2022,1,1,0.0,0,1,0,0,unknown,0.667,0,0,0,0,1,low_data_completeness
4bfe1de2f01cb231,인천,인천광역시 남동구 구월동 3-112번지,인천광역시 남동구 석산로222번길 17 (구월동),10100,28200,105811896,,단독주택,1989,0,1,0.0,1,0,0,0,unknown,0.833,1,0,0,0,1,old_building
4c05a17eca244121,경기,경기도 광주시 경안동 19-7번지,경기도 광주시 광주대로55번길 7-4 (경안동),10100,41610,1125171978,,,2022,1,1,0.0,0,1,0,0,unknown,0.667,0,0,1,0,1,basement_or_unknown_floor|low_data_completeness
4c1239fc27f6821c,경기,경기도 가평군 가평읍 읍내리 214번지,경기도 가평군 가평제방길 233 (가평읍 읍내리),25021,41820,1000000000000002714537,힐스테이트 가평 더뉴클래스,,2023,1,1,0.0,0,1,0,0,unknown,0.667,0,0,0,0,1,low_data_completeness
4c2e6f620924bc1b,서울,서울특별시 강남구 역삼동 601-25번지,서울특별시 강남구 강남대로110길 19-4 (역삼동),10100,11680,1024179342,,다세대주택,2022,0,1,54.9,0,0,0,1,unknown,0.833,0,0,0,0,0,
4c3d75a64fe87557,서울,서울특별시 강서구 가양동 14-3번지,서울특별시 강서구 양천로 489 (가양동),10400,11500,10171120511,가양우성아파트,아파트,2022,0,2,104.49,0,0,0,1,unknown,0.833,0,0,0,0,0,
4c5085c4f34948a3,서울,서울특별시 관악구 봉천동 1-475번지,서울특별시 관악구 청림3바길 8 (봉천동),10100,11620,1022112757,,다가구용단독주택,1998,0,1,103.8,1,0,0,0,unknown,0.833,1,0,0,0,1,old_building
4c7d7f1b8d1c6857,서울,서울특별시 강서구 가양동 14-3번지,서울특별시 강서구 양천로 489 (가양동),10400,11500,1017130199,가양우성아파트,아파트,2022,0,2,94.0,0,0,0,1,unknown,0.833,0,0,0,0,0,
4c866facf263f350,서울,서울특별시 광진구 중곡동 18-69번지,서울특별시 광진구 용마산로 124 (중곡동),10100,11215,10061767,,"근린생활시설, 업무시설",1989,0,1,0.0,1,0,0,0,unknown,0.833,1,1,0,0,1,old_building|non_residential_main_use
4c873cc99fc03417,서울,서울특별시 강남구 역삼동 601번지,서울특별시 강남구 봉은사로 108 (역삼동),10100,11680,10241100251749,글라스톤빌딩,의원,2016,0,15,5607.25,1,0,1,0,unknown,0.833,0,1,0,0,1,non_residential_main_use
4c87693e8496d92c,서울,서울특별시 도봉구 쌍문동 11-3번지,서울특별시 도봉구 도봉로139길 80-9 (쌍문동),10500,11320,10111100193050,,,2022,1,1,0.0,0,1,0,0,unknown,0.667,0,0,0,0,1,low_data_completeness
4c8abe49b579720e,인천,인천광역시 미추홀구 숭의동 1-148번지,인천광역시 미추홀구 경인로142번길 13-6 (숭의동),10100,28177,105617929,,"공동주택,제1종근린생활시설",2003,0,1,192.0,1,0,0,0,unknown,0.833,1,0,0,0,1,old_building
4c8da3856a6aff0b,인천,인천광역시 미추홀구 숭의동 1-11번지,인천광역시 미추홀구 경인로 148 (숭의동),10100,28177,10561100237070,다우림,,2022,1,1,0.0,0,1,0,0,unknown,0.667,0,0,0,0,1,low_data_completeness
4ca19193e7ecb705,경기,경기도 고양시 덕양구 주교동 214번지,경기도 고양시 덕양구 원당로33번길 77 (주교동),10100,41281,1000000000000002699021,,제2종근린생활시설,2023,0,1,729.0,1,0,0,0,unknown,0.833,0,1,0,0,1,non_residential_main_use
4ca3450d4db728f4,서울,서울특별시 강서구 가양동 14-3번지,서울특별시 강서구 양천로 489 (가양동),10400,11500,1017130230,가양우성아파트,아파트,2022,0,1,95.87,0,0,0,1,unknown,0.833,0,0,0,0,0,
4cb12f61e8958867,인천,인천광역시 계양구 효성동 1-30번지,인천광역시 계양구 길마로 98 (효성동),10100,28245,1060113258,삼성하이츠맨션,,2023,1,1,0.0,0,1,0,0,unknown,0.667,0,0,0,0,1,low_data_completeness
4cb8a65ca33f9f0c,인천,인천광역시 옹진군 북도면 시도리 57-7번지,인천광역시 옹진군 시도로86번길 195 (북도면 시도리),31021,28720,10631100180694,,다가구주택 및 제2종근린생활시설,2012,0,1,662.0,1,0,0,0,unknown,0.833,0,0,0,0,0,
4cbf1c5948ce6d6a,서울,서울특별시 강서구 방화동 128-1번지,서울특별시 강서구 방화대로52가길 36 (방화동),10900,11500,10171167859,한림빌리지,연립주택,2022,0,2,93.62,0,0,0,1,unknown,0.833,0,0,1,0,1,basement_or_unknown_floor
4cdefe8a2e804f23,인천,인천광역시 계양구 효성동 8-17번지,인천광역시 계양구 새벌로171번길 9 (효성동),10100,28245,106012085,대경넥스텔,공동주택,2002,0,1,0.0,1,0,0,0,unknown,0.833,1,0,0,0,1,old_building
4cf4a7950d6f51ba,경기,경기도 광주시 경안동 11-40번지,경기도 광주시 광주대로71번길 16-6 (경안동),10100,41610,1125129910,,주택,1952,0,1,0.0,1,0,0,0,unknown,0.833,1,0,0,0,1,old_building
4cf4dec508b6375c,서울,서울특별시 광진구 중곡동 18-12번지,서울특별시 광진구 용마산로 156 (중곡동),10100,11215,10061100225200,월드하우스,다세대주택,2016,0,6,814.24,1,0,1,0,unknown,0.833,0,0,0,0,0,
4cf5943a44fe184c,인천,인천광역시 강화군 강화읍 신문리 3-7번지,인천광역시 강화군 강화대로403번길 5-2 (강화읍 신문리),25021,28710,1062123827,,숙박시설,1978,0,1,0.0,1,0,0,0,unknown,0.833,1,1,0,0,1,old_building|non_residential_main_use
4cf5caaae42c517f,서울,서울특별시 광진구 중곡동 18-97번지,서울특별시 광진구 용마산로22길 11-7 (중곡동),10100,11215,10061791,,다가구용단독주택(8가구),1995,0,1,215.9,1,0,0,0,unknown,0.833,1,0,0,0,1,old_building
4d044d2b025cff8a,경기,경기도 고양시 일산서구 일산동 524-16번지,경기도 고양시 일산서구 일중로 17 (일산동),10100,41287,11041325922,포오스프라자,,2022,1,1,0.0,0,1,0,0,unknown,0.667,0,0,0,0,1,low_data_completeness
4d0752baea3a7ce2,서울,서울특별시 강남구 역삼동 601-29번지,서울특별시 강남구 강남대로110길 19-1 (역삼동),10100,11680,10241100302389,케이빌딩,일반음식점,2022,0,1,93.35,0,0,0,1,unknown,0.833,0,1,0,0,1,non_residential_main_use
4d1042d85060694d,경기,경기도 과천시 문원동 15-17번지,경기도 과천시 공원마을2길 41 (문원동),10200,41290,11081172,맨발어린이집,노유자시설(아동관련시설),1982,0,1,248.0,1,0,0,0,unknown,0.833,1,1,0,0,1,old_building|non_residential_main_use
4d254521ef84e873,인천,인천광역시 미추홀구 숭의동 1-68번지,인천광역시 미추홀구 수봉로33번길 28-18 (숭의동),10100,28177,105612185,,주택,2022,0,1,0.0,1,0,0,0,unknown,0.833,0,0,0,0,0,
4d41a421ebc8d474,인천,인천광역시 동구 만석동 5-6번지,인천광역시 동구 인중로 438 (만석동),10100,28140,1055112107,,,2022,1,1,0.0,0,1,0,0,unknown,0.667,0,0,0,0,1,low_data_completeness
4d5300760a5ed010,인천,인천광역시 남동구 구월동 3-5번지,인천광역시 남동구 석산로 230-3 (구월동),10100,28200,1058127517,조은그린빌,,2022,1,1,0.0,0,1,0,0,unknown,0.667,0,0,0,0,1,low_data_completeness
4d874b3fa75f18db,경기,경기도 가평군 가평읍 읍내리 214번지,경기도 가평군 가평제방길 233 (가평읍 읍내리),25021,41820,1000000000000002714574,힐스테이트 가평 더뉴클래스,,2023,1,1,0.0,0,1,0,0,unknown,0.667,0,0,0,0,1,low_data_completeness
4d8b2c9c2accfc82,인천,인천광역시 중구 중앙동3가 4-8번지,인천광역시 중구 홍예문로 7 (중앙동3가),10300,28110,1054115442,,,2022,1,1,0.0,0,1,0,0,unknown,0.667,0,0,0,0,1,low_data_completeness
4dabe914d8c16018,경기,경기도 과천시 문원동 15-53번지,경기도 과천시 공원마을6길 29 (문원동),10200,41290,110813638,우리빌,,2022,1,1,0.0,0,1,0,0,unknown,0.667,0,0,0,0,1,low_data_completeness
4dac02435bdc57dc,인천,인천광역시 미추홀구 숭의동 1-144번지,인천광역시 미추홀구 경인로142번길 13-11 (숭의동),10100,28177,105612225,,주택,1974,0,1,0.0,1,0,0,0,unknown,0.833,1,0,0,0,1,old_building
4db18ad5b5d6e236,인천,인천광역시 중구 중앙동2가 19번지,,10200,28110,10541659,,주택,2022,0,1,0.0,1,0,0,0,unknown,0.833,0,0,0,0,0,
4dd3ba514bfa4b8f,경기,경기도 김포시 북변동 200-14번지,경기도 김포시 봉화로 164-10 (북변동),10100,41570,11231100323043,,단독주택,2016,0,1,247.0,1,0,0,0,unknown,0.833,0,0,0,0,0,
4df1d68b3bd699d0,서울,서울특별시 구로구 신도림동 271-25번지,서울특별시 구로구 신도림로19길 144 (신도림동),10100,11530,10181100189150,신도림삼성쉐르빌 1,,2022,1,1,0.0,0,1,0,0,unknown,0.667,0,0,0,0,1,low_data_completeness
4e14cfcb2279da2f,인천,인천광역시 동구 만석동 2-18번지,인천광역시 동구 보세로 51 (만석동),10100,28140,10551226,C동,공장,1988,0,1,0.0,1,0,0,0,unknown,0.833,1,1,0,0,1,old_building|non_residential_main_use
4e167c5ae7286b4a,서울,서울특별시 강서구 염창동 57번지,서울특별시 강서구 양천로67길 50-33 (염창동),10100,11500,1017171443,지오빌,,2022,1,1,0.0,0,1,0,0,unknown,0.667,0,0,0,0,1,low_data_completeness
4e366db0c97e0aef,경기,경기도 김포시 북변동 152-13번지,경기도 김포시 김포대로 1009-50 (북변동),10100,41570,11231100513750,,제조업소,2022,0,1,951.0,1,0,1,0,unknown,0.833,0,1,0,0,1,non_residential_main_use
4e3c42be64d3617c,서울,서울특별시 구로구 신도림동 271-25번지,서울특별시 구로구 신도림로19길 144 (신도림동),10100,11530,10181100189294,신도림삼성쉐르빌 1,,2022,1,1,0.0,0,1,0,0,unknown,0.667,0,0,0,0,1,low_data_completeness
4e3dcbbbaf570ba9,인천,인천광역시 계양구 효성동 1-30번지,인천광역시 계양구 길마로 98 (효성동),10100,28245,1060113262,삼성하이츠맨션,,2023,1,1,0.0,0,1,0,0,unknown,0.667,0,0,0,0,1,low_data_completeness
4e3e3f7cbcd07b7f,서울,서울특별시 금천구 가산동 4-22번지,서울특별시 금천구 벚꽃로56길 8 (가산동),10100,11545,1019112701,,기타제1종근린생활시설,1970,0,1,105.55,1,0,1,0,unknown,0.833,1,1,0,0,1,old_building|non_residential_main_use
4e5fdc79c92c9b52,서울,서울특별시 도봉구 쌍문동 25-1번지,서울특별시 도봉구 도봉로139길 81-26 (쌍문동),10500,11320,10111595,,단독주택,1985,0,1,196.02,1,0,0,0,unknown,0.833,1,0,0,0,1,old_building
4e925c2af91d8796,서울,서울특별시 강서구 내발산동 647번지,서울특별시 강서구 강서로52길 43 (내발산동),10600,11500,1000000000000002238212,DH647,다세대주택,2023,0,4,90.81,0,0,0,1,unknown,0.833,0,0,1,0,1,basement_or_unknown_floor
4ec85bd1b1d2cd13,경기,경기도 광주시 경안동,,10100,41610,1125110796,,단독주택,2022,0,1,11.78,1,0,1,0,unknown,0.833,0,0,0,0,0,
4edcf6a2090d448b,인천,인천광역시 동구 만석동 5-23번지,인천광역시 동구 화도진로198번길 7 (만석동),10100,28140,1055112147,삼성빌라,,2022,1,1,0.0,0,1,0,0,unknown,0.667,0,0,0,0,1,low_data_completeness
4f1b8a971ff1dd8a,경기,경기도 광주시 경안동 1-1번지,경기도 광주시 경안로25번길 20-3 (경안동),10100,41610,1125125272,,단독주택,2022,0,1,30.26,1,0,1,0,unknown,0.833,0,0,0,0,0,
4f2c75d39cab81b0,인천,인천광역시 중구 중앙동2가 3-2번지,인천광역시 중구 제물량로206번길 21 (중앙동2가),10200,28110,10541100226109,,,2022,1,1,0.0,0,1,0,0,unknown,0.667,0,0,0,0,1,low_data_completeness
4f3d423437c3370e,인천,인천광역시 서구 백석동 블록,인천광역시 서구 한들로 73 (백석동),10100,28260,1000000000000002036143,검암역 로열파크씨티 푸르지오 2단지,,2023,1,1,0.0,0,1,0,0,unknown,0.667,0,0,0,0,1,low_data_completeness
4f3f375154c00c5a,서울,서울특별시 강서구 등촌동 14-7번지,서울특별시 강서구 양천로 424 (등촌동),10200,11500,10171100352563,가양역 데시앙플렉스 지식산업센터,기타공장,2022,0,2,99.47,0,0,0,1,unknown,0.833,0,1,1,0,1,non_residential_main_use|basement_or_unknown_floor
4f4834a0915b1565,서울,서울특별시 광진구 중곡동 18-71번지,서울특별시 광진구 용마산로 120 (중곡동),10100,11215,10061769,,"근린생활시설, 주택",1989,0,1,0.0,1,0,0,0,unknown,0.833,1,0,0,0,1,old_building
4f4971b35adf078f,경기,경기도 고양시 일산서구 일산동 64번지,,10100,41287,11041229463,,단독주택,2022,0,1,55.48,1,0,1,0,unknown,0.833,0,0,0,0,0,
4f49c9b55e4c1b73,경기,경기도 광주시 경안동 11-8번지,경기도 광주시 광주대로71번길 16-5 (경안동),10100,41610,112518023,,주택.창고,1967,0,1,0.0,1,0,0,0,unknown,0.833,1,0,0,0,1,old_building
4f4e58bf68fb6abc,인천,인천광역시 부평구 부평동 10-234번지,인천광역시 부평구 주부토로100번길 12 (부평동),10100,28237,10591181764,궁전빌라,,2022,1,1,0.0,0,1,0,0,unknown,0.667,0,0,0,0,1,low_data_completeness
4f66c97f2eb5df2d,인천,인천광역시 연수구 옥련동 81-19번지,인천광역시 연수구 독배로 109 (옥련동),10100,28185,105718093,,,2022,1,1,0.0,0,1,0,0,unknown,0.667,0,0,1,0,1,basement_or_unknown_floor|low_data_completeness
4f71eeb2367d8f81,경기,경기도 고양시 일산동구 식사동 2-16번지,경기도 고양시 일산동구 사리현로 101-12 (식사동),10100,41285,11041100334729,,사무소,2018,0,3,1017.32,1,0,1,0,unknown,0.833,0,1,0,0,1,non_residential_main_use
4f73a7efb21382d4,서울,서울특별시 강북구 미아동 3-11번지,서울특별시 강북구 오현로9길 17 (미아동),10100,11305,10101100194973,동방플러스빌,,2022,1,1,0.0,0,1,0,0,unknown,0.667,0,0,0,0,1,low_data_completeness
4f7fe52308926242,경기,경기도 구리시 갈매동 510번지,경기도 구리시 갈매순환로204번길 65 (갈매동),10100,41310,11091100207231,구리 스마트벤처타워,,2022,1,1,0.0,0,1,0,0,unknown,0.667,0,0,0,0,1,low_data_completeness
4fa3be498e5a559a,인천,인천광역시 연수구 옥련동 81-19번지,인천광역시 연수구 독배로 109 (옥련동),10100,28185,105718099,,,2022,1,1,0.0,0,1,0,0,unknown,0.667,0,0,1,0,1,basement_or_unknown_floor|low_data_completeness
4fa3f0d779934016,경기,경기도 고양시 일산서구 일산동 551-16번지,경기도 고양시 일산서구 고양대로 701-6 (일산동),10100,41287,11041100176593,대명아트빌,,2022,1,1,0.0,0,1,0,0,unknown,0.667,0,0,0,0,1,low_data_completeness
4faa63258d248fa3,서울,서울특별시 강북구 미아동 3-37번지,서울특별시 강북구 오현로9길 41 (미아동),10100,11305,1010130886,,,2022,1,1,0.0,0,1,0,0,unknown,0.667,0,0,0,0,1,low_data_completeness
4fb65488bb77e4ac,인천,인천광역시 계양구 효성동 11-16번지,인천광역시 계양구 봉오대로601번길 3-2 (효성동),10100,28245,106011125,,주택,1982,0,1,0.0,1,0,0,0,unknown,0.833,1,0,0,0,1,old_building
4fb861495f936579,서울,서울특별시 강서구 염창동 57번지,서울특별시 강서구 양천로67길 50-33 (염창동),10100,11500,1017171447,지오빌,아파트,2022,1,2,100.11,0,1,0,1,unknown,0.833,0,0,1,0,1,basement_or_unknown_floor
4fc08820b5d8e820,인천,인천광역시 동구 만석동 1-53번지,인천광역시 동구 보세로26번길 24-36 (만석동),10100,28140,10551100181556,,,2022,1,1,0.0,0,1,0,0,unknown,0.667,0,0,0,0,1,low_data_completeness
4fd4694557a7ad4c,경기,경기도 고양시 덕양구 주교동 273-1번지,경기도 고양시 덕양구 원당로59번길 120 (주교동),10100,41281,11041103844,예중파크뷰아파트,,2022,1,1,0.0,0,1,0,0,unknown,0.667,0,0,0,0,1,low_data_completeness
4fdb37ddd82c734b,인천,인천광역시 옹진군 북도면 시도리 50-2번지,인천광역시 옹진군 시도로86번길 291-73 (북도면 시도리),31021,28720,10631100197559,,단독주택,2017,0,2,663.81,1,0,1,0,unknown,0.833,0,0,0,0,0,
4fee1797ee504457,경기,경기도 고양시 덕양구 주교동 273-1번지,경기도 고양시 덕양구 원당로59번길 120 (주교동),10100,41281,11041103816,예중파크뷰아파트,,2022,1,1,0.0,0,1,0,0,unknown,0.667,0,0,0,0,1,low_data_completeness
4ff97aad5894998b,경기,경기도 구리시 갈매동 510번지,경기도 구리시 갈매순환로204번길 65 (갈매동),10100,41310,11091100207208,구리 스마트벤처타워,,2022,1,1,0.0,0,1,0,0,unknown,0.667,0,0,0,0,1,low_data_completeness
4ffc865412359a93,서울,서울특별시 강남구 대치동 511번지,서울특별시 강남구 삼성로 150 (대치동),10600,11680,1024125546,한보미도맨션209동,,2022,1,1,0.0,0,1,0,0,unknown,0.667,0,0,0,0,1,low_data_completeness
5016a0cdb50c0ade,인천,인천광역시 서구 백석동 58번지,인천광역시 서구 녹색숲로 320 (백석동),10100,28260,10611100283656,,화장실,2015,0,1,0.0,1,0,0,0,unknown,0.833,0,1,0,0,1,non_residential_main_use
5024545ee3ede74a,경기,경기도 광주시 경안동,,10100,41610,1125110794,,단독주택,2022,0,1,25.9,1,0,1,0,unknown,0.833,0,0,0,0,0,
502893d0e0506b9d,인천,인천광역시 옹진군 북도면 시도리 53-10번지,인천광역시 옹진군 시도로86번길 217-33 (북도면 시도리),31021,28720,10631100175613,,단독주택,2010,0,1,469.0,1,0,0,0,unknown,0.833,0,0,0,0,0,
50323ca8bd2ed401,인천,인천광역시 연수구 옥련동 116-38번지,인천광역시 연수구 비류대로154번길 14 (옥련동),10100,28185,10571100271600,,다중주택,2020,0,1,180.0,1,0,0,0,unknown,0.833,0,0,0,0,0,
503424bc699ddf9b,인천,인천광역시 강화군 강화읍 신문리 205-5번지,인천광역시 강화군 강화대로 429 (강화읍 신문리),25021,28710,1062135821,중앙시장,,2022,1,1,0.0,0,1,0,0,unknown,0.667,0,0,1,0,1,basement_or_unknown_floor|low_data_completeness
5036a918d22f95fa,경기,경기도 고양시 덕양구 주교동 272-1번지,경기도 고양시 덕양구 원당로59번길 94-7 (주교동),10100,41281,11041117530,윤창아파트,,2022,1,1,0.0,0,1,0,0,unknown,0.667,0,0,1,0,1,basement_or_unknown_floor|low_data_completeness
5046bfec530500b4,서울,서울특별시 구로구 신도림동 271-25번지,서울특별시 구로구 신도림로19길 144 (신도림동),10100,11530,10181100189316,신도림삼성쉐르빌 1,,2022,1,1,0.0,0,1,0,0,unknown,0.667,0,0,0,0,1,low_data_completeness
50496f29f0193690,서울,서울특별시 강북구 미아동 3-53번지,서울특별시 강북구 오패산로30가길 8-5 (미아동),10100,11305,10101777,,단독주택,1994,0,1,92.18,1,0,0,0,unknown,0.833,1,0,0,0,1,old_building
504dce3e5e49cca3,서울,서울특별시 강동구 명일동 15번지,서울특별시 강동구 고덕로 210 (명일동),10100,11740,102611209,삼익그린맨션,아파트,1983,0,1,0.0,1,0,0,0,unknown,0.833,1,0,0,0,1,old_building
505aa81e70f54e78,경기,경기도 고양시 일산동구 식사동 2-15번지,경기도 고양시 일산동구 사리현로 101-10 (식사동),10100,41285,1000000000000004422346,,주기장,2024,0,1,2274.0,1,0,1,0,unknown,0.833,0,1,0,0,1,non_residential_main_use
507fb900c81aadbd,서울,서울특별시 강서구 염창동 113-9번지,서울특별시 강서구 양천로75길 50 (염창동),10100,11500,101717682,,"제1,2종근린생활시설",2005,0,1,590.85,1,0,0,0,unknown,0.833,1,1,0,0,1,old_building|non_residential_main_use
508250835f6fbd89,서울,서울특별시 노원구 월계동 12번지,서울특별시 노원구 마들로 127 (월계동),10200,11350,101212706,,아파트,1987,0,14,10475.96,1,0,1,0,unknown,0.833,1,0,0,0,1,old_building
50982f3d5abffb2f,서울,서울특별시 강북구 미아동 3-11번지,서울특별시 강북구 오현로9길 17 (미아동),10100,11305,10101100194980,동방플러스빌,,2022,1,1,0.0,0,1,0,0,unknown,0.667,0,0,0,0,1,low_data_completeness
50bddfd0120df6b4,인천,인천광역시 남동구 구월동 3-14번지,인천광역시 남동구 석산로228번길 7-1 (구월동),10100,28200,1058127532,동부주택2동,,2022,1,1,0.0,0,1,0,0,unknown,0.667,0,0,0,0,1,low_data_completeness
50ca16d6648664cd,경기,경기도 고양시 덕양구 주교동 197-7번지,경기도 고양시 덕양구 고양대로 1304 (주교동),10100,41281,110412877,,주택,2000,0,1,0.0,1,0,0,0,unknown,0.833,1,0,0,0,1,old_building
50cb8c3faaea0883,서울,서울특별시 강서구 개화동 348-2번지,서울특별시 강서구 개화3길 33 (개화동),11000,11500,10171113674,,연립주택,2022,0,1,43.04,0,0,0,1,unknown,0.833,0,0,0,0,0,
50d5faa744dc6f90,서울,서울특별시 금천구 가산동 40-14번지,서울특별시 금천구 벚꽃로42길 7 (가산동),10100,11545,1019151423,,,2022,1,1,0.0,0,1,0,0,unknown,0.667,0,0,0,0,1,low_data_completeness
50d88a2c01e6c8fc,인천,인천광역시 강화군 강화읍 신문리 66번지,인천광역시 강화군 남문안길 16 (강화읍 신문리),25021,28710,1062111111,,근린생활시설,1981,0,1,0.0,1,0,0,0,unknown,0.833,1,1,0,0,1,old_building|non_residential_main_use
50e2c75aaee6385b,서울,서울특별시 노원구 월계동 13번지,서울특별시 노원구 마들로 59 (월계동),10200,11350,101211612,,아파트,1986,0,1,0.0,1,0,0,0,unknown,0.833,1,0,0,0,1,old_building
5100416e59d5df0d,인천,인천광역시 미추홀구 숭의동 1-105번지,인천광역시 미추홀구 경인로142번길 51 (숭의동),10100,28177,105612205,,"근린생활시설, 주택(2)",1995,0,1,164.9,1,0,0,0,unknown,0.833,1,0,0,0,1,old_building
510c75b5d27729c4,인천,인천광역시 계양구 효성동 1-11번지,인천광역시 계양구 길마로88번길 5 (효성동),10100,28245,1060113207,원익그린맨션,,2022,1,1,0.0,0,1,0,0,unknown,0.667,0,0,0,0,1,low_data_completeness
510fcbd1515abdd7,경기,경기도 과천시 문원동 15-23번지,경기도 과천시 공원마을2길 52 (문원동),10200,41290,110813613,,,2022,1,1,0.0,0,1,0,0,unknown,0.667,0,0,0,0,1,low_data_completeness
5111fc3b075c1f1f,서울,서울특별시 강남구 대치동 511번지,서울특별시 강남구 삼성로 150 (대치동),10600,11680,1024125094,,,2022,1,1,0.0,0,1,0,0,unknown,0.667,0,0,0,0,1,low_data_completeness
512b0be2124a3834,서울,서울특별시 강동구 명일동 15번지,서울특별시 강동구 고덕로 210 (명일동),10100,11740,1026138082,삼익그린맨션,,2022,1,1,0.0,0,1,0,0,unknown,0.667,0,0,0,0,1,low_data_completeness
5133f22e6893a8ef,인천,인천광역시 중구 중앙동3가 4-8번지,인천광역시 중구 홍예문로 7 (중앙동3가),10300,28110,1054115585,,,2022,1,1,0.0,0,1,0,0,unknown,0.667,0,0,0,0,1,low_data_completeness
513675f1e48d44b5,서울,서울특별시 노원구 월계동 13번지,서울특별시 노원구 마들로 111 (월계동),10200,11350,101211588,,아파트,1986,0,1,0.0,1,0,0,0,unknown,0.833,1,0,0,0,1,old_building
513e76d7fa58cc12,경기,경기도 고양시 일산서구 일산동 551-1번지,경기도 고양시 일산서구 고양대로 701-8 (일산동),10100,41287,11041237054,,단독주택,1991,0,1,0.0,1,0,0,0,unknown,0.833,1,0,0,0,1,old_building
5157ee97845bffa9,경기,경기도 고양시 일산동구 식사동 231번지,경기도 고양시 일산동구 견달산로210번길 47-3 (식사동),10100,41285,11041100326652,드림팰리스,,2022,1,1,0.0,0,1,0,0,unknown,0.667,0,0,0,0,1,low_data_completeness
51611246a31ac4b6,서울,서울특별시 강북구 미아동 3-31번지,서울특별시 강북구 오패산로30길 61 (미아동),10100,11305,10101100223212,,다가구주택,2017,0,4,440.78,1,0,1,0,unknown,0.833,0,0,0,0,0,
518343307eea16b4,경기,경기도 구리시 갈매동 510번지,경기도 구리시 갈매순환로204번길 65 (갈매동),10100,41310,11091100207139,구리 스마트벤처타워,,2022,1,1,0.0,0,1,0,0,unknown,0.667,0,0,0,0,1,low_data_completeness
51893f55112c0ada,경기,경기도 구리시 갈매동 510번지,경기도 구리시 갈매순환로204번길 65 (갈매동),10100,41310,11091100207206,구리 스마트벤처타워,,2022,1,1,0.0,0,1,0,0,unknown,0.667,0,0,0,0,1,low_data_completeness
51921d703d7320eb,인천,인천광역시 남동구 구월동 4-6번지,인천광역시 남동구 당좌로 19-3 (구월동),10100,28200,105811900,,단독주택,2005,0,1,136.0,1,0,0,0,unknown,0.833,1,0,0,0,1,old_building
51a1ac14fabf9ee5,인천,인천광역시 부평구 부평동 10-43번지,인천광역시 부평구 길주남로102번길 11-11 (부평동),10100,28237,1000000000000004484338,부평동세창주택1차,,2024,1,1,0.0,0,1,0,0,unknown,0.667,0,0,0,0,1,low_data_completeness
51a52b0f2092adfd,경기,경기도 군포시 당동 264-1번지,,10100,41410,11131608,,주택,1945,0,1,0.0,1,0,0,0,unknown,0.833,1,0,0,0,1,old_building
51b1ae054339ec34,서울,서울특별시 광진구 중곡동 18-4번지,서울특별시 광진구 용마산로28길 8 (중곡동),10100,11215,10061100230898,,,2022,1,1,0.0,0,1,0,0,unknown,0.667,0,0,0,0,1,low_data_completeness
51c36b32cbad054f,경기,경기도 광명시 광명동 24-21번지,경기도 광명시 광삼로13번길 28-3 (광명동),10100,41210,109815386,,다세대주택,1993,0,2,217.53,1,0,1,0,unknown,0.833,1,0,0,0,1,old_building
51c52ec8e2cb8b09,경기,경기도 과천시 문원동 15-50번지,경기도 과천시 공원마을6길 33 (문원동),10200,41290,11081100178887,문원동 15-50 공동주택(힐탑빌),,2022,1,1,0.0,0,1,0,0,unknown,0.667,0,0,0,0,1,low_data_completeness
51cb591e192dedaa,경기,경기도 가평군 가평읍 읍내리 124-3번지,경기도 가평군 잎너비길 29 (가평읍 읍내리),25021,41820,11301100198675,,단독주택,1996,0,1,0.0,1,0,0,0,unknown,0.833,1,0,0,0,1,old_building
51cc346be13ba0eb,경기,경기도 과천시 관문동 71-17번지,경기도 과천시 산마을길 65 (관문동),10100,41290,11081148,,"주택,창고,부속사(주거시설)",1981,0,1,669.0,1,0,0,0,unknown,0.833,1,0,0,0,1,old_building
51cc5bb7b94cd65f,서울,서울특별시 강남구 대치동 511번지,서울특별시 강남구 삼성로 150 (대치동),10600,11680,1024125799,한보미도맨션202동,,2022,1,1,0.0,0,1,0,0,unknown,0.667,0,0,0,0,1,low_data_completeness
51cf1c892f19ee1a,경기,경기도 과천시 문원동 15-8번지,경기도 과천시 공원마을1길 45 (문원동),10200,41290,11081164,,주택,2003,0,1,248.0,1,0,0,0,unknown,0.833,1,0,0,0,1,old_building
51e03fae6d437041,인천,인천광역시 서구 백석동 블록,인천광역시 서구 한들로 33 (백석동),10100,28260,1000000000000002032223,검암역 로열파크씨티 푸르지오 1단지,,2023,1,1,0.0,0,1,0,0,unknown,0.667,0,0,0,0,1,low_data_completeness
51e3d64a706366a8,서울,서울특별시 강남구 역삼동 605-23번지,서울특별시 강남구 봉은사로26길 14 (역삼동),10100,11680,1024117146,,근린생활시설,2004,0,1,294.6,1,0,0,0,unknown,0.833,1,1,0,0,1,old_building|non_residential_main_use
51e93471e96853b3,인천,인천광역시 중구 중앙동1가 15-2번지,인천광역시 중구 신포로23번길 98 (중앙동1가),10100,28110,1054115408,중앙파크빌,,2022,1,1,0.0,0,1,0,0,unknown,0.667,0,0,0,0,1,low_data_completeness
51ed5ca2892eeeaf,인천,인천광역시 동구 만석동 1-76번지,인천광역시 동구 보세로26번길 24-23 (만석동),10100,28140,10551100182340,,공장,2014,0,1,474.6,1,0,0,0,unknown,0.833,0,1,0,0,1,non_residential_main_use
51f6f07fa3ecb5fe,경기,경기도 광명시 광명동 6-9번지,경기도 광명시 광복로 45-2 (광명동),10100,41210,10981392,,단독주택,1976,0,1,255.94,1,0,1,0,unknown,0.833,1,0,0,0,1,old_building
5201193d7a68e6ff,인천,인천광역시 부평구 부평동 10-269번지,인천광역시 부평구 장제로199번길 52 (부평동),10100,28237,1059138860,,다가구주택,1991,0,1,163.0,1,0,0,0,unknown,0.833,1,0,0,0,1,old_building
5203a0be3bfa4dd8,경기,경기도 김포시 북변동 174-2번지,경기도 김포시 봉화로 172-1 (북변동),10100,41570,112313616,,"단독주택,제2종근린생활시설",2003,0,1,232.0,1,0,0,0,unknown,0.833,1,0,0,0,1,old_building
5210796c9a62df23,경기,경기도 과천시 문원동 15-46번지,경기도 과천시 공원마을5길 35 (문원동),10200,41290,110813631,,,2022,1,1,0.0,0,1,0,0,unknown,0.667,0,0,0,0,1,low_data_completeness
522caa771b0c27ec,서울,서울특별시 강동구 명일동 44번지,서울특별시 강동구 고덕로 240 (명일동),10100,11740,102611170,신동아아파트,아파트,1986,0,1,0.0,1,0,0,0,unknown,0.833,1,0,0,0,1,old_building
522d93123935b9a6,서울,서울특별시 강북구 미아동 3-77번지,서울특별시 강북구 오패산로30가길 4-1 (미아동),10100,11305,10101792,,단독주택,1993,0,1,83.75,1,0,0,0,unknown,0.833,1,0,0,0,1,old_building
5235c32c8f967734,서울,서울특별시 노원구 월계동 13번지,서울특별시 노원구 마들로 111 (월계동),10200,11350,101211590,,아파트,1986,0,1,0.0,1,0,0,0,unknown,0.833,1,0,0,0,1,old_building
5246cf7ed6d9811b,경기,경기도 군포시 당동 48-10번지,경기도 군포시 공단로 131 (당동),10100,41410,11131100199732,,제조업소,2016,0,2,1482.79,1,0,1,0,unknown,0.833,0,1,0,0,1,non_residential_main_use
525d8a8cf0455de3,서울,서울특별시 광진구 중곡동 18-16번지,서울특별시 광진구 용마산로28길 24 (중곡동),10100,11215,1006127418,,,2022,1,1,0.0,0,1,0,0,unknown,0.667,0,0,0,0,1,low_data_completeness
5264d283a7a892fa,경기,경기도 고양시 일산동구 식사동 236-4번지,경기도 고양시 일산동구 견달산로210번길 45-15 (식사동),10100,41285,11041100226827,루미나리,,2022,1,1,0.0,0,1,0,0,unknown,0.667,0,0,0,0,1,low_data_completeness
52688980a244c62c,서울,서울특별시 도봉구 쌍문동 11-3번지,서울특별시 도봉구 도봉로139길 80-9 (쌍문동),10500,11320,10111100193053,,,2022,1,1,0.0,0,1,0,0,unknown,0.667,0,0,0,0,1,low_data_completeness
5280ac736654cd6b,경기,경기도 과천시 문원동 15-38번지,경기도 과천시 공원마을3길 38 (문원동),10200,41290,11081100179153,현대빌라,,2022,1,1,0.0,0,1,0,0,unknown,0.667,0,0,0,0,1,low_data_completeness
52824a6c27e7eb79,경기,경기도 광주시 경안동 9-8번지,경기도 광주시 광주대로 69 (경안동),10100,41610,1125128995,,기타제1종근린생활시설,1991,0,3,312.21,1,0,1,0,unknown,0.833,1,1,0,0,1,old_building|non_residential_main_use
52b22d8083c767e6,인천,인천광역시 중구 중앙동3가 4-8번지,인천광역시 중구 홍예문로 7 (중앙동3가),10300,28110,1054115492,,,2022,1,1,0.0,0,1,0,0,unknown,0.667,0,0,0,0,1,low_data_completeness
52d447ccb7f83c2e,인천,인천광역시 연수구 옥련동 118-20번지,인천광역시 연수구 한진로72번길 32 (옥련동),10100,28185,105718332,,,2022,1,1,0.0,0,1,0,0,unknown,0.667,0,0,1,0,1,basement_or_unknown_floor|low_data_completeness
52f32e13bbe4be93,인천,인천광역시 강화군 강화읍 신문리 12-7번지,인천광역시 강화군 남문로 68-1 (강화읍 신문리),25021,28710,1062121926,,문화및집회시설,1945,0,1,0.0,1,0,0,0,unknown,0.833,1,1,0,0,1,old_building|non_residential_main_use
5319ba91a8974bc7,인천,인천광역시 강화군 강화읍 신문리 5-3번지,인천광역시 강화군 강화대로393번길 8 (강화읍 신문리),25021,28710,1062117387,독일장,"근린생활시설,숙박시설",1985,0,1,304.0,1,0,0,0,unknown,0.833,1,1,0,0,1,old_building|non_residential_main_use
531c916e84557ee7,경기,경기도 군포시 당동 14-1번지,경기도 군포시 공단로 149 (당동),10100,41410,111319577,아이밸리 군포,,2022,1,1,0.0,0,1,0,0,unknown,0.667,0,0,1,0,1,basement_or_unknown_floor|low_data_completeness
5322cab62567221c,서울,서울특별시 강남구 대치동 511번지,서울특별시 강남구 삼성로 150 (대치동),10600,11680,1024125614,한보미도맨션209동,,2022,1,1,0.0,0,1,0,0,unknown,0.667,0,0,0,0,1,low_data_completeness
53274005b783084a,서울,서울특별시 도봉구 쌍문동 7-21번지,서울특별시 도봉구 도봉로139길 65 (쌍문동),10500,11320,10111100204642,와이앤캐슬,,2022,1,1,0.0,0,1,0,0,unknown,0.667,0,0,0,0,1,low_data_completeness
532a51472cd1df46,경기,경기도 가평군 가평읍 읍내리 214번지,경기도 가평군 가평제방길 233 (가평읍 읍내리),25021,41820,1000000000000002714655,힐스테이트 가평 더뉴클래스,,2023,1,1,0.0,0,1,0,0,unknown,0.667,0,0,0,0,1,low_data_completeness
532f25870e8dbacd,경기,경기도 고양시 덕양구 주교동 191-3번지,경기도 고양시 덕양구 고양대로1290번길 32 (주교동),10100,41281,11041100208701,,단독주택,2010,0,2,434.86,1,0,1,0,unknown,0.833,0,0,0,0,0,
534a9bcc39e6375c,서울,서울특별시 강남구 역삼동 601-25번지,서울특별시 강남구 강남대로110길 19-4 (역삼동),10100,11680,1024179339,,다세대주택,2022,0,1,54.9,0,0,0,1,unknown,0.833,0,0,0,0,0,
5356090bfbce1e8d,서울,서울특별시 강동구 명일동 44번지,서울특별시 강동구 고덕로 240 (명일동),10100,11740,102611173,신동아아파트,아파트,1986,0,1,0.0,1,0,0,0,unknown,0.833,1,0,0,0,1,old_building
53560e55e33dc9b5,인천,인천광역시 중구 중앙동2가 19-1번지,,10200,28110,10541660,,영업소,2022,0,1,0.0,1,0,0,0,unknown,0.833,0,1,0,0,1,non_residential_main_use
535b012066a4f181,서울,서울특별시 광진구 중곡동 18-24번지,서울특별시 광진구 용마산로24길 13 (중곡동),10100,11215,100618029,신향빌라,연립주택,1986,0,1,0.0,1,0,0,0,unknown,0.833,1,0,0,0,1,old_building
5370aa6fa60956d0,서울,서울특별시 강서구 염창동 182-18번지,서울특별시 강서구 양천로75길 25 (염창동),10100,11500,1017127215,,"다세대주택, 근린생활시설",1997,0,1,357.0,1,0,0,0,unknown,0.833,1,0,0,0,1,old_building
537788488f5a5ef3,인천,인천광역시 중구 중앙동2가 7번지,인천광역시 중구 신포로23번길 60 (중앙동2가),10200,28110,10541100177645,,단독주택,2009,0,1,148.8,1,0,0,0,unknown,0.833,0,0,0,0,0,
537fe21f03bf7f54,인천,인천광역시 서구 백석동 58번지,인천광역시 서구 맑은누리로 164 (백석동),10100,28260,10611100320496,,분뇨및쓰레기처리시설,1999,0,1,0.0,1,0,0,0,unknown,0.833,1,1,0,0,1,old_building|non_residential_main_use
53942fa29773bf0d,서울,서울특별시 강동구 명일동 47-18번지,서울특별시 강동구 동남로 891 (명일동),10100,11740,102619602,현대델리안오피스텔,업무시설(오피스텔)외1,2006,0,1,892.2,1,0,0,0,unknown,0.833,0,0,0,0,0,
53b691970c4d68ff,서울,서울특별시 구로구 신도림동 281-39번지,서울특별시 구로구 신도림로15길 91 (신도림동),10100,11530,1018117927,,근린생활시설,1989,0,1,0.0,1,0,0,0,unknown,0.833,1,1,0,0,1,old_building|non_residential_main_use
53c37e037835cf5d,인천,인천광역시 옹진군 북도면 시도리 1-17번지,인천광역시 옹진군 시도로86번길 436 (북도면 시도리),31021,28720,1000000000000005482485,,사무소,2025,0,1,968.0,1,0,1,0,unknown,0.833,0,1,0,0,1,non_residential_main_use
53e2083411ffd6fe,서울,서울특별시 구로구 신도림동 280-23번지,서울특별시 구로구 신도림로11라길 50 (신도림동),10100,11530,101811114,,"근린생활시설, 다가구용단독주택",1993,0,1,129.0,1,0,0,0,unknown,0.833,1,0,0,0,1,old_building
53e5251d8eaa9e8a,경기,경기도 고양시 일산동구 식사동 13-8번지,,10100,41285,11041100436781,저장고(탄44),국방ㆍ군사시설,1977,0,1,652544.48,1,0,1,0,unknown,0.833,1,1,0,0,1,old_building|non_residential_main_use
53e5c0092ed422b9,경기,경기도 광주시 경안동 10-22번지,경기도 광주시 중앙로154번길 24 (경안동),10100,41610,11251100232557,,공동주택(다세대주택(도시형생활주택-단지형다세대)),2014,0,1,346.0,1,0,0,0,unknown,0.833,0,0,0,0,0,
53edbc87cfc199d5,인천,인천광역시 중구 중앙동3가 4-8번지,인천광역시 중구 홍예문로 7 (중앙동3가),10300,28110,1054115516,,,2022,1,1,0.0,0,1,0,0,unknown,0.667,0,0,0,0,1,low_data_completeness
5401e6d82bf8de41,서울,서울특별시 강북구 미아동 3-199번지,서울특별시 강북구 오현로9길 29 (미아동),10100,11305,1010130937,,,2022,1,1,0.0,0,1,0,0,unknown,0.667,0,0,0,0,1,low_data_completeness
540b5191f285dede,서울,서울특별시 강동구 명일동 28번지,서울특별시 강동구 고덕로 210 (명일동),10100,11740,102611215,삼익그린맨션,아파트,1984,0,1,0.0,1,0,0,0,unknown,0.833,1,0,0,0,1,old_building
541ffb557bd76228,경기,경기도 가평군 가평읍 읍내리 214번지,경기도 가평군 가평제방길 233 (가평읍 읍내리),25021,41820,1000000000000002714589,힐스테이트 가평 더뉴클래스,,2023,1,1,0.0,0,1,0,0,unknown,0.667,0,0,0,0,1,low_data_completeness
54218ad9fac1d766,경기,경기도 광명시 광명동 22-7번지,경기도 광명시 광삼로13번길 39 (광명동),10100,41210,10981696,,단독주택,1976,0,1,1.42,1,0,1,0,unknown,0.833,1,0,0,0,1,old_building
5421963ba32b02a1,서울,서울특별시 강동구 명일동 15번지,서울특별시 강동구 고덕로 210 (명일동),10100,11740,1026138339,삼익그린맨션,,2022,1,1,0.0,0,1,0,0,unknown,0.667,0,0,0,0,1,low_data_completeness
54252e80c2d39b6c,인천,인천광역시 미추홀구 숭의동 1-10번지,인천광역시 미추홀구 경인로 150 (숭의동),10100,28177,10561100237801,한우리,,2022,1,1,0.0,0,1,0,0,unknown,0.667,0,0,0,0,1,low_data_completeness
5426703bc05e8ae8,서울,서울특별시 강북구 미아동 3-60번지,서울특별시 강북구 오패산로30가길 9-2 (미아동),10100,11305,10101784,,단독주택,1969,0,1,0.0,1,0,0,0,unknown,0.833,1,0,0,0,1,old_building
542b87ead705fec1,인천,인천광역시 연수구 옥련동 116-13번지,인천광역시 연수구 비류대로146번길 10 (옥련동),10100,28185,10571611,,주택,1985,0,1,0.0,1,0,0,0,unknown,0.833,1,0,0,0,1,old_building
54633ac73513d969,인천,인천광역시 강화군 강화읍 신문리 205-5번지,인천광역시 강화군 강화대로 429 (강화읍 신문리),25021,28710,1062135764,중앙시장,,2022,1,1,0.0,0,1,0,0,unknown,0.667,0,0,1,0,1,basement_or_unknown_floor|low_data_completeness
54647573facbfd4a,서울,서울특별시 강북구 미아동 3-10번지,서울특별시 강북구 오현로9길 19 (미아동),10100,11305,1010130844,,연립주택,2022,1,1,39.69,0,1,0,1,unknown,0.833,0,0,0,0,0,
547114c2f0fd4cde,경기,경기도 광명시 광명동 24-30번지,경기도 광명시 광삼로13번길 40 (광명동),10100,41210,10981731,,다가구주택,1993,0,3,289.35,1,0,1,0,unknown,0.833,1,0,0,0,1,old_building
54764d57f6b0015d,인천,인천광역시 계양구 효성동 7-2번지,인천광역시 계양구 새벌로171번길 16 (효성동),10100,28245,106012079,대정하이츠,다세대주택,1995,0,1,0.0,1,0,0,0,unknown,0.833,1,0,0,0,1,old_building
54939413b3ade61a,인천,인천광역시 옹진군 북도면 시도리 116-1번지,,31021,28720,10631583,,창고시설,2022,0,1,0.0,1,0,0,0,unknown,0.833,0,1,0,0,1,non_residential_main_use
5495a15180e272b6,인천,인천광역시 연수구 옥련동 116-17번지,인천광역시 연수구 비류대로146번길 11 (옥련동),10100,28185,10571614,,주택,1985,0,1,0.0,1,0,0,0,unknown,0.833,1,0,0,0,1,old_building
54ad6f03f06b0f66,경기,경기도 고양시 덕양구 주교동 272-1번지,경기도 고양시 덕양구 원당로59번길 94-7 (주교동),10100,41281,11041117529,윤창아파트,,2022,1,1,0.0,0,1,0,0,unknown,0.667,0,0,1,0,1,basement_or_unknown_floor|low_data_completeness
54b1ac837012c8a5,서울,서울특별시 강북구 미아동 3-11번지,서울특별시 강북구 오현로9길 17 (미아동),10100,11305,10101100194972,동방플러스빌,다세대주택,2022,1,2,74.69,0,1,0,1,unknown,0.833,0,0,1,0,1,basement_or_unknown_floor
54b25c0c8f1e452e,경기,경기도 고양시 일산동구 식사동 1-6번지,경기도 고양시 일산동구 사리현로 111 (식사동),10100,41285,1000000000000003634264,,소매점,2024,0,1,198.0,1,0,1,0,unknown,0.833,0,1,0,0,1,non_residential_main_use
54df1568177d779c,서울,서울특별시 도봉구 쌍문동 23-11번지,서울특별시 도봉구 도봉로133길 40-15 (쌍문동),10500,11320,10111100201300,대원쉐르빌,공동주택 도시형생활주택(단지형다세대주택),2014,0,1,227.0,1,0,0,0,unknown,0.833,0,0,0,0,0,
54df21bcf5613c27,인천,인천광역시 강화군 강화읍 신문리 205-5번지,인천광역시 강화군 강화대로 429 (강화읍 신문리),25021,28710,1062135729,중앙시장,,2022,1,1,0.0,0,1,0,0,unknown,0.667,0,0,1,0,1,basement_or_unknown_floor|low_data_completeness
5504f858a132585b,서울,서울특별시 강남구 역삼동 603-5번지,서울특별시 강남구 봉은사로 138 (역삼동),10100,11680,10241100249334,더스위트캐슬,오피스텔,2022,0,2,21.623,0,0,0,1,unknown,0.833,0,0,0,0,0,
550ba27c42ef054f,경기,경기도 김포시 북변동 185번지,,10100,41570,112313626,,주택,2022,0,1,0.0,1,0,0,0,unknown,0.833,0,0,0,0,0,
550bb61151725b95,인천,인천광역시 남동구 구월동 3-21번지,인천광역시 남동구 석산로228번길 19 (구월동),10100,28200,10581100321246,하누리,,2022,1,1,0.0,0,1,0,0,unknown,0.667,0,0,0,0,1,low_data_completeness
55134d0646bb0fc6,인천,인천광역시 계양구 효성동 1-11번지,인천광역시 계양구 길마로88번길 5 (효성동),10100,28245,1060113196,원익그린맨션,,2022,1,1,0.0,0,1,0,0,unknown,0.667,0,0,0,0,1,low_data_completeness
55188d144423a55f,인천,인천광역시 서구 백석동 블록,인천광역시 서구 한들로 73 (백석동),10100,28260,1000000000000002037116,검암역 로열파크씨티 푸르지오 2단지,,2023,1,1,0.0,0,1,0,0,unknown,0.667,0,0,0,0,1,low_data_completeness
5527fc1994ca32d7,인천,인천광역시 옹진군 북도면 신도리 514-2번지,인천광역시 옹진군 신도로896번길 31 (북도면 신도리),31022,28720,106318375,영광빌라,,2022,1,1,0.0,0,1,0,0,unknown,0.667,0,0,0,0,1,low_data_completeness
553bbf17c04b844d,서울,서울특별시 강북구 미아동 3-213번지,서울특별시 강북구 도봉로18다길 21-4 (미아동),10100,11305,10101883,,단독주택,1968,0,1,0.0,1,0,0,0,unknown,0.833,1,0,0,0,1,old_building
553c50f696f1a273,서울,서울특별시 구로구 신도림동 281-11번지,서울특별시 구로구 신도림로15길 86 (신도림동),10100,11530,1018114911,,주택,1976,0,1,0.0,1,0,0,0,unknown,0.833,1,0,0,0,1,old_building
55585310667e5b1b,인천,인천광역시 동구 만석동 5-20번지,인천광역시 동구 인중로 440 (만석동),10100,28140,1055112118,서해그린빌라,,2022,1,1,0.0,0,1,0,0,unknown,0.667,0,0,1,0,1,basement_or_unknown_floor|low_data_completeness
555b8609ae346d37,서울,서울특별시 강남구 역삼동 603-5번지,서울특별시 강남구 봉은사로 138 (역삼동),10100,11680,10241100249494,더스위트캐슬,오피스텔,2022,0,4,31.565,0,0,0,1,unknown,0.833,0,0,1,0,1,basement_or_unknown_floor
555dc4e4fef88e6f,경기,경기도 광명시 광명동 24-72번지,경기도 광명시 광삼로13번길 30-16 (광명동),10100,41210,10981752,,"단독주택, 근린생활시설",1979,0,1,141.0,1,0,0,0,unknown,0.833,1,0,0,0,1,old_building
555ed21f320bfc6f,서울,서울특별시 구로구 신도림동 271-25번지,서울특별시 구로구 신도림로19길 144 (신도림동),10100,11530,10181100189184,신도림삼성쉐르빌 1,,2022,1,1,0.0,0,1,0,0,unknown,0.667,0,0,0,0,1,low_data_completeness
5574ddea21916cd5,서울,서울특별시 강서구 내발산동 647번지,서울특별시 강서구 강서로52길 43 (내발산동),10600,11500,1000000000000002238204,DH647,오피스텔,2023,0,4,111.01,0,0,0,1,unknown,0.833,0,0,1,0,1,basement_or_unknown_floor
55804e76dde976ab,서울,서울특별시 구로구 신도림동 271-25번지,서울특별시 구로구 신도림로19길 144 (신도림동),10100,11530,10181100189234,신도림삼성쉐르빌 1,,2022,1,1,0.0,0,1,0,0,unknown,0.667,0,0,0,0,1,low_data_completeness
559e7988a1625bf0,경기,경기도 고양시 덕양구 주교동 38-13번지,경기도 고양시 덕양구 원당로 112 (주교동),10100,41281,11041100458222,고양 엘림프라자,,2022,1,1,0.0,0,1,0,0,unknown,0.667,0,0,0,0,1,low_data_completeness
55a8f6801255da8e,인천,인천광역시 남동구 구월동 3-62번지,인천광역시 남동구 당좌로35번길 18-2 (구월동),10100,28200,105816258,,공동주택,2003,0,1,227.5,1,0,0,0,unknown,0.833,1,0,0,0,1,old_building
55b0aebca29e1088,서울,서울특별시 강남구 역삼동 601-25번지,서울특별시 강남구 강남대로110길 19-4 (역삼동),10100,11680,1024121678,,다세대주택,1986,0,1,0.0,1,0,0,0,unknown,0.833,1,0,0,0,1,old_building
55c9416905da5f03,인천,인천광역시 연수구 옥련동 116-26번지,인천광역시 연수구 비류대로150번길 16 (옥련동),10100,28185,10571622,,주택,1985,0,1,0.0,1,0,0,0,unknown,0.833,1,0,0,0,1,old_building
55d349c54f59f59f,서울,서울특별시 강동구 명일동 39번지,서울특별시 강동구 명일로 364 (명일동),10100,11740,1026121473,서울명원초등학교,교육연구시설,1986,0,1,0.0,1,0,0,0,unknown,0.833,1,1,0,0,1,old_building|non_residential_main_use
55d795a917e6560f,인천,인천광역시 강화군 강화읍 신문리 7-1번지,인천광역시 강화군 강화대로 383 (강화읍 신문리),25021,28710,10621100202897,,업무시설,2014,0,1,630.0,1,0,0,0,unknown,0.833,0,1,0,0,1,non_residential_main_use
55dc0a3ca24c2432,인천,인천광역시 서구 백석동 58번지,인천광역시 서구 맑은누리로 470 (백석동),10100,28260,10611100320498,,분뇨및쓰레기처리시설,1999,0,1,0.0,1,0,0,0,unknown,0.833,1,1,0,0,1,old_building|non_residential_main_use
55e16e2d70350d43,인천,인천광역시 남동구 구월동 3-26번지,인천광역시 남동구 석산로228번길 29 (구월동),10100,28200,10581100331201,삼성주택,,2022,1,1,0.0,0,1,0,0,unknown,0.667,0,0,0,0,1,low_data_completeness
55f1025f1613e96f,인천,인천광역시 서구 백석동 58번지,인천광역시 서구 녹색숲로31번길 18 (백석동),10100,28260,10611100320479,,분뇨및쓰레기처리시설,1999,0,1,0.0,1,0,0,0,unknown,0.833,1,1,0,0,1,old_building|non_residential_main_use
55f3c94fc1f7e983,서울,서울특별시 강동구 명일동 44번지,서울특별시 강동구 고덕로62길 48 (명일동),10100,11740,102611169,신동아아파트,상가,1986,0,1,0.0,1,0,0,0,unknown,0.833,1,1,0,0,1,old_building|non_residential_main_use
55f4943363b0d098,인천,인천광역시 강화군 강화읍 신문리 29번지,인천광역시 강화군 남문안길 2-1 (강화읍 신문리),25021,28710,1062131071,,주택,1981,0,1,0.0,1,0,0,0,unknown,0.833,1,0,0,0,1,old_building
55fedcc524b22712,인천,인천광역시 남동구 구월동 3-80번지,인천광역시 남동구 당좌로 35 (구월동),10100,28200,10581100210496,서교탑스빌,공동주택,2001,0,1,175.3,1,0,0,0,unknown,0.833,1,0,0,0,1,old_building
56006e9ae404020f,경기,경기도 구리시 갈매동 484번지,경기도 구리시 갈매길 113-9 (갈매동),10100,41310,11091100177893,,,2022,1,1,0.0,0,1,0,0,unknown,0.667,0,0,0,0,1,low_data_completeness
5603c679d5bacd03,경기,경기도 김포시 북변동 161번지,경기도 김포시 김포대로1127번길 49 (북변동),10100,41570,112313609,,단독주택,2022,0,1,135.0,1,0,1,0,unknown,0.833,0,0,0,0,0,
562028c5cea4fa1e,서울,서울특별시 강서구 염창동 66번지,,10100,11500,1017120073,,"수위실, 변소, 사무실",1966,0,1,0.0,1,0,0,0,unknown,0.833,1,1,0,0,1,old_building|non_residential_main_use
5627bdddb9e1ae13,서울,서울특별시 광진구 중곡동 18-16번지,서울특별시 광진구 용마산로28길 24 (중곡동),10100,11215,1006127410,,,2022,1,1,0.0,0,1,0,0,unknown,0.667,0,0,0,0,1,low_data_completeness
5628ef7069216290,서울,서울특별시 광진구 중곡동 18-36번지,서울특별시 광진구 용마산로26길 17 (중곡동),10100,11215,100618041,아인슈타인 하우스,다세대주택,2006,0,1,111.11,1,0,0,0,unknown,0.833,0,0,0,0,0,
562987586f0dd836,경기,경기도 구리시 갈매동 510번지,경기도 구리시 갈매순환로204번길 65 (갈매동),10100,41310,11091100207134,구리 스마트벤처타워,,2022,1,1,0.0,0,1,0,0,unknown,0.667,0,0,0,0,1,low_data_completeness
5634fcdca8e9c67c,서울,서울특별시 금천구 가산동 40-11번지,서울특별시 금천구 벚꽃로42길 13 (가산동),10100,11545,10191100200304,휴먼빌,,2022,1,1,0.0,0,1,0,0,unknown,0.667,0,0,0,0,1,low_data_completeness
5649571a1fdbcd1d,경기,경기도 구리시 갈매동 142-23번지,,10100,41310,11091100219391,위병소,교정및군사시설,1992,0,1,13141.0,1,0,0,0,unknown,0.833,1,1,0,0,1,old_building|non_residential_main_use
5649998e5449432b,인천,인천광역시 강화군 강화읍 신문리 4-2번지,인천광역시 강화군 강화대로393번길 10 (강화읍 신문리),25021,28710,10621100174446,,,2022,1,1,0.0,0,1,0,0,unknown,0.667,0,0,0,0,1,low_data_completeness
5655177261e9a45e,경기,경기도 과천시 문원동 15-54번지,경기도 과천시 공원마을6길 27 (문원동),10200,41290,11081100186679,,,2022,1,1,0.0,0,1,0,0,unknown,0.667,0,0,0,0,1,low_data_completeness
565a19860a1b50d9,경기,경기도 과천시 관문동 69-13번지,경기도 과천시 중앙로 299 (관문동),10100,41290,1000000000000001475609,,일반음식점,2023,0,2,560.52,1,0,1,0,unknown,0.833,0,1,0,0,1,non_residential_main_use
565cbe2b5a990565,인천,인천광역시 중구 중앙동3가 4-8번지,인천광역시 중구 홍예문로 7 (중앙동3가),10300,28110,1054115481,,,2022,1,1,0.0,0,1,0,0,unknown,0.667,0,0,0,0,1,low_data_completeness
56643e62481c65cc,경기,경기도 고양시 덕양구 주교동 272-1번지,경기도 고양시 덕양구 원당로59번길 94-7 (주교동),10100,41281,11041117540,윤창아파트,,2022,1,1,0.0,0,1,0,0,unknown,0.667,0,0,1,0,1,basement_or_unknown_floor|low_data_completeness
5682b24377918199,경기,경기도 고양시 일산동구 식사동 236-4번지,경기도 고양시 일산동구 견달산로210번길 45-15 (식사동),10100,41285,11041100226828,루미나리,,2022,1,1,0.0,0,1,0,0,unknown,0.667,0,0,0,0,1,low_data_completeness
56a6a16d51cbf8c6,경기,경기도 고양시 일산동구 식사동 13-8번지,,10100,41285,11041100436772,저장고(탄35),교정및군사시설,1976,0,1,652295.0,1,0,0,0,unknown,0.833,1,1,0,0,1,old_building|non_residential_main_use
56aa1fc99b54b222,경기,경기도 광명시 광명동 24-7번지,경기도 광명시 광삼로13번길 28-19 (광명동),10100,41210,10981713,,단독주택,1973,0,1,156.02,1,0,1,0,unknown,0.833,1,0,0,0,1,old_building
56ad7279fa0b2f66,경기,경기도 가평군 가평읍 읍내리 57-3번지,경기도 가평군 잎너비길 35-128 (가평읍 읍내리),25021,41820,11301100180945,,제조업소,2008,0,2,1661.4,1,0,1,0,unknown,0.833,0,1,0,0,1,non_residential_main_use
56b72cb40da6d3a6,서울,서울특별시 광진구 중곡동 18-12번지,서울특별시 광진구 용마산로 156 (중곡동),10100,11215,10061100225202,월드하우스,,2022,1,1,0.0,0,1,0,0,unknown,0.667,0,0,0,0,1,low_data_completeness
56b8cb358163b568,인천,인천광역시 중구 중앙동2가 20번지,,10200,28110,10541663,,주택,2022,0,1,0.0,1,0,0,0,unknown,0.833,0,0,0,0,0,
56bc2e3a2eaf3ae7,경기,경기도 광명시 광명동 24-73번지,경기도 광명시 연서일로17번길 29-20 (광명동),10100,41210,1098117416,,,2022,1,1,0.0,0,1,0,0,unknown,0.667,0,0,0,0,1,low_data_completeness
56c0712fd3266129,인천,인천광역시 남동구 구월동 3-18번지,인천광역시 남동구 석산로228번길 17-8 (구월동),10100,28200,1058127544,,,2022,1,1,0.0,0,1,0,0,unknown,0.667,0,0,0,0,1,low_data_completeness
56cfb0caebf0450a,서울,서울특별시 관악구 봉천동 1-319번지,서울특별시 관악구 청림3다길 18-9 (봉천동),10100,11620,10221971,,단독주택,1996,0,1,104.75,1,0,0,0,unknown,0.833,1,0,0,0,1,old_building
56d52ae8b05a8506,경기,경기도 고양시 일산서구 일산동 322번지,,10100,41287,11041229700,,단독주택,2022,0,1,30.2,1,0,1,0,unknown,0.833,0,0,0,0,0,
56d91475d7bbbae9,서울,서울특별시 강북구 미아동 3-36번지,서울특별시 강북구 오현로9길 45 (미아동),10100,11305,10101100197333,,,2022,1,1,0.0,0,1,0,0,unknown,0.667,0,0,0,0,1,low_data_completeness
56f9467bfa000c99,인천,인천광역시 부평구 부평동 6-173번지,,10100,28237,1059134079,,단독주택,1975,0,1,49.32,1,0,1,0,unknown,0.833,1,0,0,0,1,old_building
56fcd5e4a7e1f275,경기,경기도 과천시 문원동 15-20번지,경기도 과천시 공원마을2길 51 (문원동),10200,41290,110813608,로즈빌2,,2022,1,1,0.0,0,1,0,0,unknown,0.667,0,0,0,0,1,low_data_completeness
570483c5c657c4b2,인천,인천광역시 서구 백석동 블록,인천광역시 서구 한들로 33 (백석동),10100,28260,1000000000000002033282,검암역 로열파크씨티 푸르지오 1단지,,2023,1,1,0.0,0,1,0,0,unknown,0.667,0,0,0,0,1,low_data_completeness
570bf657f0f36405,인천,인천광역시 부평구 부평동 10-66번지,인천광역시 부평구 장제로221번길 23 (부평동),10100,28237,10591100251178,다온그린빌,,2022,1,1,0.0,0,1,0,0,unknown,0.667,0,0,0,0,1,low_data_completeness
5717e30fb0352b6c,서울,서울특별시 강남구 역삼동 601-29번지,서울특별시 강남구 강남대로110길 19-1 (역삼동),10100,11680,10241100302386,케이빌딩,일반음식점,2022,0,1,130.27,0,0,0,1,unknown,0.833,0,1,0,0,1,non_residential_main_use
5717f1f66360183f,인천,인천광역시 연수구 옥련동 63-20번지,인천광역시 연수구 옥골로 134 (옥련동),10100,28185,10571529,,기타공공시설,1975,0,1,121.71,1,0,1,0,unknown,0.833,1,1,0,0,1,old_building|non_residential_main_use
5743afe27a9adafa,서울,서울특별시 강북구 미아동 3-59번지,서울특별시 강북구 오패산로30가길 9 (미아동),10100,11305,10101783,,다각구용 단독주택,1993,0,1,73.05,1,0,0,0,unknown,0.833,1,0,0,0,1,old_building
5748490d34003bdf,인천,인천광역시 서구 백석동 58번지,인천광역시 서구 녹색숲로31번길 38 (백석동),10100,28260,10611100320481,,분뇨및쓰레기처리시설,1999,0,1,0.0,1,0,0,0,unknown,0.833,1,1,0,0,1,old_building|non_residential_main_use
5754bc91f633284c,서울,서울특별시 금천구 가산동 29-15번지,서울특별시 금천구 벚꽃로46다길 8 (가산동),10100,11545,101915984,,다가구용단독주택(3가구),1991,0,1,0.0,1,0,0,0,unknown,0.833,1,0,0,0,1,old_building
576449cdaedcd604,인천,인천광역시 부평구 부평동 10-127번지,,10100,28237,1059137472,,소매점,2022,0,1,98.84,1,0,1,0,unknown,0.833,0,1,0,0,1,non_residential_main_use
5791ec5644049fb8,경기,경기도 군포시 당동 14-1번지,경기도 군포시 공단로 149 (당동),10100,41410,111319614,아이밸리 군포,,2022,1,1,0.0,0,1,0,0,unknown,0.667,0,0,1,0,1,basement_or_unknown_floor|low_data_completeness
5796e941fe2581d3,인천,인천광역시 연수구 옥련동 118-19번지,인천광역시 연수구 비류대로144번길 23-6 (옥련동),10100,28185,105718324,,,2022,1,1,0.0,0,1,0,0,unknown,0.667,0,0,1,0,1,basement_or_unknown_floor|low_data_completeness
57a76356ac21ca42,서울,서울특별시 구로구 신도림동 281-1번지,서울특별시 구로구 신도림로15길 80 (신도림동),10100,11530,1018111543,,주택,1976,0,1,0.0,1,0,0,0,unknown,0.833,1,0,0,0,1,old_building
57aaef86abcb6ea7,인천,인천광역시 계양구 효성동 1-17번지,인천광역시 계양구 새벌로 191 (효성동),10100,28245,1060113246,그린파크,,2022,1,1,0.0,0,1,0,0,unknown,0.667,0,0,0,0,1,low_data_completeness
57b26a89196bbf42,서울,서울특별시 강북구 미아동 3-12번지,서울특별시 강북구 오현로9길 13 (미아동),10100,11305,10101100195797,,,2022,1,1,0.0,0,1,0,0,unknown,0.667,0,0,0,0,1,low_data_completeness
57b5c9c9b661bcf1,인천,인천광역시 남동구 구월동 3-34번지,인천광역시 남동구 석산로222번길 7-1 (구월동),10100,28200,105811843,,단독주택,1974,0,1,0.0,1,0,0,0,unknown,0.833,1,0,0,0,1,old_building
57ba5f1cb96186e6,인천,인천광역시 부평구 부평동 10-21번지,인천광역시 부평구 주부토로100번길 7 (부평동),10100,28237,10591181305,로얄하이츠빌라,,2022,1,1,0.0,0,1,0,0,unknown,0.667,0,0,0,0,1,low_data_completeness
57be12c274fe9e6b,인천,인천광역시 연수구 옥련동 118-14번지,인천광역시 연수구 비류대로144번길 26 (옥련동),10100,28185,105711728,,"주택, 근린생활시설",1991,0,1,0.0,1,0,0,0,unknown,0.833,1,0,0,0,1,old_building
57f318d439c08bb4,경기,경기도 고양시 덕양구 주교동 252-6번지,경기도 고양시 덕양구 고양대로1315번길 39 (주교동),10100,41281,1104119363,,근린생활시설,2003,0,1,330.0,1,0,0,0,unknown,0.833,1,1,0,0,1,old_building|non_residential_main_use
57fdc4f4e876bfc6,서울,서울특별시 도봉구 쌍문동 7-21번지,서울특별시 도봉구 도봉로139길 65 (쌍문동),10500,11320,10111100204645,와이앤캐슬,,2022,1,1,0.0,0,1,0,0,unknown,0.667,0,0,0,0,1,low_data_completeness
5811e405da1947ab,서울,서울특별시 금천구 가산동 40-11번지,서울특별시 금천구 벚꽃로42길 13 (가산동),10100,11545,10191100200312,휴먼빌,,2022,1,1,0.0,0,1,0,0,unknown,0.667,0,0,0,0,1,low_data_completeness
5827401b2aa60431,경기,경기도 과천시 관문동 70-14번지,경기도 과천시 중앙로 293-1 (관문동),10100,41290,11081100194034,,일반음식점,2020,0,3,605.89,1,0,1,0,unknown,0.833,0,1,0,0,1,non_residential_main_use
5847429fb93fa57c,인천,인천광역시 강화군 강화읍 신문리 72번지,인천광역시 강화군 남문안길20번길 4 (강화읍 신문리),25021,28710,1062127289,,단독주택,2001,0,1,139.0,1,0,0,0,unknown,0.833,1,0,0,0,1,old_building
58688fa047969eda,서울,서울특별시 강북구 미아동 3-11번지,서울특별시 강북구 오현로9길 17 (미아동),10100,11305,10101100194978,동방플러스빌,,2022,1,1,0.0,0,1,0,0,unknown,0.667,0,0,0,0,1,low_data_completeness
58961381dace55fa,서울,서울특별시 강동구 명일동 38번지,서울특별시 강동구 명일로 376 (명일동),10100,11740,1026113515,삼익그린11차아파트,아파트,1986,0,1,0.0,1,0,0,0,unknown,0.833,1,0,0,0,1,old_building
589d937af182dc43,경기,경기도 고양시 덕양구 주교동 107번지,,10100,41281,110411537,,단독주택,2022,0,1,118.19,1,0,1,0,unknown,0.833,0,0,0,0,0,
58aed0dd1e9ee6f2,서울,서울특별시 강서구 염창동 65번지,서울특별시 강서구 양천로67길 71-3 (염창동),10100,11500,10171100318491,진영리버타운,,2022,1,1,0.0,0,1,0,0,unknown,0.667,0,0,0,0,1,low_data_completeness
58c369761cc093c3,서울,서울특별시 금천구 가산동 5-21번지,서울특별시 금천구 벚꽃로 340 (가산동),10100,11545,101919935,,단독주택,1997,0,2,199.19,1,0,1,0,unknown,0.833,1,0,0,0,1,old_building
58c5328c6b5c61fe,인천,인천광역시 동구 만석동 5-22번지,인천광역시 동구 인중로 442 (만석동),10100,28140,1055112142,서해빌라,,2022,1,1,0.0,0,1,0,0,unknown,0.667,0,0,1,0,1,basement_or_unknown_floor|low_data_completeness
58ce1febf8127fb5,인천,인천광역시 계양구 효성동 8-19번지,인천광역시 계양구 새벌로171번길 7 (효성동),10100,28245,106012087,대경넥스텔,공동주택,2002,0,1,214.0,1,0,0,0,unknown,0.833,1,0,0,0,1,old_building
58e4b52366370815,인천,인천광역시 남동구 구월동 3-8번지,인천광역시 남동구 석산로 230 (구월동),10100,28200,10581100314410,호진다온채,,2022,1,1,0.0,0,1,0,0,unknown,0.667,0,0,0,0,1,low_data_completeness
58ffa2166501e273,경기,경기도 광주시 경안동 20-16번지,경기도 광주시 광주대로 31 (경안동),10100,41610,1000000000000002747939,지에이타워,,2023,1,1,0.0,0,1,0,0,unknown,0.667,0,0,0,0,1,low_data_completeness
5904c357d411cb9d,경기,경기도 광명시 광명동 24-77번지,경기도 광명시 연서일로17번길 29-26 (광명동),10100,41210,10981754,,다가구주택,1992,0,1,120.32,1,0,0,0,unknown,0.833,1,0,0,0,1,old_building
591f7298af0f07f3,인천,인천광역시 계양구 효성동 1-11번지,인천광역시 계양구 길마로88번길 5 (효성동),10100,28245,1060113206,원익그린맨션,,2022,1,1,0.0,0,1,0,0,unknown,0.667,0,0,0,0,1,low_data_completeness
591f84ab129c6744,서울,서울특별시 금천구 가산동 35-5번지,서울특별시 금천구 벚꽃로48길 8 (가산동),10100,11545,1019144635,가산빌라,,2022,1,1,0.0,0,1,0,0,unknown,0.667,0,0,0,0,1,low_data_completeness
59403dc8027e642b,서울,서울특별시 강서구 염창동 97-33번지,서울특별시 강서구 양천로73길 63 (염창동),10100,11500,10171100210028,다담빌,다세대주택(9세대) 및 근린생활시설,2010,0,1,340.0,1,0,0,0,unknown,0.833,0,0,0,0,0,
594f48b670358710,서울,서울특별시 강서구 내발산동 647번지,서울특별시 강서구 강서로52길 43 (내발산동),10600,11500,1000000000000002238186,DH647,오피스텔,2023,0,4,111.01,0,0,0,1,unknown,0.833,0,0,1,0,1,basement_or_unknown_floor
5962738c1e6a6fbc,인천,인천광역시 계양구 효성동 1-4번지,인천광역시 계양구 새벌로171번길 4 (효성동),10100,28245,106011101,인천효성동초등학교,초등학교,1997,0,5,2417.4,1,0,1,0,unknown,0.833,1,1,0,0,1,old_building|non_residential_main_use
598acebee1da8c0a,서울,서울특별시 광진구 중곡동 18-81번지,서울특별시 광진구 용마산로22길 5-18 (중곡동),10100,11215,100618043,,공동주택,2002,0,1,215.9,1,0,0,0,unknown,0.833,1,0,0,0,1,old_building
598de1addce8f09b,경기,경기도 고양시 일산서구 일산동 546-3번지,경기도 고양시 일산서구 고양대로 706-17 (일산동),10100,41287,11041238533,,"단독주택, 근린생활시설",2002,0,1,178.0,1,0,0,0,unknown,0.833,1,0,0,0,1,old_building
59a5b7ef94b56ba6,서울,서울특별시 강서구 염창동 238번지,서울특별시 강서구 양천로63길 64 (염창동),10100,11500,10171100226990,루체 Ⅳ,도시형생활주택(원룸형),2012,0,1,260.8,1,0,0,0,unknown,0.833,0,0,0,0,0,
59ab0ea036803b1b,서울,서울특별시 강동구 명일동 15번지,서울특별시 강동구 고덕로 210 (명일동),10100,11740,1026138910,삼익그린맨션,,2022,1,1,0.0,0,1,0,0,unknown,0.667,0,0,0,0,1,low_data_completeness
59df6f37a189b3f1,서울,서울특별시 관악구 봉천동 1-704번지,서울특별시 관악구 청림3마길 25 (봉천동),10100,11620,10221110696,,,2022,1,1,0.0,0,1,0,0,unknown,0.667,0,0,0,0,1,low_data_completeness
59eb0f5433996221,경기,경기도 과천시 문원동 15-39번지,경기도 과천시 공원마을4길 39 (문원동),10200,41290,110813619,우리빌,,2022,1,1,0.0,0,1,0,0,unknown,0.667,0,0,0,0,1,low_data_completeness
59ed224278aedb8d,인천,인천광역시 동구 만석동 1-28번지,인천광역시 동구 보세로26번길 9 (만석동),10100,28140,10551100173601,,일반공장,2008,0,2,160.0,1,0,1,0,unknown,0.833,0,1,0,0,1,non_residential_main_use
59f0e667570995f6,경기,경기도 김포시 북변동 200-7번지,경기도 김포시 봉화로 162-1 (북변동),10100,41570,11231100515339,,,2022,1,1,0.0,0,1,0,0,unknown,0.667,0,0,0,0,1,low_data_completeness
59ffe136e6125d07,인천,인천광역시 서구 백석동 블록,인천광역시 서구 한들로 73 (백석동),10100,28260,1000000000000002037292,로열아너스애비뉴,,2023,1,1,0.0,0,1,0,0,unknown,0.667,0,0,0,0,1,low_data_completeness
5a1578533253b117,경기,경기도 광명시 광명동 24-73번지,경기도 광명시 연서일로17번길 29-20 (광명동),10100,41210,1098117408,,,2022,1,1,0.0,0,1,0,0,unknown,0.667,0,0,0,0,1,low_data_completeness
5a1a4173b4983b88,경기,경기도 가평군 가평읍 읍내리 109번지,경기도 가평군 잎너비길 35-93 (가평읍 읍내리),25021,41820,113012003,,주택,1995,0,1,744.0,1,0,0,0,unknown,0.833,1,0,0,0,1,old_building
5a32b64ea1e35d67,서울,서울특별시 관악구 봉천동 1-69번지,서울특별시 관악구 청림3길 49 (봉천동),10100,11620,1022188546,,,2022,1,1,0.0,0,1,0,0,unknown,0.667,0,0,0,0,1,low_data_completeness
5a3d713adc0e4bd2,서울,서울특별시 강남구 역삼동 601-23번지,서울특별시 강남구 봉은사로4길 9 (역삼동),10100,11680,10241119677,,다세대주택,2022,0,2,47.13,0,0,0,1,unknown,0.833,0,0,1,0,1,basement_or_unknown_floor
5a5e400d5318f743,인천,인천광역시 부평구 부평동 10-66번지,인천광역시 부평구 장제로221번길 23 (부평동),10100,28237,10591100251182,다온그린빌,,2022,1,1,0.0,0,1,0,0,unknown,0.667,0,0,0,0,1,low_data_completeness
5a6577c82fc2e5b2,경기,경기도 군포시 당동 168-3번지,경기도 군포시 공단로 39-3 (당동),10100,41410,11131588,,공장,1974,0,1,633.0,1,0,0,0,unknown,0.833,1,1,0,0,1,old_building|non_residential_main_use
5a65949074e1b76b,인천,인천광역시 중구 중앙동2가 9번지,인천광역시 중구 제물량로232번안길 41 (중앙동2가),10200,28110,10541644,,영업소,2022,0,1,0.0,1,0,0,0,unknown,0.833,0,1,0,0,1,non_residential_main_use
5a76923060434b4f,경기,경기도 군포시 당동 14-1번지,경기도 군포시 공단로 149 (당동),10100,41410,111319604,아이밸리 군포,,2022,1,1,0.0,0,1,0,0,unknown,0.667,0,0,1,0,1,basement_or_unknown_floor|low_data_completeness
5a78a81c99bfeb28,인천,인천광역시 옹진군 북도면 시도리 46번지,인천광역시 옹진군 시도로86번길 291-49 (북도면 시도리),31021,28720,10631100186498,,생활숙박시설,2014,0,3,1406.6,1,0,1,0,unknown,0.833,0,1,0,0,1,non_residential_main_use
5a7e0e0d9f92082a,서울,서울특별시 강서구 내발산동 647번지,서울특별시 강서구 강서로52길 43 (내발산동),10600,11500,1000000000000002238187,DH647,오피스텔,2023,0,4,111.01,0,0,0,1,unknown,0.833,0,0,1,0,1,basement_or_unknown_floor
5a8c7c9c208380eb,인천,인천광역시 동구 만석동 1-28번지,인천광역시 동구 보세로26번길 9 (만석동),10100,28140,10551100173600,,일반공장,2008,0,1,431.2,1,0,1,0,unknown,0.833,0,1,0,0,1,non_residential_main_use
5a9244fba79c0190,경기,경기도 고양시 일산서구 일산동 525-21번지,경기도 고양시 일산서구 고양대로 724-8 (일산동),10100,41287,11041320776,,,2022,1,1,0.0,0,1,0,0,unknown,0.667,0,0,0,0,1,low_data_completeness
5a9898a5c1a15f4c,경기,경기도 광명시 광명동 24-26번지,경기도 광명시 광삼로13번길 28 (광명동),10100,41210,109815387,,다세대주택,2002,0,5,475.3,1,0,1,0,unknown,0.833,1,0,0,0,1,old_building
5aac3e6f8ff555f4,경기,경기도 군포시 당동 14-1번지,경기도 군포시 공단로 149 (당동),10100,41410,111319579,아이밸리 군포,,2022,1,1,0.0,0,1,0,0,unknown,0.667,0,0,1,0,1,basement_or_unknown_floor|low_data_completeness
5ab21f86b3c7bc6d,인천,인천광역시 서구 백석동 블록,인천광역시 서구 한들로 73 (백석동),10100,28260,1000000000000002035645,검암역 로열파크씨티 푸르지오 2단지,,2023,1,1,0.0,0,1,0,0,unknown,0.667,0,0,0,0,1,low_data_completeness
5abf81b7e02d2706,서울,서울특별시 관악구 봉천동 1-207번지,서울특별시 관악구 청림3길 79-5 (봉천동),10100,11620,10221122951,,,2022,1,1,0.0,0,1,0,0,unknown,0.667,0,0,0,0,1,low_data_completeness
5ac6b142e65d0f92,서울,서울특별시 강동구 명일동 15번지,서울특별시 강동구 고덕로 210 (명일동),10100,11740,1026139264,삼익그린맨션,,2022,1,1,0.0,0,1,0,0,unknown,0.667,0,0,0,0,1,low_data_completeness
5b04f0eb29678345,서울,서울특별시 구로구 신도림동 271-25번지,서울특별시 구로구 신도림로19길 144 (신도림동),10100,11530,10181100189191,신도림삼성쉐르빌 1,,2022,1,1,0.0,0,1,0,0,unknown,0.667,0,0,0,0,1,low_data_completeness
5b08f962480b4306,경기,경기도 가평군 가평읍 읍내리 214번지,경기도 가평군 가평제방길 233 (가평읍 읍내리),25021,41820,1000000000000002714456,힐스테이트 가평 더뉴클래스,,2023,1,1,0.0,0,1,0,0,unknown,0.667,0,0,0,0,1,low_data_completeness
5b1370384a9054d9,서울,서울특별시 광진구 중곡동 18-86번지,서울특별시 광진구 용마산로22길 5-32 (중곡동),10100,11215,10061780,,주택,1984,0,1,0.0,1,0,0,0,unknown,0.833,1,0,0,0,1,old_building
5b1ad687f9d47cf4,경기,경기도 고양시 일산서구 일산동 517번지,,10100,41287,11041239171,,단독주택,2022,0,1,25.0,1,0,1,0,unknown,0.833,0,0,0,0,0,
5b2d3cc357f47145,경기,경기도 고양시 일산동구 식사동 236-4번지,경기도 고양시 일산동구 견달산로210번길 45-15 (식사동),10100,41285,11041100226830,루미나리,,2022,1,1,0.0,0,1,0,0,unknown,0.667,0,0,0,0,1,low_data_completeness
5b373cf4c3f192be,인천,인천광역시 연수구 옥련동 116-16번지,인천광역시 연수구 비류대로146번길 17 (옥련동),10100,28185,10571613,,주택,1985,0,1,0.0,1,0,0,0,unknown,0.833,1,0,0,0,1,old_building
5b464535b9d3a6ea,인천,인천광역시 옹진군 북도면 시도리 1-30번지,인천광역시 옹진군 시도로86번길 396 (북도면 시도리),31021,28720,10631100178811,,휴게음식점,2011,0,1,20.27,1,0,1,0,unknown,0.833,0,1,0,0,1,non_residential_main_use
5b57c3452966f8d8,경기,경기도 광명시 광명동 24-34번지,경기도 광명시 광삼로13번길 30-20 (광명동),10100,41210,10981734,,다가구주택,1992,0,2,252.74,1,0,1,0,unknown,0.833,1,0,0,0,1,old_building
5b70dc940a8bbfba,경기,경기도 가평군 가평읍 읍내리 86-1번지,경기도 가평군 잎너비길 35-179 (가평읍 읍내리),25021,41820,113011990,,단독주택,1985,0,1,609.81,1,0,1,0,unknown,0.833,1,0,0,0,1,old_building
5b9316aa64f6dbc7,서울,서울특별시 구로구 신도림동 271-25번지,서울특별시 구로구 신도림로19길 144 (신도림동),10100,11530,10181100189193,신도림삼성쉐르빌 1,,2022,1,1,0.0,0,1,0,0,unknown,0.667,0,0,0,0,1,low_data_completeness
5b99fc10b77f529a,서울,서울특별시 강남구 역삼동 601-5번지,서울특별시 강남구 봉은사로4길 4 (역삼동),10100,11680,1024119086,,사무소,1995,0,3,726.2,1,0,1,0,unknown,0.833,1,1,0,0,1,old_building|non_residential_main_use
5ba3144d941d9e64,인천,인천광역시 연수구 옥련동 116-50번지,인천광역시 연수구 비류대로156번길 12 (옥련동),10100,28185,10571643,,단독주택,2003,0,1,214.0,1,0,0,0,unknown,0.833,1,0,0,0,1,old_building
5ba92e8d83ffe076,인천,인천광역시 중구 중앙동3가 4-8번지,인천광역시 중구 홍예문로 7 (중앙동3가),10300,28110,1054115453,,,2022,1,1,0.0,0,1,0,0,unknown,0.667,0,0,0,0,1,low_data_completeness
5bc53701d5787d3e,인천,인천광역시 부평구 부평동 10-43번지,인천광역시 부평구 길주남로102번길 11-11 (부평동),10100,28237,1000000000000004483924,부평동세창주택1차,연립주택,2024,0,5,1790.01,1,0,1,0,unknown,0.833,0,0,0,0,0,
5bc5b63a229bd05b,인천,인천광역시 남동구 구월동 3-37번지,인천광역시 남동구 석산로222번길 11 (구월동),10100,28200,10581100322010,행복한주택,공동주택,2019,0,1,323.0,1,0,0,0,unknown,0.833,0,0,0,0,0,
5bced3cf742730f2,인천,인천광역시 옹진군 북도면 모도리 267-1번지,인천광역시 옹진군 모도로140번길 19-16 (북도면 모도리),31023,28720,1000000000000001872491,모도파라다이스,,2023,1,1,0.0,0,1,0,0,unknown,0.667,0,0,0,0,1,low_data_completeness
5bdb8c45a1e4c9f8,인천,인천광역시 부평구 부평동 10-152번지,인천광역시 부평구 장제로 205 (부평동),10100,28237,1059110603,,사무소,1993,0,5,2034.17,1,0,1,0,unknown,0.833,1,1,0,0,1,old_building|non_residential_main_use
5c248e389e82ff50,서울,서울특별시 강북구 미아동 3-232번지,서울특별시 강북구 도봉로18다길 21 (미아동),10100,11305,10101896,,단독주택,1968,0,1,0.0,1,0,0,0,unknown,0.833,1,0,0,0,1,old_building
5c3594c33fdc0772,경기,경기도 고양시 덕양구 주교동 115-7번지,,10100,41281,1104112489,,단독주택,2022,0,1,28.04,1,0,1,0,unknown,0.833,0,0,0,0,0,
5c387ce7efbc463d,서울,서울특별시 광진구 중곡동 18-23번지,서울특별시 광진구 용마산로 138 (중곡동),10100,11215,100618027,,"근린생활시설, 연립주택",1997,0,1,546.4,1,0,0,0,unknown,0.833,1,0,0,0,1,old_building
5c6cb1bd0ecd2ffa,인천,인천광역시 계양구 효성동 1-29번지,인천광역시 계양구 새벌로 189 (효성동),10100,28245,1060113256,그린파크,,2022,1,1,0.0,0,1,0,0,unknown,0.667,0,0,0,0,1,low_data_completeness
5c856d55e16db018,인천,인천광역시 중구 중앙동2가 2번지,인천광역시 중구 신포로23번길 56 (중앙동2가),10200,28110,10541632,,영업소,1962,0,1,0.0,1,0,0,0,unknown,0.833,1,1,0,0,1,old_building|non_residential_main_use
5ca940348594d318,경기,경기도 광주시 경안동 11-67번지,경기도 광주시 중앙로154번길 19 (경안동),10100,41610,112518016,,주택,1995,0,1,98.0,1,0,0,0,unknown,0.833,1,0,0,0,1,old_building
5cae2a31115ee261,경기,경기도 고양시 덕양구 주교동 272-1번지,경기도 고양시 덕양구 원당로59번길 94-7 (주교동),10100,41281,11041117533,윤창아파트,,2022,1,1,0.0,0,1,0,0,unknown,0.667,0,0,1,0,1,basement_or_unknown_floor|low_data_completeness
5cd920ccb61ad3b4,경기,경기도 가평군 가평읍 읍내리 76-3번지,경기도 가평군 잎너비길 17-177 (가평읍 읍내리),25021,41820,11301100191380,,단독주택,2011,0,2,46.55,1,0,1,0,unknown,0.833,0,0,0,0,0,
5cfe89203f4dc048,서울,서울특별시 강서구 가양동 14-3번지,서울특별시 강서구 양천로 489 (가양동),10400,11500,1017130247,가양우성아파트,아파트,2022,0,2,94.0,0,0,0,1,unknown,0.833,0,0,0,0,0,
5d2db4f44af48c65,경기,경기도 구리시 갈매동 510번지,경기도 구리시 갈매순환로204번길 65 (갈매동),10100,41310,11091100207190,구리 스마트벤처타워,,2022,1,1,0.0,0,1,0,0,unknown,0.667,0,0,0,0,1,low_data_completeness
5d49bd4cac5a6a94,서울,서울특별시 노원구 월계동 12번지,서울특별시 노원구 마들로 127 (월계동),10200,11350,10121113075,,,2022,1,1,0.0,0,1,0,0,unknown,0.667,0,0,0,0,1,low_data_completeness
5d62abfbcdb6c01f,경기,경기도 김포시 북변동 200-19번지,경기도 김포시 봉화로 164 (북변동),10100,41570,1123140617,한터하이빌,,2022,1,1,0.0,0,1,0,0,unknown,0.667,0,0,0,0,1,low_data_completeness
5d703378757b880a,서울,서울특별시 강서구 염창동 65번지,서울특별시 강서구 양천로67길 71-3 (염창동),10100,11500,10171100318475,진영리버타운,,2022,1,1,0.0,0,1,0,0,unknown,0.667,0,0,0,0,1,low_data_completeness
5d8042a9a0931565,인천,인천광역시 강화군 강화읍 신문리 205-5번지,인천광역시 강화군 강화대로 429 (강화읍 신문리),25021,28710,1062135750,중앙시장,,2022,1,1,0.0,0,1,0,0,unknown,0.667,0,0,1,0,1,basement_or_unknown_floor|low_data_completeness
5d8375ff881b633c,서울,서울특별시 강북구 미아동 3-12번지,서울특별시 강북구 오현로9길 13 (미아동),10100,11305,10101100195790,,,2022,1,1,0.0,0,1,0,0,unknown,0.667,0,0,0,0,1,low_data_completeness
5d9bb39c234f24bd,경기,경기도 가평군 가평읍 읍내리 214번지,경기도 가평군 가평제방길 233 (가평읍 읍내리),25021,41820,1000000000000002714775,힐스테이트 가평 더뉴클래스,,2023,1,1,0.0,0,1,0,0,unknown,0.667,0,0,0,0,1,low_data_completeness
5db4b9a387ff850e,서울,서울특별시 강서구 방화동 128-3번지,서울특별시 강서구 방화대로52가길 32 (방화동),10900,11500,10171128598,,다세대주택,2022,0,2,77.05,0,0,0,1,unknown,0.833,0,0,1,0,1,basement_or_unknown_floor
5dec32352e6e016f,서울,서울특별시 강서구 등촌동 14-7번지,서울특별시 강서구 양천로 424 (등촌동),10200,11500,10171100352591,가양역 데시앙플렉스 지식산업센터,기타공장,2022,0,2,84.93,0,0,0,1,unknown,0.833,0,1,1,0,1,non_residential_main_use|basement_or_unknown_floor
5def253a47a57fed,인천,인천광역시 중구 중앙동1가 11-1번지,인천광역시 중구 신포로27번길 93 (중앙동1가),10100,28110,10541611,,사무소,1985,0,3,459.0,1,0,1,0,unknown,0.833,1,1,0,0,1,old_building|non_residential_main_use
5df8c2ec19c38fbd,인천,인천광역시 강화군 강화읍 신문리 6-2번지,인천광역시 강화군 신문길 4 (강화읍 신문리),25021,28710,106218247,,근린생활시설,1997,0,1,529.0,1,0,0,0,unknown,0.833,1,1,0,0,1,old_building|non_residential_main_use
5e11aea19c72e1ab,서울,서울특별시 강동구 명일동 15번지,서울특별시 강동구 고덕로 210 (명일동),10100,11740,10261100760,삼익그린맨션,,2022,1,1,0.0,0,1,0,0,unknown,0.667,0,0,0,0,1,low_data_completeness
5e17515f2cbac0b2,인천,인천광역시 강화군 강화읍 신문리 47번지,인천광역시 강화군 강화대로403번길 10 (강화읍 신문리),25021,28710,10621100259475,,제2종근린생활시설,2022,0,1,335.0,1,0,0,0,unknown,0.833,0,1,0,0,1,non_residential_main_use
5e2ace4b420864f9,서울,서울특별시 구로구 신도림동 271-25번지,서울특별시 구로구 신도림로19길 144 (신도림동),10100,11530,10181100189275,신도림삼성쉐르빌 1,,2022,1,1,0.0,0,1,0,0,unknown,0.667,0,0,0,0,1,low_data_completeness
5e3ba7647b8a8d97,서울,서울특별시 관악구 봉천동 1-212번지,서울특별시 관악구 청림3마길 14-2 (봉천동),10100,11620,1022125294,,단독주택,1969,0,1,66.91,1,0,1,0,unknown,0.833,1,0,0,0,1,old_building
5e3e8893e4a53e5e,서울,서울특별시 강서구 개화동 418-174번지,서울특별시 강서구 개화동로7길 17-7 (개화동),11000,11500,10171100266753,,다세대주택,2022,0,1,38.35,0,0,0,1,unknown,0.833,0,0,0,0,0,
5e3ef70b9d213802,인천,인천광역시 동구 만석동 1-12번지,인천광역시 동구 만석부두로7번길 15-17 (만석동),10100,28140,10551100173621,,기타분뇨쓰레기처리시설,2008,0,1,31.0,1,0,1,0,unknown,0.833,0,1,0,0,1,non_residential_main_use
5e410ee44462a71d,서울,서울특별시 노원구 월계동 13번지,서울특별시 노원구 마들로 111 (월계동),10200,11350,101211284,,목욕탕,1986,0,1,0.0,1,0,0,0,unknown,0.833,1,1,0,0,1,old_building|non_residential_main_use
5e4757725824e78c,경기,경기도 고양시 덕양구 주교동 235-30번지,경기도 고양시 덕양구 고양대로 1256 (주교동),10100,41281,110419819,,제1종/제2종근린생활시설,2004,0,1,330.0,1,0,0,0,unknown,0.833,1,1,0,0,1,old_building|non_residential_main_use
5e53107f017273a7,인천,인천광역시 계양구 효성동 1-12번지,인천광역시 계양구 길마로88번길 7 (효성동),10100,28245,1060113218,원익그린맨션,,2022,1,1,0.0,0,1,0,0,unknown,0.667,0,0,0,0,1,low_data_completeness
5e59a890772e98ef,인천,인천광역시 미추홀구 숭의동 1-126번지,인천광역시 미추홀구 경인로144번길 52 (숭의동),10100,28177,105612217,,단독주택(4가구용),1990,0,1,127.0,1,0,0,0,unknown,0.833,1,0,0,0,1,old_building
5e75089d8989e44e,경기,경기도 고양시 일산서구 일산동 525-21번지,경기도 고양시 일산서구 고양대로 724-8 (일산동),10100,41287,11041320770,,,2022,1,1,0.0,0,1,0,0,unknown,0.667,0,0,0,0,1,low_data_completeness
5e780265357643ba,경기,경기도 과천시 문원동 15-51번지,경기도 과천시 공원마을5길 36 (문원동),10200,41290,11081192,,단독주택(다가구주택-6가구),2005,0,1,248.0,1,0,0,0,unknown,0.833,1,0,0,0,1,old_building
5e84162f23af03dc,인천,인천광역시 서구 백석동 블록,인천광역시 서구 한들로 33 (백석동),10100,28260,1000000000000002033464,검암역 로열파크씨티 푸르지오 1단지,,2023,1,1,0.0,0,1,0,0,unknown,0.667,0,0,0,0,1,low_data_completeness
5ea4a9d95b44a589,서울,서울특별시 관악구 봉천동 1-1116번지,서울특별시 관악구 청림3길 84 (봉천동),10100,11620,1022191843,,,2022,1,1,0.0,0,1,0,0,unknown,0.667,0,0,0,0,1,low_data_completeness
5ea6d325143334cc,경기,경기도 광명시 광명동 24-26번지,경기도 광명시 광삼로13번길 28 (광명동),10100,41210,1098117373,,,2022,1,1,0.0,0,1,0,0,unknown,0.667,0,0,1,0,1,basement_or_unknown_floor|low_data_completeness
5eb0b252e933f5c8,서울,서울특별시 강서구 염창동 79-8번지,서울특별시 강서구 양천로69길 35 (염창동),10100,11500,1017124880,염경중학교,교육연구및복지시설,2006,0,1,8910.0,1,0,0,0,unknown,0.833,0,1,0,0,1,non_residential_main_use
5ec7c39acd94c018,인천,인천광역시 서구 백석동 블록,인천광역시 서구 한들로 73 (백석동),10100,28260,1000000000000002035059,검암역 로열파크씨티 푸르지오 2단지,,2023,1,1,0.0,0,1,0,0,unknown,0.667,0,0,0,0,1,low_data_completeness
5ecb2adf28beb604,서울,서울특별시 광진구 중곡동 18-16번지,서울특별시 광진구 용마산로28길 24 (중곡동),10100,11215,1006127421,,,2022,1,1,0.0,0,1,0,0,unknown,0.667,0,0,0,0,1,low_data_completeness
5ed2fd7765d654ab,인천,인천광역시 부평구 부평동 10-32번지,인천광역시 부평구 주부토로100번길 17-1 (부평동),10100,28237,105919301,,단독주택,1976,0,1,56.13,1,0,1,0,unknown,0.833,1,0,0,0,1,old_building
5ed6cde1bd785316,경기,경기도 가평군 가평읍 읍내리 124-1번지,경기도 가평군 잎너비길 25 (가평읍 읍내리),25021,41820,1000000000000003739556,,야영장시설,2024,0,1,3697.0,1,0,0,0,unknown,0.833,0,1,0,0,1,non_residential_main_use
5ee911381b7de6d6,서울,서울특별시 금천구 가산동 41-7번지,서울특별시 금천구 벚꽃로42길 18 (가산동),10100,11545,1019146399,,,2022,1,1,0.0,0,1,0,0,unknown,0.667,0,0,0,0,1,low_data_completeness
5ef1b7df56d18916,서울,서울특별시 노원구 월계동 13번지,서울특별시 노원구 마들로 111 (월계동),10200,11350,101211597,,아파트,1986,0,1,0.0,1,0,0,0,unknown,0.833,1,0,0,0,1,old_building
5ef9887a88dbb816,서울,서울특별시 광진구 중곡동 18-24번지,서울특별시 광진구 용마산로24길 13 (중곡동),10100,11215,100618033,신향빌라,부대복리시설,1986,0,1,0.0,1,0,0,0,unknown,0.833,1,1,0,0,1,old_building|non_residential_main_use
5f0d2a7f1dadb797,경기,경기도 고양시 일산서구 일산동 108번지,,10100,41287,11041235539,,단독주택,2022,0,1,76.21,1,0,1,0,unknown,0.833,0,0,0,0,0,
5f35d4b2b894940f,서울,서울특별시 광진구 중곡동 18-73번지,서울특별시 광진구 용마산로 116 (중곡동),10100,11215,10061771,,"근린생활시설, 주택",1989,0,1,0.0,1,0,0,0,unknown,0.833,1,0,0,0,1,old_building
5f44cd6a178f5a0d,서울,서울특별시 강서구 마곡동 5-1번지,서울특별시 강서구 양천로47길 104-5 (마곡동),10500,11500,10171100295811,갤럭시오피스텔마곡2,다세대주택,2022,0,3,39.16,0,0,0,1,unknown,0.833,0,0,1,0,1,basement_or_unknown_floor
5f48a916462646a2,경기,경기도 광주시 경안동 20-16번지,경기도 광주시 광주대로 31 (경안동),10100,41610,1000000000000002747935,지에이타워,,2023,1,1,0.0,0,1,0,0,unknown,0.667,0,0,0,0,1,low_data_completeness
5f5a4d0805040c67,경기,경기도 광명시 광명동 12-52번지,경기도 광명시 목감로 271 (광명동),10100,41210,10981603,광명제3배수펌프장,기타공공시설,1993,0,1,50507.91,1,0,1,0,unknown,0.833,1,1,0,0,1,old_building|non_residential_main_use
5f6112203a6b9183,서울,서울특별시 광진구 중곡동 18-17번지,서울특별시 광진구 용마산로28길 14-7 (중곡동),10100,11215,1006127423,,,2022,1,1,0.0,0,1,0,0,unknown,0.667,0,0,0,0,1,low_data_completeness
5f67a4a940e23f3e,인천,인천광역시 미추홀구 숭의동 1-62번지,인천광역시 미추홀구 수봉로45번길 19 (숭의동),10100,28177,10561100259056,소원주택,공동주택,2017,0,1,196.0,1,0,0,0,unknown,0.833,0,0,0,0,0,
5f72cbde750daf15,경기,경기도 구리시 갈매동 510번지,경기도 구리시 갈매순환로204번길 65 (갈매동),10100,41310,11091100207237,구리 스마트벤처타워,,2022,1,1,0.0,0,1,0,0,unknown,0.667,0,0,0,0,1,low_data_completeness
5f7392eb981771aa,경기,경기도 고양시 일산동구 식사동 210-1번지,경기도 고양시 일산동구 사리현로 24-75 (식사동),10100,41285,11041204936,,,2022,1,1,0.0,0,1,0,0,unknown,0.667,0,0,1,0,1,basement_or_unknown_floor|low_data_completeness
5f77b09b77697ecd,인천,인천광역시 미추홀구 숭의동 1-64번지,인천광역시 미추홀구 수봉로33번길 30 (숭의동),10100,28177,105612180,,주택,1997,0,1,96.0,1,0,0,0,unknown,0.833,1,0,0,0,1,old_building
5f78ec572af7bd7e,인천,인천광역시 강화군 강화읍 신문리 205-5번지,인천광역시 강화군 강화대로 429 (강화읍 신문리),25021,28710,1062135867,중앙시장,,2022,1,1,0.0,0,1,0,0,unknown,0.667,0,0,1,0,1,basement_or_unknown_floor|low_data_completeness
5f7c0e3d96a7d3ee,서울,서울특별시 관악구 봉천동 1-70번지,서울특별시 관악구 청림3다길 12 (봉천동),10100,11620,1022197283,,,2022,1,1,0.0,0,1,0,0,unknown,0.667,0,0,0,0,1,low_data_completeness
5fa414b2b21f699b,경기,경기도 김포시 북변동 142-6번지,경기도 김포시 북변중로 133 (북변동),10100,41570,112313603,,수리점,2001,0,2,326.12,1,0,1,0,unknown,0.833,1,1,0,0,1,old_building|non_residential_main_use
5fac25c7cf8d3453,인천,인천광역시 연수구 옥련동 118-3번지,인천광역시 연수구 비류대로144번길 23-4 (옥련동),10100,28185,105711726,,다세대주택,1991,0,1,0.0,1,0,0,0,unknown,0.833,1,0,0,0,1,old_building
5face2d551c7198b,인천,인천광역시 옹진군 백령면 진촌리 959-4번지,인천광역시 옹진군 백령로278번길 133-20 (백령면 진촌리),33021,28720,10631100209073,백령 공공실버 마을,,2022,1,1,0.0,0,1,0,0,unknown,0.667,0,0,0,0,1,low_data_completeness
5fc20ce92526278c,인천,인천광역시 남동구 구월동 3-70번지,인천광역시 남동구 당좌로35번길 6-1 (구월동),10100,28200,105811873,,단독주택,1980,0,1,0.0,1,0,0,0,unknown,0.833,1,0,0,0,1,old_building
5fc2e52b47e16986,경기,경기도 고양시 일산서구 일산동 551-11번지,경기도 고양시 일산서구 고양대로 701-24 (일산동),10100,41287,11041237317,,단독주택(다가구주택),2003,0,1,123.0,1,0,0,0,unknown,0.833,1,0,0,0,1,old_building
5fe5550da9200462,인천,인천광역시 옹진군 북도면 모도리 267-1번지,인천광역시 옹진군 모도로140번길 19-16 (북도면 모도리),31023,28720,1000000000000001872415,모도파라다이스,,2023,1,1,0.0,0,1,0,0,unknown,0.667,0,0,0,0,1,low_data_completeness
5fe6933535125ee0,인천,인천광역시 동구 만석동 5-21번지,인천광역시 동구 인중로 440-1 (만석동),10100,28140,1055112131,서해빌라,,2022,1,1,0.0,0,1,0,0,unknown,0.667,0,0,1,0,1,basement_or_unknown_floor|low_data_completeness
6009f48fc24a18fd,경기,경기도 가평군 가평읍 읍내리 124-3번지,경기도 가평군 잎너비길 29 (가평읍 읍내리),25021,41820,11301100198674,,창고시설,1996,0,1,0.0,1,0,0,0,unknown,0.833,1,1,0,0,1,old_building|non_residential_main_use
60130a7dff5efac2,인천,인천광역시 중구 중앙동1가 15-2번지,인천광역시 중구 신포로23번길 98 (중앙동1가),10100,28110,1054115411,중앙파크빌,,2022,1,1,0.0,0,1,0,0,unknown,0.667,0,0,0,0,1,low_data_completeness
60180834cda62d25,경기,경기도 구리시 갈매동 142-82번지,경기도 구리시 금강로 116 (갈매동),10100,41310,11091275,,버섯재배사,2001,0,1,909.0,1,0,0,0,unknown,0.833,1,1,0,0,1,old_building|non_residential_main_use
601d1a9679ddceb4,경기,경기도 광주시 경안동 20-16번지,경기도 광주시 광주대로 31 (경안동),10100,41610,1000000000000002747894,지에이타워,,2023,1,1,0.0,0,1,0,0,unknown,0.667,0,0,0,0,1,low_data_completeness
60277eaf4232bed0,서울,서울특별시 강동구 명일동 29-5번지,서울특별시 강동구 고덕로 210 (명일동),10100,11740,102611218,삼익그린맨션,아파트,1985,0,1,0.0,1,0,0,0,unknown,0.833,1,0,0,0,1,old_building
60285071809acde6,경기,경기도 구리시 갈매동 162-1번지,경기도 구리시 담터길21번길 65 (갈매동),10100,41310,11091100173917,,단독주택,2008,0,1,153.0,1,0,0,0,unknown,0.833,0,0,0,0,0,
6031bc3ca549e064,인천,인천광역시 중구 중앙동3가 4-8번지,인천광역시 중구 홍예문로 7 (중앙동3가),10300,28110,1054115476,,,2022,1,1,0.0,0,1,0,0,unknown,0.667,0,0,0,0,1,low_data_completeness
6033f9523d6efd2b,인천,인천광역시 강화군 강화읍 신문리 2-19번지,인천광역시 강화군 강화대로409번길 3-1 (강화읍 신문리),25021,28710,106218246,,기타제1종근린생활시설,1988,0,3,246.62,1,0,1,0,unknown,0.833,1,1,0,0,1,old_building|non_residential_main_use
603f1684bce7934a,경기,경기도 고양시 일산서구 일산동 552-17번지,경기도 고양시 일산서구 일중로55번길 7 (일산동),10100,41287,11041235923,,단독주택,1986,0,1,0.0,1,0,0,0,unknown,0.833,1,0,0,0,1,old_building
6051fcd43d75679e,경기,경기도 고양시 일산동구 식사동 1-6번지,경기도 고양시 일산동구 사리현로 111 (식사동),10100,41285,1000000000000003634265,,소매점,2024,0,1,198.0,1,0,1,0,unknown,0.833,0,1,0,0,1,non_residential_main_use
606ff27b3c862b12,서울,서울특별시 강동구 명일동 40번지,서울특별시 강동구 명일로 350 (명일동),10100,11740,102615520,명일여자고등학교,교육연구시설(학교),1996,0,1,18199.5,1,0,0,0,unknown,0.833,1,1,0,0,1,old_building|non_residential_main_use
6070e70947ae658d,경기,경기도 김포시 북변동 200-19번지,경기도 김포시 봉화로 164 (북변동),10100,41570,1123140613,한터하이빌,,2022,1,1,0.0,0,1,0,0,unknown,0.667,0,0,0,0,1,low_data_completeness
6078761e2ef38b2a,서울,서울특별시 강북구 미아동 3-37번지,서울특별시 강북구 오현로9길 41 (미아동),10100,11305,1010130885,,,2022,1,1,0.0,0,1,0,0,unknown,0.667,0,0,0,0,1,low_data_completeness
607ae9e22c4e5494,경기,경기도 가평군 가평읍 읍내리 214번지,경기도 가평군 가평제방길 233 (가평읍 읍내리),25021,41820,1000000000000002714484,힐스테이트 가평 더뉴클래스,,2023,1,1,0.0,0,1,0,0,unknown,0.667,0,0,0,0,1,low_data_completeness
608e642d97c7d623,경기,경기도 가평군 가평읍 읍내리 214번지,경기도 가평군 가평제방길 233 (가평읍 읍내리),25021,41820,1000000000000002714524,힐스테이트 가평 더뉴클래스,,2023,1,1,0.0,0,1,0,0,unknown,0.667,0,0,0,0,1,low_data_completeness
6094424538108a01,경기,경기도 김포시 북변동 151-3번지,경기도 김포시 김포대로 1115-27 (북변동),10100,41570,11231100484545,,단독주택,2021,0,1,755.04,1,0,1,0,unknown,0.833,0,0,0,0,0,
60993089e7942a8d,인천,인천광역시 옹진군 백령면 진촌리 959-4번지,인천광역시 옹진군 백령로278번길 133-20 (백령면 진촌리),33021,28720,10631100209135,백령 공공실버 마을,,2022,1,1,0.0,0,1,0,0,unknown,0.667,0,0,0,0,1,low_data_completeness
60b0a72c5a4657c6,인천,인천광역시 동구 만석동 2-370번지,인천광역시 동구 만석부두로13번길 47 (만석동),10100,28140,10551100174241,,,2022,1,1,0.0,0,1,0,0,unknown,0.667,0,0,0,0,1,low_data_completeness
60cc78ebbafcc7ca,서울,서울특별시 도봉구 쌍문동 13-2번지,서울특별시 도봉구 도당로 18 (쌍문동),10500,11320,1011117056,,,2022,1,1,0.0,0,1,0,0,unknown,0.667,0,0,0,0,1,low_data_completeness
60d6bf6d72d73ddd,인천,인천광역시 연수구 옥련동 116-47번지,인천광역시 연수구 비류대로 156 (옥련동),10100,28185,10571640,,"근린생활시설, 주택",1985,0,1,0.0,1,0,0,0,unknown,0.833,1,0,0,0,1,old_building
60de37fd40442215,서울,서울특별시 광진구 중곡동 18-17번지,서울특별시 광진구 용마산로28길 14-7 (중곡동),10100,11215,1006127429,,,2022,1,1,0.0,0,1,0,0,unknown,0.667,0,0,0,0,1,low_data_completeness
60e95a54a9b0ee2b,인천,인천광역시 계양구 효성동 1-57번지,인천광역시 계양구 길마로 98-1 (효성동),10100,28245,106012060,삼성하이츠맨션,다세대주택,2001,0,5,443.42,1,0,1,0,unknown,0.833,1,0,0,0,1,old_building
60f5a38ab583f3e5,경기,경기도 군포시 당동 113-1번지,경기도 군포시 군포로580번길 51 (당동),10100,41410,11131100199252,"군포1동8통 노인복지시설(군포노인행복센터1호점,당말경로당)","제2종근린생활시설,노유자시설",2015,0,1,155.0,1,0,0,0,unknown,0.833,0,1,0,0,1,non_residential_main_use
61041652944d833a,경기,경기도 군포시 당동 14-1번지,경기도 군포시 공단로 149 (당동),10100,41410,111319551,아이밸리 군포,,2022,1,1,0.0,0,1,0,0,unknown,0.667,0,0,1,0,1,basement_or_unknown_floor|low_data_completeness
610a9d0f887c82a0,경기,경기도 구리시 갈매동 484번지,경기도 구리시 갈매길 113-9 (갈매동),10100,41310,11091100177884,,,2022,1,1,0.0,0,1,0,0,unknown,0.667,0,0,0,0,1,low_data_completeness
6116586572f9a715,인천,인천광역시 서구 백석동 블록,인천광역시 서구 한들로 33 (백석동),10100,28260,1000000000000002031758,검암역 로열파크씨티 푸르지오 1단지,,2023,1,1,0.0,0,1,0,0,unknown,0.667,0,0,0,0,1,low_data_completeness
611d15fddc85c655,서울,서울특별시 관악구 봉천동 1-1116번지,서울특별시 관악구 청림3길 84 (봉천동),10100,11620,1022191854,,,2022,1,1,0.0,0,1,0,0,unknown,0.667,0,0,0,0,1,low_data_completeness
61321d66432a1b0c,인천,인천광역시 강화군 강화읍 신문리 205-5번지,인천광역시 강화군 강화대로 429 (강화읍 신문리),25021,28710,1062135773,중앙시장,,2022,1,1,0.0,0,1,0,0,unknown,0.667,0,0,1,0,1,basement_or_unknown_floor|low_data_completeness
6138847a55d921a8,서울,서울특별시 강서구 염창동 113번지,,10100,11500,101714265,,주택,2022,0,1,0.0,1,0,0,0,unknown,0.833,0,0,0,0,0,
6143b0ac3e8abb03,서울,서울특별시 구로구 신도림동 281-97번지,서울특별시 구로구 구로중앙로42길 126-9 (신도림동),10100,11530,1018110644,,제2종근린생활시설,1976,0,1,218.0,1,0,0,0,unknown,0.833,1,1,0,0,1,old_building|non_residential_main_use
61563759f7615ba5,서울,서울특별시 광진구 중곡동 18-79번지,서울특별시 광진구 용마산로22길 5-14 (중곡동),10100,11215,10061100252631,,"다가구주택(5가구),근린생활시설",2019,0,1,144.0,1,0,0,0,unknown,0.833,0,0,0,0,0,
6159ca884508bb03,서울,서울특별시 강남구 역삼동 601-23번지,서울특별시 강남구 봉은사로4길 9 (역삼동),10100,11680,10241119673,,다세대주택,2022,0,2,36.79,0,0,0,1,unknown,0.833,0,0,1,0,1,basement_or_unknown_floor
616f99432ad2fd63,경기,경기도 가평군 가평읍 읍내리 92-2번지,경기도 가평군 잎너비길 35-177 (가평읍 읍내리),25021,41820,113011995,,단독주택,1997,0,1,470.0,1,0,1,0,unknown,0.833,1,0,0,0,1,old_building
61723e492f86bd45,서울,서울특별시 강동구 명일동 42번지,서울특별시 강동구 고덕로62길 76 (명일동),10100,11740,102611811,우성아파트,아파트,1986,0,1,0.0,1,0,0,0,unknown,0.833,1,0,0,0,1,old_building
61746d84906efe5f,서울,서울특별시 강서구 염창동 65번지,서울특별시 강서구 양천로67길 71-3 (염창동),10100,11500,10171100318472,진영리버타운,오피스텔 및 근린생활시설,2019,0,1,674.0,1,0,0,0,unknown,0.833,0,0,0,0,0,
61758a47f0fee233,인천,인천광역시 연수구 옥련동 116-31번지,인천광역시 연수구 비류대로150번길 7 (옥련동),10100,28185,10571626,,주택,1985,0,1,178.0,1,0,0,0,unknown,0.833,1,0,0,0,1,old_building
617dc451c550028d,서울,서울특별시 강서구 등촌동 14-7번지,서울특별시 강서구 양천로 424 (등촌동),10200,11500,10171100352305,가양역 데시앙플렉스 지식산업센터,기타공장,2022,0,2,86.19,0,0,0,1,unknown,0.833,0,1,1,0,1,non_residential_main_use|basement_or_unknown_floor
618611cca465b260,인천,인천광역시 강화군 강화읍 신문리 84-2번지,,25021,28710,1000000000000003887510,소창체험관 직조시연관,제2종근린생활시설,2024,0,1,0.0,1,0,0,0,unknown,0.833,0,1,0,0,1,non_residential_main_use
6188eb6818bdf220,서울,서울특별시 강북구 미아동 3-86번지,서울특별시 강북구 오패산로30가길 8-3 (미아동),10100,11305,10101797,,다가구용 단독주택(4가구),1994,0,1,78.5,1,0,0,0,unknown,0.833,1,0,0,0,1,old_building
6189d5ca1348c36b,경기,경기도 광주시 경안동 20-16번지,경기도 광주시 광주대로 31 (경안동),10100,41610,1000000000000002747887,지에이타워,,2023,1,1,0.0,0,1,0,0,unknown,0.667,0,0,0,0,1,low_data_completeness
619254f5f6f24356,서울,서울특별시 강남구 역삼동 109-16번지,,10100,11680,1024113220,,다가구주택,1997,0,3,696.19,1,0,1,0,unknown,0.833,1,0,0,0,1,old_building
61a3a4d1fa3eddd0,경기,경기도 군포시 당동 14-1번지,경기도 군포시 공단로 149 (당동),10100,41410,111319598,아이밸리 군포,,2022,1,1,0.0,0,1,0,0,unknown,0.667,0,0,1,0,1,basement_or_unknown_floor|low_data_completeness
61e122b7884e4784,경기,경기도 과천시 관문동 71-16번지,경기도 과천시 산마을길 66 (관문동),10100,41290,11081100190275,,단독주택,2019,0,2,904.57,1,0,1,0,unknown,0.833,0,0,0,0,0,
6204341f8372f98e,서울,서울특별시 강북구 미아동 3-87번지,서울특별시 강북구 오패산로30가길 10 (미아동),10100,11305,10101798,,다가구용 단독주택(4가구),1994,0,1,70.8,1,0,0,0,unknown,0.833,1,0,0,0,1,old_building
6209442c9dd701e4,서울,서울특별시 광진구 중곡동 18-3번지,서울특별시 광진구 용마산로28길 6 (중곡동),10100,11215,10061100205915,,,2022,1,1,0.0,0,1,0,0,unknown,0.667,0,0,0,0,1,low_data_completeness
6211ff80b4b33c89,인천,인천광역시 동구 만석동 1-53번지,인천광역시 동구 보세로26번길 24-36 (만석동),10100,28140,10551100181543,,,2022,1,1,0.0,0,1,0,0,unknown,0.667,0,0,0,0,1,low_data_completeness
6214f6bbdbe412ea,인천,인천광역시 계양구 효성동 15-27번지,인천광역시 계양구 봉오대로 571 (효성동),10100,28245,10601100204960,오에스케이마트,"교육연구시설,판매시설,제1,2종근린생활시설,창고",2017,0,1,4298.0,1,0,0,0,unknown,0.833,0,1,0,0,1,non_residential_main_use
6216132a1a100e30,서울,서울특별시 관악구 봉천동 1-207번지,서울특별시 관악구 청림3길 79-5 (봉천동),10100,11620,10221122953,,,2022,1,1,0.0,0,1,0,0,unknown,0.667,0,0,0,0,1,low_data_completeness
621c58edf098497f,서울,서울특별시 강서구 염창동 85번지,서울특별시 강서구 양천로67가길 83 (염창동),10100,11500,101713088,,교육연구및복지시설,2002,0,1,11584.0,1,0,0,0,unknown,0.833,1,1,0,0,1,old_building|non_residential_main_use
62356ceb3e4d590c,경기,경기도 고양시 일산서구 일산동 551-16번지,경기도 고양시 일산서구 고양대로 701-6 (일산동),10100,41287,11041100176579,대명아트빌,공동주택(다세대주택),2008,0,1,0.0,1,0,0,0,unknown,0.833,0,0,0,0,0,
62466d11f03949d8,서울,서울특별시 강동구 명일동 48-2번지,서울특별시 강동구 동남로73길 23 (명일동),10100,11740,1026115711,,근린생활시설,1993,0,1,1074.1,1,0,0,0,unknown,0.833,1,1,0,0,1,old_building|non_residential_main_use
627668811271f469,경기,경기도 김포시 북변동 200-19번지,경기도 김포시 봉화로 164 (북변동),10100,41570,1123140619,한터하이빌,,2022,1,1,0.0,0,1,0,0,unknown,0.667,0,0,0,0,1,low_data_completeness
62849914430c79a5,인천,인천광역시 서구 백석동 블록,인천광역시 서구 한들로 73 (백석동),10100,28260,1000000000000002036439,검암역 로열파크씨티 푸르지오 2단지,,2023,1,1,0.0,0,1,0,0,unknown,0.667,0,0,0,0,1,low_data_completeness
62923e364b5d681a,서울,서울특별시 광진구 중곡동 18-3번지,서울특별시 광진구 용마산로28길 6 (중곡동),10100,11215,10061100205904,,,2022,1,1,0.0,0,1,0,0,unknown,0.667,0,0,0,0,1,low_data_completeness
62b8cb8effc2c6de,서울,서울특별시 노원구 월계동 18번지,서울특별시 노원구 마들로 31 (월계동),10200,11350,101213195,그랑빌아파트,"노인정,관리실,기타집회장",2002,0,1,0.0,1,0,0,0,unknown,0.833,1,1,0,0,1,old_building|non_residential_main_use
62ba6cd61337c1de,서울,서울특별시 강동구 명일동 15번지,서울특별시 강동구 고덕로 210 (명일동),10100,11740,1026138963,삼익그린맨션,,2022,1,1,0.0,0,1,0,0,unknown,0.667,0,0,0,0,1,low_data_completeness
62c1b7feac22a8f9,서울,서울특별시 구로구 신도림동 271-25번지,서울특별시 구로구 신도림로19길 144 (신도림동),10100,11530,10181100189162,신도림삼성쉐르빌 1,,2022,1,1,0.0,0,1,0,0,unknown,0.667,0,0,0,0,1,low_data_completeness
62ce793c9570597e,경기,경기도 군포시 당동 51-2번지,경기도 군포시 공단로 141 (당동),10100,41410,11131100202133,(주)케익드라마,물품 제조공장,2017,0,5,5096.29,1,0,1,0,unknown,0.833,0,1,1,0,1,non_residential_main_use|basement_or_unknown_floor
62d7159d34e154f7,인천,인천광역시 동구 만석동 1-53번지,인천광역시 동구 보세로26번길 24-36 (만석동),10100,28140,10551100181643,,,2022,1,1,0.0,0,1,0,0,unknown,0.667,0,0,0,0,1,low_data_completeness
62e82a830867e5e8,인천,인천광역시 동구 만석동 1-11번지,인천광역시 동구 만석부두로7번길 15-12 (만석동),10100,28140,10551100177460,,물품 제조공장,2010,0,1,4.32,1,0,1,0,unknown,0.833,0,1,0,0,1,non_residential_main_use
62f2a78ba6b58c84,서울,서울특별시 광진구 중곡동 18-20번지,서울특별시 광진구 용마산로 150 (중곡동),10100,11215,10061743,중곡119안전센터,근린공공시설,1999,0,1,793.7,1,0,0,0,unknown,0.833,1,1,0,0,1,old_building|non_residential_main_use
62f3620b60310c7f,경기,경기도 고양시 일산동구 식사동 13-8번지,,10100,41285,11041100436768,일반창고-2,교정및군사시설,2012,0,1,652295.0,1,0,0,0,unknown,0.833,0,1,0,0,1,non_residential_main_use
62f4810e9d050556,인천,인천광역시 부평구 부평동 10-233번지,인천광역시 부평구 주부토로100번길 20 (부평동),10100,28237,10591100263625,스마트빌,,2022,1,1,0.0,0,1,0,0,unknown,0.667,0,0,0,0,1,low_data_completeness
62f7cacc7101c223,인천,인천광역시 강화군 강화읍 신문리 2-4번지,인천광역시 강화군 강화대로403번길 4-3 (강화읍 신문리),25021,28710,1062114007,,기타제1종근린생활시설,1985,0,1,253.72,1,0,1,0,unknown,0.833,1,1,0,0,1,old_building|non_residential_main_use
630e156f1df7dad8,경기,경기도 고양시 일산서구 일산동 543-4번지,경기도 고양시 일산서구 일중로 33 (일산동),10100,41287,11041236448,,근린생활시설,1993,0,1,299.0,1,0,0,0,unknown,0.833,1,1,0,0,1,old_building|non_residential_main_use
631cf04d41921648,서울,서울특별시 강동구 명일동 47번지,서울특별시 강동구 고덕로62길 29 (명일동),10100,11740,102611106,명일삼환아파트,아파트,1992,0,1,0.0,1,0,0,0,unknown,0.833,1,0,0,0,1,old_building
632f1858035ca172,서울,서울특별시 강북구 미아동 3-10번지,서울특별시 강북구 오현로9길 19 (미아동),10100,11305,1010130839,,연립주택,2022,1,1,39.69,0,1,0,1,unknown,0.833,0,0,0,0,0,
63396a9ada5da017,경기,경기도 과천시 문원동 15-49번지,경기도 과천시 공원마을6길 35 (문원동),10200,41290,11081100185275,보니타스,,2022,1,1,0.0,0,1,0,0,unknown,0.667,0,0,0,0,1,low_data_completeness
634d5dd94884e69d,경기,경기도 고양시 덕양구 주교동 218-10번지,경기도 고양시 덕양구 대주로 506 (주교동),10100,41281,1104110633,,제1종근린생활시설,1995,0,1,330.0,1,0,0,0,unknown,0.833,1,1,0,0,1,old_building|non_residential_main_use
6351ed3830b87936,서울,서울특별시 관악구 봉천동 1-485번지,서울특별시 관악구 청림3길 60 (봉천동),10100,11620,1022188226,,,2022,1,1,0.0,0,1,0,0,unknown,0.667,0,0,0,0,1,low_data_completeness
6384e2e03dfbead8,인천,인천광역시 미추홀구 숭의동 1-10번지,인천광역시 미추홀구 경인로 150 (숭의동),10100,28177,10561100237766,한우리,,2022,1,1,0.0,0,1,0,0,unknown,0.667,0,0,0,0,1,low_data_completeness
6398291decae21ef,인천,인천광역시 옹진군 북도면 장봉리 654번지,인천광역시 옹진군 장봉로720번길 12 (북도면 장봉리),31024,28720,106318380,장봉리다세대주택,,2022,1,1,0.0,0,1,0,0,unknown,0.667,0,0,0,0,1,low_data_completeness
63af048e5e334426,인천,인천광역시 부평구 부평동 10-43번지,인천광역시 부평구 길주남로102번길 11-11 (부평동),10100,28237,1000000000000004484333,부평동세창주택1차,,2024,1,1,0.0,0,1,0,0,unknown,0.667,0,0,0,0,1,low_data_completeness
63c5400ebb11fc07,인천,인천광역시 연수구 옥련동 81-68번지,인천광역시 연수구 독배로 111 (옥련동),10100,28185,105718104,,,2022,1,1,0.0,0,1,0,0,unknown,0.667,0,0,1,0,1,basement_or_unknown_floor|low_data_completeness
63cdb1894e0eb7a8,서울,서울특별시 강동구 명일동 15번지,서울특별시 강동구 고덕로 210 (명일동),10100,11740,1026138516,삼익그린맨션,,2022,1,1,0.0,0,1,0,0,unknown,0.667,0,0,0,0,1,low_data_completeness
63f1161164fc43b5,인천,인천광역시 중구 중앙동2가 20-8번지,인천광역시 중구 신포로23번길 68-3 (중앙동2가),10200,28110,10541670,,"근린생활시설, 주택",2022,0,1,0.0,1,0,0,0,unknown,0.833,0,0,0,0,0,
63f1b7867ab4dfb8,인천,인천광역시 부평구 부평동 10-21번지,인천광역시 부평구 주부토로100번길 7 (부평동),10100,28237,10591181307,로얄하이츠빌라,,2022,1,1,0.0,0,1,0,0,unknown,0.667,0,0,0,0,1,low_data_completeness
63ff156240013082,인천,인천광역시 연수구 옥련동 80-4번지,인천광역시 연수구 독배로 105 (옥련동),10100,28185,10571100186344,평강의교회,교회,2010,0,2,1365.69,1,0,1,0,unknown,0.833,0,1,0,0,1,non_residential_main_use
6404ef91d805b0a2,인천,인천광역시 중구 중앙동1가 9-6번지,인천광역시 중구 제물량로232번안길 11 (중앙동1가),10100,28110,10541606,,단독주택,1969,0,3,148.72,1,0,1,0,unknown,0.833,1,0,0,0,1,old_building
6407a8ebc623e206,서울,서울특별시 금천구 가산동 5-19번지,서울특별시 금천구 벚꽃로 340-2 (가산동),10100,11545,1019114323,,단독주택,1969,0,1,45.22,1,0,1,0,unknown,0.833,1,0,0,0,1,old_building
643f26e0951f2a9a,서울,서울특별시 강동구 명일동 15번지,서울특별시 강동구 고덕로 210 (명일동),10100,11740,1026138275,삼익그린맨션,,2022,1,1,0.0,0,1,0,0,unknown,0.667,0,0,0,0,1,low_data_completeness
6447e86d687f854a,경기,경기도 광주시 경안동 11-6번지,경기도 광주시 광주대로71번길 20-18 (경안동),10100,41610,11251100390962,,"제1,2종근린생활시설",2021,0,1,370.0,1,0,0,0,unknown,0.833,0,1,0,0,1,non_residential_main_use
645975938f2a3482,인천,인천광역시 서구 백석동 블록,인천광역시 서구 한들로 73 (백석동),10100,28260,1000000000000002036238,검암역 로열파크씨티 푸르지오 2단지,,2023,1,1,0.0,0,1,0,0,unknown,0.667,0,0,0,0,1,low_data_completeness
64637df9bfff06a8,서울,서울특별시 강서구 염창동 57번지,서울특별시 강서구 양천로67길 50-33 (염창동),10100,11500,1017171440,지오빌,,2022,1,1,0.0,0,1,0,0,unknown,0.667,0,0,0,0,1,low_data_completeness
6475ca4d41a501a8,인천,인천광역시 동구 만석동 5-6번지,인천광역시 동구 인중로 438 (만석동),10100,28140,1055112104,,,2022,1,1,0.0,0,1,0,0,unknown,0.667,0,0,0,0,1,low_data_completeness
647c0882e29c46bc,경기,경기도 과천시 관문동 71-17번지,경기도 과천시 산마을길 65 (관문동),10100,41290,11081100191034,,단독주택,2019,0,1,0.0,1,0,0,0,unknown,0.833,0,0,0,0,0,
648732e78390dfbc,서울,서울특별시 강남구 역삼동 601-7번지,서울특별시 강남구 봉은사로2길 7 (역삼동),10100,11680,102415687,,사무소,1987,0,2,649.66,1,0,1,0,unknown,0.833,1,1,0,0,1,old_building|non_residential_main_use
6487771eb9b0ec04,서울,서울특별시 강서구 염창동 64-1번지,서울특별시 강서구 양천로67길 63 (염창동),10100,11500,101712995,염창동공장,"공장, 운동시설",2003,0,1,3352.0,1,0,0,0,unknown,0.833,1,1,0,0,1,old_building|non_residential_main_use
649b679154799eb9,서울,서울특별시 광진구 중곡동 18-3번지,서울특별시 광진구 용마산로28길 6 (중곡동),10100,11215,10061100205903,,,2022,1,1,0.0,0,1,0,0,unknown,0.667,0,0,0,0,1,low_data_completeness
64a128f7a3a51f1a,인천,인천광역시 미추홀구 숭의동 1-112번지,인천광역시 미추홀구 경인로142번길 55-13 (숭의동),10100,28177,105612213,,주택,1984,0,1,0.0,1,0,0,0,unknown,0.833,1,0,0,0,1,old_building
64a3d2b89287667c,인천,인천광역시 중구 중앙동1가 16-4번지,인천광역시 중구 신포로23번길 95-1 (중앙동1가),10100,28110,10541622,,주택,1992,0,1,82.6,1,0,0,0,unknown,0.833,1,0,0,0,1,old_building
64a9a4dc9a218daf,인천,인천광역시 옹진군 백령면 진촌리 959-4번지,인천광역시 옹진군 백령로278번길 133-20 (백령면 진촌리),33021,28720,10631100209089,백령 공공실버 마을,,2022,1,1,0.0,0,1,0,0,unknown,0.667,0,0,0,0,1,low_data_completeness
64ab9e874947e3ac,인천,인천광역시 계양구 효성동 1-12번지,인천광역시 계양구 길마로88번길 7 (효성동),10100,28245,106012044,원익그린맨션,다세대주택,1995,0,4,972.72,1,0,1,0,unknown,0.833,1,0,0,0,1,old_building
64ac8452f89239d2,서울,서울특별시 구로구 신도림동 271-41번지,서울특별시 구로구 신도림로19길 124 (신도림동),10100,11530,10181100199821,콜카빌,"업무시설(오피스텔),근린생활시설",2011,0,1,1764.0,1,0,0,0,unknown,0.833,0,0,0,0,0,
64adb39c1bd22fff,인천,인천광역시 강화군 강화읍 신문리 13-1번지,인천광역시 강화군 남문로 70 (강화읍 신문리),25021,28710,10621100201393,,제1종근린생활시설,2014,0,1,0.0,1,0,0,0,unknown,0.833,0,1,0,0,1,non_residential_main_use
64b50d9e872f08a0,인천,인천광역시 부평구 부평동 10-250번지,인천광역시 부평구 주부토로104번길 17 (부평동),10100,28237,10591100293115,LH행복타운 2동,단독주택,2019,0,1,167.0,1,0,0,0,unknown,0.833,0,0,0,0,0,
64c610afca06fa22,인천,인천광역시 서구 백석동 블록,인천광역시 서구 한들로 73 (백석동),10100,28260,1000000000000002035726,검암역 로열파크씨티 푸르지오 2단지,,2023,1,1,0.0,0,1,0,0,unknown,0.667,0,0,0,0,1,low_data_completeness
64c61aaeec1734d3,경기,경기도 광명시 광명동 24-56번지,경기도 광명시 광삼로13번길 27 (광명동),10100,41210,1098117398,,,2022,1,1,0.0,0,1,0,0,unknown,0.667,0,0,1,0,1,basement_or_unknown_floor|low_data_completeness
64c9d875fb16c36b,인천,인천광역시 강화군 강화읍 신문리 205-5번지,인천광역시 강화군 강화대로 429 (강화읍 신문리),25021,28710,1062135826,중앙시장,,2022,1,1,0.0,0,1,0,0,unknown,0.667,0,0,1,0,1,basement_or_unknown_floor|low_data_completeness
64cd30e61f8a53e2,경기,경기도 고양시 일산서구 일산동 525-16번지,경기도 고양시 일산서구 고양대로 722 (일산동),10100,41287,11041234255,,소매점,2003,0,2,2463.49,1,0,1,0,unknown,0.833,1,1,0,0,1,old_building|non_residential_main_use
64e2e88613cdce30,서울,서울특별시 관악구 봉천동 1-618번지,서울특별시 관악구 청림3다길 17 (봉천동),10100,11620,1022178536,,,2022,1,1,0.0,0,1,0,0,unknown,0.667,0,0,0,0,1,low_data_completeness
64e96f14cd3db7e5,서울,서울특별시 강북구 미아동 3-199번지,서울특별시 강북구 오현로9길 29 (미아동),10100,11305,1010130934,,,2022,1,1,0.0,0,1,0,0,unknown,0.667,0,0,0,0,1,low_data_completeness
651133727dab38f5,인천,인천광역시 연수구 옥련동 116-24번지,인천광역시 연수구 비류대로150번길 12 (옥련동),10100,28185,10571620,,주택,1985,0,1,0.0,1,0,0,0,unknown,0.833,1,0,0,0,1,old_building
6516191f9bf8fcce,경기,경기도 고양시 덕양구 주교동 38-13번지,경기도 고양시 덕양구 원당로 112 (주교동),10100,41281,11041100458210,고양 엘림프라자,,2022,1,1,0.0,0,1,0,0,unknown,0.667,0,0,0,0,1,low_data_completeness
6516b604fedc309d,서울,서울특별시 구로구 신도림동 276-47번지,서울특별시 구로구 신도림로11라길 71 (신도림동),10100,11530,1018122105,,공장,1976,0,1,0.0,1,0,0,0,unknown,0.833,1,1,0,0,1,old_building|non_residential_main_use
6525c82b3dd8d5d2,인천,인천광역시 계양구 효성동 1-29번지,인천광역시 계양구 새벌로 189 (효성동),10100,28245,1060113257,그린파크,,2022,1,1,0.0,0,1,0,0,unknown,0.667,0,0,0,0,1,low_data_completeness
65273e9d735a37ad,인천,인천광역시 동구 만석동 1-36번지,인천광역시 동구 만석부두로7번길 15-7 (만석동),10100,28140,10551100173702,,일반공장,2009,0,2,68.36,1,0,1,0,unknown,0.833,0,1,0,0,1,non_residential_main_use
653dba62ebc7ebec,경기,경기도 군포시 당동 151-5번지,경기도 군포시 봉성로 38 (당동),10100,41410,1000000000000005298425,(주)푸드가이드 사옥,제1종근린생활시설,2025,0,1,905.0,1,0,0,0,unknown,0.833,0,1,0,0,1,non_residential_main_use
655543fd7d602c58,경기,경기도 고양시 일산서구 일산동 551-21번지,경기도 고양시 일산서구 일중로55번길 28 (일산동),10100,41287,11041324494,,,2022,1,1,0.0,0,1,0,0,unknown,0.667,0,0,0,0,1,low_data_completeness
655d3bbe73625f87,인천,인천광역시 중구 중앙동1가 3-2번지,인천광역시 중구 제물량로232번안길 19 (중앙동1가),10100,28110,10541595,,노인복지시설,1998,0,3,521.42,1,0,1,0,unknown,0.833,1,1,0,0,1,old_building|non_residential_main_use
6570e03dcbfac7a1,인천,인천광역시 옹진군 북도면 시도리 16번지,인천광역시 옹진군 시도로86번길 312 (북도면 시도리),31021,28720,10631569,,단독주택,2001,0,1,393.97,1,0,1,0,unknown,0.833,1,0,0,0,1,old_building
6570f145220d93ba,서울,서울특별시 강서구 등촌동 14-7번지,서울특별시 강서구 양천로 424 (등촌동),10200,11500,10171100352511,가양역 데시앙플렉스 지식산업센터,기타공장,2022,0,2,86.19,0,0,0,1,unknown,0.833,0,1,1,0,1,non_residential_main_use|basement_or_unknown_floor
6575b0f9fa6dec2e,경기,경기도 고양시 일산서구 일산동 551-13번지,경기도 고양시 일산서구 원일로 116-8 (일산동),10100,41287,11041236478,,제2종근린생활시설,1976,0,1,0.0,1,0,0,0,unknown,0.833,1,1,0,0,1,old_building|non_residential_main_use
6576a0c930fa9501,경기,경기도 군포시 당동 157-3번지,경기도 군포시 봉성로 40-14 (당동),10100,41410,11131583,,공장,1992,0,1,0.0,1,0,0,0,unknown,0.833,1,1,0,0,1,old_building|non_residential_main_use
65786fd4ec97c294,경기,경기도 김포시 북변동 185번지,,10100,41570,112313625,,주택,2022,0,1,0.0,1,0,0,0,unknown,0.833,0,0,0,0,0,
657b49f6ac7c3186,경기,경기도 고양시 덕양구 주교동 249-7번지,경기도 고양시 덕양구 원당로33번길 78 (주교동),10100,41281,1000000000000006558041,,제1종근린생활시설(소매점),2025,0,1,330.0,1,0,0,0,unknown,0.833,0,1,0,0,1,non_residential_main_use
658661a3e0bbadb0,경기,경기도 고양시 일산서구 일산동 543-5번지,경기도 고양시 일산서구 일중로 31 (일산동),10100,41287,11041235503,,제1.2종근린생활시설,2005,0,1,734.0,1,0,0,0,unknown,0.833,1,1,0,0,1,old_building|non_residential_main_use
658ff8f3796445ab,서울,서울특별시 광진구 중곡동 18-37번지,서울특별시 광진구 용마산로26길 15 (중곡동),10100,11215,10061100234687,킨즈빌,다가구주택(2가구) 및 근린생활시설,2017,0,1,113.9,1,0,0,0,unknown,0.833,0,0,0,0,0,
65aa1b6223abfd6c,인천,인천광역시 중구 중앙동2가 15-1번지,인천광역시 중구 신포로23번길 64 (중앙동2가),10200,28110,10541652,,"숙박시설, 근린생활시설",1989,0,1,0.0,1,0,0,0,unknown,0.833,1,1,0,0,1,old_building|non_residential_main_use
65c2bd2c0cb3f870,인천,인천광역시 연수구 옥련동 118-3번지,인천광역시 연수구 비류대로144번길 23-4 (옥련동),10100,28185,105718287,,,2022,1,1,0.0,0,1,0,0,unknown,0.667,0,0,1,0,1,basement_or_unknown_floor|low_data_completeness
65c863726dda22ad,경기,경기도 고양시 일산서구 일산동 551-16번지,경기도 고양시 일산서구 고양대로 701-6 (일산동),10100,41287,11041100176583,대명아트빌,,2022,1,1,0.0,0,1,0,0,unknown,0.667,0,0,0,0,1,low_data_completeness
65f43b03137b9ae1,서울,서울특별시 강동구 명일동 47-6번지,서울특별시 강동구 동남로75길 13-7 (명일동),10100,11740,1026121369,배재빌딩,"근린생활시설,교육연구시설(학원)",1994,0,1,896.0,1,0,0,0,unknown,0.833,1,1,0,0,1,old_building|non_residential_main_use
65fb332b43bdac0b,인천,인천광역시 미추홀구 숭의동 1-11번지,인천광역시 미추홀구 경인로 148 (숭의동),10100,28177,10561100237036,다우림,,2022,1,1,0.0,0,1,0,0,unknown,0.667,0,0,0,0,1,low_data_completeness
6615b43d0de159fb,인천,인천광역시 부평구 부평동 10-21번지,인천광역시 부평구 주부토로100번길 7 (부평동),10100,28237,10591181304,로얄하이츠빌라,,2022,1,1,0.0,0,1,0,0,unknown,0.667,0,0,0,0,1,low_data_completeness
6634b30105205809,서울,서울특별시 강동구 명일동 15번지,서울특별시 강동구 고덕로 210 (명일동),10100,11740,1026138096,삼익그린맨션,,2022,1,1,0.0,0,1,0,0,unknown,0.667,0,0,0,0,1,low_data_completeness
66396265ccb28fa5,경기,경기도 구리시 갈매동 142-121번지,경기도 구리시 금강로 110 (갈매동),10100,41310,11091276,,식물관련시설,2002,0,1,551.0,1,0,0,0,unknown,0.833,1,1,0,0,1,old_building|non_residential_main_use
664b98716b9cf6c9,서울,서울특별시 강남구 대치동 511번지,서울특별시 강남구 삼성로 150 (대치동),10600,11680,1024125038,,,2022,1,1,0.0,0,1,0,0,unknown,0.667,0,0,0,0,1,low_data_completeness
664c1b304ce7c093,경기,경기도 김포시 북변동 200-6번지,경기도 김포시 봉화로 164-4 (북변동),10100,41570,1000000000000002665896,MU빌리지,,2023,1,1,0.0,0,1,0,0,unknown,0.667,0,0,0,0,1,low_data_completeness
66562c26bb9edb22,경기,경기도 군포시 당동 67-7번지,경기도 군포시 군포로580번길 23 (당동),10100,41410,111312248,은성빌라,연립주택,1985,0,1,0.0,1,0,0,0,unknown,0.833,1,0,0,0,1,old_building
66592ec1d9d62975,서울,서울특별시 강동구 명일동 15번지,서울특별시 강동구 고덕로 210 (명일동),10100,11740,1026188656,삼익그린맨션,,2022,1,1,0.0,0,1,0,0,unknown,0.667,0,0,0,0,1,low_data_completeness
665b8b8f03e9e9f3,서울,서울특별시 강북구 미아동 3-75번지,서울특별시 강북구 오패산로30길 69 (미아동),10100,11305,10101790,,"근린생활시설,주택",2002,0,1,108.0,1,0,0,0,unknown,0.833,1,0,0,0,1,old_building
66793b00c8c54c45,서울,서울특별시 강북구 미아동 3-102번지,서울특별시 강북구 오패산로30가길 9-5 (미아동),10100,11305,10101806,,단독주택,1969,0,1,0.0,1,0,0,0,unknown,0.833,1,0,0,0,1,old_building
66847534903c9e57,경기,경기도 고양시 일산서구 일산동 551-16번지,경기도 고양시 일산서구 고양대로 701-6 (일산동),10100,41287,11041100176584,대명아트빌,,2022,1,1,0.0,0,1,0,0,unknown,0.667,0,0,0,0,1,low_data_completeness
668a1a35eeebe1bd,인천,인천광역시 강화군 강화읍 신문리 4-2번지,인천광역시 강화군 강화대로393번길 10 (강화읍 신문리),25021,28710,1062137457,,,2022,1,1,0.0,0,1,0,0,unknown,0.667,0,0,0,0,1,low_data_completeness
668e8339687b96e5,경기,경기도 광주시 경안동 11-44번지,경기도 광주시 광주대로71번길 14 (경안동),10100,41610,1125117566,,보이라실.주택,1989,0,1,0.0,1,0,0,0,unknown,0.833,1,0,0,0,1,old_building
6692738ef76c621d,인천,인천광역시 서구 백석동 51-34번지,인천광역시 서구 한들로 66-34 (백석동),10100,28260,10611100310415,,체육관,2017,0,1,18.0,1,0,1,0,unknown,0.833,0,1,0,0,1,non_residential_main_use
669390a9bd39ba5b,인천,인천광역시 중구 중앙동1가 9-2번지,인천광역시 중구 신포로23번길 89 (중앙동1가),10100,28110,10541100183114,,박물관,2010,0,1,24.75,1,0,1,0,unknown,0.833,0,1,0,0,1,non_residential_main_use
6698ce301ec3024f,경기,경기도 고양시 덕양구 주교동 221-4번지,경기도 고양시 덕양구 대주로 501 (주교동),10100,41281,1104120010,,주택,2022,0,1,0.0,1,0,0,0,unknown,0.833,0,0,0,0,0,
669d6a8f98fc577b,인천,인천광역시 계양구 효성동 1-30번지,인천광역시 계양구 길마로 98 (효성동),10100,28245,1060113273,삼성하이츠맨션,,2023,1,1,0.0,0,1,0,0,unknown,0.667,0,0,0,0,1,low_data_completeness
66ba7b7cc6865dbe,인천,인천광역시 남동구 구월동 4-2번지,인천광역시 남동구 석산로228번길 43 (구월동),10100,28200,10581100339333,,도시형생활주택(연립주택),2021,0,1,594.6,1,0,0,0,unknown,0.833,0,0,0,0,0,
66bedd214579fd91,인천,인천광역시 계양구 효성동 1-29번지,인천광역시 계양구 새벌로 189 (효성동),10100,28245,1060113252,그린파크,,2022,1,1,0.0,0,1,0,0,unknown,0.667,0,0,0,0,1,low_data_completeness
66d395b26f3fc862,경기,경기도 광명시 광명동 25-10번지,경기도 광명시 광명로928번길 41-6 (광명동),10100,41210,1098117434,,,2022,1,1,0.0,0,1,0,0,unknown,0.667,0,0,0,0,1,low_data_completeness
66e1771e7402af7f,서울,서울특별시 구로구 신도림동 279-8번지,서울특별시 구로구 신도림로11라길 53-3 (신도림동),10100,11530,1018123775,,연립주택,1975,0,1,0.0,1,0,0,0,unknown,0.833,1,0,0,0,1,old_building
66efdf7d3aa236ff,서울,서울특별시 관악구 봉천동 1-618번지,서울특별시 관악구 청림3다길 17 (봉천동),10100,11620,1022178537,,,2022,1,1,0.0,0,1,0,0,unknown,0.667,0,0,0,0,1,low_data_completeness
66f9742847d1e704,서울,서울특별시 강동구 명일동 15번지,서울특별시 강동구 고덕로 210 (명일동),10100,11740,1026138131,삼익그린맨션,,2022,1,1,0.0,0,1,0,0,unknown,0.667,0,0,0,0,1,low_data_completeness
66fcf1b0f159df69,경기,경기도 구리시 갈매동 510번지,경기도 구리시 갈매순환로204번길 65 (갈매동),10100,41310,11091100207212,구리 스마트벤처타워,,2022,1,1,0.0,0,1,0,0,unknown,0.667,0,0,0,0,1,low_data_completeness
66ffa709f5ac11bf,경기,경기도 고양시 일산서구 일산동 545-5번지,,10100,41287,11041233636,,단독주택,2022,0,1,0.0,1,0,0,0,unknown,0.833,0,0,0,0,0,
67083cebbdb068a6,인천,인천광역시 계양구 효성동 9번지,인천광역시 계양구 봉오대로601번길 17 (효성동),10100,28245,106011107,사택,단독주택,2003,0,1,0.0,1,0,0,0,unknown,0.833,1,0,0,0,1,old_building
67128c418980e33b,경기,경기도 군포시 당동 151-5번지,경기도 군포시 봉성로 38 (당동),10100,41410,1000000000000005298426,(주)푸드가이드 사옥,제1종근린생활시설,2025,0,1,905.0,1,0,0,0,unknown,0.833,0,1,0,0,1,non_residential_main_use
671c3511c1477b48,경기,경기도 고양시 일산서구 일산동 551-16번지,경기도 고양시 일산서구 고양대로 701-6 (일산동),10100,41287,11041100176594,대명아트빌,,2022,1,1,0.0,0,1,0,0,unknown,0.667,0,0,0,0,1,low_data_completeness
672608e2ad959715,인천,인천광역시 남동구 구월동 3-27번지,인천광역시 남동구 석산로228번길 2 (구월동),10100,28200,105816254,서해그린빌,공동주택,2002,0,1,271.4,1,0,0,0,unknown,0.833,1,0,0,0,1,old_building
672c991c8432099a,인천,인천광역시 강화군 강화읍 신문리 205-5번지,인천광역시 강화군 강화대로 429 (강화읍 신문리),25021,28710,1062135738,중앙시장,,2022,1,1,0.0,0,1,0,0,unknown,0.667,0,0,1,0,1,basement_or_unknown_floor|low_data_completeness
673a467a6574e1ff,경기,경기도 고양시 일산동구 식사동 13-8번지,,10100,41285,11041100436829,수송부-1,국방ㆍ군사시설,1977,0,1,652357.92,1,0,1,0,unknown,0.833,1,1,0,0,1,old_building|non_residential_main_use
673a64376d94a676,경기,경기도 군포시 당동 14-1번지,경기도 군포시 공단로 149 (당동),10100,41410,111319622,아이밸리 군포,,2022,1,1,0.0,0,1,0,0,unknown,0.667,0,0,1,0,1,basement_or_unknown_floor|low_data_completeness
674b5abf77d941dc,경기,경기도 고양시 덕양구 주교동 272-1번지,경기도 고양시 덕양구 원당로59번길 94-7 (주교동),10100,41281,1104120532,윤창아파트,아파트,1988,0,1,0.0,1,0,0,0,unknown,0.833,1,0,0,0,1,old_building
674d7aaf338ed7e9,경기,경기도 고양시 덕양구 주교동 193-2번지,경기도 고양시 덕양구 고양대로1290번길 19 (주교동),10100,41281,11041100251621,,단독주택,2013,0,1,332.0,1,0,0,0,unknown,0.833,0,0,0,0,0,
6761f545ca224a3c,인천,인천광역시 계양구 효성동 1-30번지,인천광역시 계양구 길마로 98 (효성동),10100,28245,1060113272,삼성하이츠맨션,,2023,1,1,0.0,0,1,0,0,unknown,0.667,0,0,0,0,1,low_data_completeness
676940f000fb2b65,경기,경기도 고양시 덕양구 주교동 272-1번지,경기도 고양시 덕양구 원당로59번길 94-7 (주교동),10100,41281,11041117534,윤창아파트,,2022,1,1,0.0,0,1,0,0,unknown,0.667,0,0,1,0,1,basement_or_unknown_floor|low_data_completeness
6784f61ad41b6675,서울,서울특별시 강남구 역삼동 605-13번지,서울특별시 강남구 봉은사로24길 7 (역삼동),10100,11680,1024121795,,근린생활시설,1987,0,1,367.4,1,0,0,0,unknown,0.833,1,1,0,0,1,old_building|non_residential_main_use
67b6daf454d7aab8,인천,인천광역시 미추홀구 숭의동 1-11번지,인천광역시 미추홀구 경인로 148 (숭의동),10100,28177,10561100237071,다우림,,2022,1,1,0.0,0,1,0,0,unknown,0.667,0,0,0,0,1,low_data_completeness
67d431c5e5d4d1b2,인천,인천광역시 옹진군 백령면 진촌리 959-4번지,인천광역시 옹진군 백령로278번길 133-20 (백령면 진촌리),33021,28720,10631100209130,백령 공공실버 마을,,2022,1,1,0.0,0,1,0,0,unknown,0.667,0,0,0,0,1,low_data_completeness
6807f4620860b89b,경기,경기도 고양시 덕양구 주교동 38-13번지,경기도 고양시 덕양구 원당로 112 (주교동),10100,41281,11041100458196,고양 엘림프라자,,2022,1,1,0.0,0,1,0,0,unknown,0.667,0,0,0,0,1,low_data_completeness
681c00c7ddec860b,서울,서울특별시 금천구 가산동 6-5번지,서울특별시 금천구 벚꽃로 340-4 (가산동),10100,11545,1019110222,,단독주택,1969,0,1,44.26,1,0,1,0,unknown,0.833,1,0,0,0,1,old_building
6823427e37dcb497,인천,인천광역시 연수구 옥련동 118-3번지,인천광역시 연수구 비류대로144번길 23-4 (옥련동),10100,28185,105718286,,,2022,1,1,0.0,0,1,0,0,unknown,0.667,0,0,1,0,1,basement_or_unknown_floor|low_data_completeness
682a7d193d81c52e,인천,인천광역시 동구 만석동 1-53번지,인천광역시 동구 보세로26번길 24-36 (만석동),10100,28140,10551100181483,,공장,2013,0,1,0.0,1,0,0,0,unknown,0.833,0,1,0,0,1,non_residential_main_use
683bcb2cf971a021,인천,인천광역시 옹진군 북도면 시도리 53-10번지,인천광역시 옹진군 시도로86번길 217-33 (북도면 시도리),31021,28720,10631100197879,,단독주택,2022,0,1,0.0,1,0,0,0,unknown,0.833,0,0,1,0,1,basement_or_unknown_floor
68687af8a7b3d153,경기,경기도 고양시 덕양구 주교동 273-1번지,경기도 고양시 덕양구 원당로59번길 120 (주교동),10100,41281,11041103833,예중파크뷰아파트,,2022,1,1,0.0,0,1,0,0,unknown,0.667,0,0,0,0,1,low_data_completeness
687251f954d43658,서울,서울특별시 강서구 개화동 421-70번지,서울특별시 강서구 개화동로5길 9-11 (개화동),11000,11500,10171100238154,경동 미르웰,다세대주택,2022,0,1,31.47,0,0,0,1,unknown,0.833,0,0,0,0,0,
687c0b94ccc08c40,서울,서울특별시 노원구 월계동 1-1번지,서울특별시 노원구 마들로 86 (월계동),10200,11350,101215769,한내근린공원 관리사무소,기타제1종근린생활시설,2001,0,1,20371.82,1,0,1,0,unknown,0.833,1,1,0,0,1,old_building|non_residential_main_use
6894cb845fd76488,인천,인천광역시 계양구 효성동 1-11번지,인천광역시 계양구 길마로88번길 5 (효성동),10100,28245,1060113192,원익그린맨션,,2022,1,1,0.0,0,1,0,0,unknown,0.667,0,0,0,0,1,low_data_completeness
68a51c74a579cf45,경기,경기도 광명시 광명동 24-85번지,경기도 광명시 광삼로13번길 33-1 (광명동),10100,41210,10981757,,창고,1979,0,1,0.0,1,0,0,0,unknown,0.833,1,1,0,0,1,old_building|non_residential_main_use
68b8ed428358ed47,경기,경기도 구리시 갈매동 484번지,경기도 구리시 갈매길 113-9 (갈매동),10100,41310,11091100177895,,,2022,1,1,0.0,0,1,0,0,unknown,0.667,0,0,0,0,1,low_data_completeness
68be53977d7cc005,서울,서울특별시 강서구 개화동 418-174번지,서울특별시 강서구 개화동로7길 17-7 (개화동),11000,11500,10171100266759,,다세대주택,2022,0,2,44.22,0,0,0,1,unknown,0.833,0,0,0,0,0,
68c109d47433aeff,인천,인천광역시 미추홀구 숭의동 1-10번지,인천광역시 미추홀구 경인로 150 (숭의동),10100,28177,10561100237758,한우리,,2022,1,1,0.0,0,1,0,0,unknown,0.667,0,0,0,0,1,low_data_completeness
68c236e6d898d052,인천,인천광역시 부평구 부평동 10-244번지,인천광역시 부평구 장제로205번길 56 (부평동),10100,28237,1059110404,,"근린생활시설, 다가구주택(3가구)",1993,0,1,183.59,1,0,0,0,unknown,0.833,1,0,0,0,1,old_building
68d223e8aebd7a19,인천,인천광역시 강화군 강화읍 신문리 4-2번지,인천광역시 강화군 강화대로393번길 10 (강화읍 신문리),25021,28710,1062137455,,,2022,1,1,0.0,0,1,0,0,unknown,0.667,0,0,0,0,1,low_data_completeness
68d2a1f8e8be7da6,서울,서울특별시 관악구 봉천동 1-1116번지,서울특별시 관악구 청림3길 84 (봉천동),10100,11620,1022191851,,,2022,1,1,0.0,0,1,0,0,unknown,0.667,0,0,0,0,1,low_data_completeness
68ddc76d76afea43,인천,인천광역시 옹진군 북도면 시도리 27-5번지,,31021,28720,10631571,,기타창고시설,1988,0,1,117883.0,1,0,1,0,unknown,0.833,1,1,0,0,1,old_building|non_residential_main_use
68e5725a9488fc96,서울,서울특별시 도봉구 쌍문동 11-5번지,서울특별시 도봉구 도봉로139길 102 (쌍문동),10500,11320,1011117037,선우아파트,,2022,1,1,0.0,0,1,0,0,unknown,0.667,0,0,0,0,1,low_data_completeness
68f732a7e99fb70a,인천,인천광역시 서구 백석동 8-1번지,인천광역시 서구 독정로 28-14 (백석동),10100,28260,10611100187795,백석동 8-1 창고시설 (심우창),창고,2008,0,1,291.6,1,0,1,0,unknown,0.833,0,1,0,0,1,non_residential_main_use
68f9962f11ae0028,서울,서울특별시 노원구 월계동 12번지,서울특별시 노원구 마들로 127 (월계동),10200,11350,10121113027,,,2022,1,1,0.0,0,1,0,0,unknown,0.667,0,0,0,0,1,low_data_completeness
690e40910d489192,인천,인천광역시 강화군 강화읍 신문리 205-5번지,인천광역시 강화군 강화대로 429 (강화읍 신문리),25021,28710,1062135835,중앙시장,,2022,1,1,0.0,0,1,0,0,unknown,0.667,0,0,1,0,1,basement_or_unknown_floor|low_data_completeness
69203f3809994657,서울,서울특별시 강북구 미아동 3-219번지,서울특별시 강북구 도봉로18다길 21-20 (미아동),10100,11305,10101100218618,,공동주택(다세대주택),2016,0,1,155.0,1,0,0,0,unknown,0.833,0,0,0,0,0,
692ac6fbcc49175a,인천,인천광역시 남동구 구월동 3-46번지,인천광역시 남동구 석산로228번길 20 (구월동),10100,28200,10581100339833,다해주택,도시형생활주택(단지형연립주택),2021,0,1,650.8,1,0,0,0,unknown,0.833,0,0,0,0,0,
692d7af21cbc0717,서울,서울특별시 강남구 역삼동 601-23번지,서울특별시 강남구 봉은사로4길 9 (역삼동),10100,11680,10241119671,,다세대주택,2022,0,2,36.39,0,0,0,1,unknown,0.833,0,0,1,0,1,basement_or_unknown_floor
693afe9092ccbb0e,경기,경기도 김포시 북변동 154-25번지,경기도 김포시 김포대로 1009-51 (북변동),10100,41570,11231100206010,,소매점,2010,0,2,1134.5,1,0,1,0,unknown,0.833,0,1,0,0,1,non_residential_main_use
695c470da1a4545b,경기,경기도 광명시 광명동 25-8번지,경기도 광명시 광삼로13번길 23-1 (광명동),10100,41210,1098117426,,,2022,1,1,0.0,0,1,0,0,unknown,0.667,0,0,0,0,1,low_data_completeness
69674be393979c04,서울,서울특별시 강동구 명일동 41번지,서울특별시 강동구 구천면로 475 (명일동),10100,11740,102611219,고덕삼환고층아파트,상가,1987,0,1,0.0,1,0,0,0,unknown,0.833,1,1,0,0,1,old_building|non_residential_main_use
6971d9038d3fcd77,서울,서울특별시 강동구 명일동 15번지,서울특별시 강동구 고덕로 210 (명일동),10100,11740,10261100809,삼익그린맨션,,2022,1,1,0.0,0,1,0,0,unknown,0.667,0,0,0,0,1,low_data_completeness
697819cfd3bd94de,경기,경기도 고양시 일산서구 일산동 525-21번지,경기도 고양시 일산서구 고양대로 724-8 (일산동),10100,41287,11041320767,,,2022,1,1,0.0,0,1,0,0,unknown,0.667,0,0,0,0,1,low_data_completeness
697d6715075f3c74,경기,경기도 과천시 문원동 15-50번지,경기도 과천시 공원마을6길 33 (문원동),10200,41290,11081100178885,문원동 15-50 공동주택(힐탑빌),,2022,1,1,0.0,0,1,0,0,unknown,0.667,0,0,0,0,1,low_data_completeness
699cd4c642fd579e,인천,인천광역시 부평구 부평동 10-233번지,인천광역시 부평구 주부토로100번길 20 (부평동),10100,28237,10591100263632,스마트빌,,2022,1,1,0.0,0,1,0,0,unknown,0.667,0,0,0,0,1,low_data_completeness
69a8d122e2c404b5,서울,서울특별시 노원구 월계동 13번지,서울특별시 노원구 마들로 59 (월계동),10200,11350,101211611,,아파트,1986,0,1,0.0,1,0,0,0,unknown,0.833,1,0,0,0,1,old_building
69b6b3825d49cd08,경기,경기도 고양시 일산동구 식사동 13-8번지,,10100,41285,11041100436795,저장고(탄13),교정및군사시설,1976,0,1,652295.0,1,0,0,0,unknown,0.833,1,1,0,0,1,old_building|non_residential_main_use
69bc253bc9982321,인천,인천광역시 미추홀구 숭의동 1-10번지,인천광역시 미추홀구 경인로 150 (숭의동),10100,28177,10561100237757,한우리,,2022,1,1,0.0,0,1,0,0,unknown,0.667,0,0,0,0,1,low_data_completeness
69cb1f39c27c3f71,경기,경기도 군포시 당동 134-12번지,경기도 군포시 공단로 93-11 (당동),10100,41410,11131100202373,우림빌딩,"제1,2종근린생활시설",2017,0,1,438.0,1,0,0,0,unknown,0.833,0,1,0,0,1,non_residential_main_use
69cd41e3b5a24ceb,인천,인천광역시 남동구 구월동 3-26번지,인천광역시 남동구 석산로228번길 29 (구월동),10100,28200,10581100331199,삼성주택,,2022,1,1,0.0,0,1,0,0,unknown,0.667,0,0,0,0,1,low_data_completeness
69d764aa928df48f,인천,인천광역시 서구 백석동 블록,인천광역시 서구 한중5로 45 (백석동),10100,28260,1000000000000006720540,한들타워3,,2025,1,1,0.0,0,1,0,0,unknown,0.667,0,0,0,0,1,low_data_completeness
69dc47be6bed8e5f,경기,경기도 김포시 북변동 152-10번지,경기도 김포시 중봉로115번길 42-32 (북변동),10100,41570,11231100223360,,제조업소,2011,0,1,248.6,1,0,1,0,unknown,0.833,0,1,0,0,1,non_residential_main_use
69e9c2646996883c,서울,서울특별시 강서구 염창동 66-9번지,서울특별시 강서구 양천로67길 77 (염창동),10100,11500,10171106595,염창동우성아파트,,2022,1,1,0.0,0,1,0,0,unknown,0.667,0,0,0,0,1,low_data_completeness
69ea312e39126ad9,경기,경기도 과천시 문원동 15-23번지,경기도 과천시 공원마을2길 52 (문원동),10200,41290,11081840,,공동주택,2003,0,1,248.0,1,0,0,0,unknown,0.833,1,0,0,0,1,old_building
69eb7b64cc3c6acf,서울,서울특별시 금천구 가산동 32-10번지,서울특별시 금천구 벚꽃로52길 12 (가산동),10100,11545,101914704,,다가구용 단독주택(6가구),1991,0,1,88.0,1,0,0,0,unknown,0.833,1,0,0,0,1,old_building
6a1a7441f3f1593d,서울,서울특별시 노원구 월계동 12번지,서울특별시 노원구 마들로 127 (월계동),10200,11350,10121113041,,,2022,1,1,0.0,0,1,0,0,unknown,0.667,0,0,0,0,1,low_data_completeness
6a1e270eab95c834,인천,인천광역시 강화군 강화읍 신문리 205-5번지,인천광역시 강화군 강화대로 429 (강화읍 신문리),25021,28710,1062135743,중앙시장,,2022,1,1,0.0,0,1,0,0,unknown,0.667,0,0,1,0,1,basement_or_unknown_floor|low_data_completeness
6a2c8860398e48a5,서울,서울특별시 강북구 미아동 3-36번지,서울특별시 강북구 오현로9길 45 (미아동),10100,11305,10101100197338,,,2022,1,1,0.0,0,1,0,0,unknown,0.667,0,0,0,0,1,low_data_completeness
6a31a0860903d05b,서울,서울특별시 노원구 월계동 12번지,서울특별시 노원구 마들로 127 (월계동),10200,11350,10121134211,,,2022,1,1,0.0,0,1,0,0,unknown,0.667,0,0,0,0,1,low_data_completeness
6a32ba02a6afa1cf,경기,경기도 구리시 갈매동 510번지,경기도 구리시 갈매순환로204번길 65 (갈매동),10100,41310,11091100207203,구리 스마트벤처타워,,2022,1,1,0.0,0,1,0,0,unknown,0.667,0,0,0,0,1,low_data_completeness
6a3571bbd2d38bd0,인천,인천광역시 미추홀구 숭의동 1-131번지,인천광역시 미추홀구 수봉안길13번길 40 (숭의동),10100,28177,105612220,,"주택, 점포",1971,0,1,0.0,1,0,0,0,unknown,0.833,1,0,0,0,1,old_building
6a4082c4edc4a26c,서울,서울특별시 강동구 명일동 44번지,서울특별시 강동구 고덕로 240 (명일동),10100,11740,102611171,신동아아파트,아파트,1986,0,1,0.0,1,0,0,0,unknown,0.833,1,0,0,0,1,old_building
6a42ad3389407b00,인천,인천광역시 남동구 구월동 3-5번지,인천광역시 남동구 석산로 230-3 (구월동),10100,28200,1058127524,조은그린빌,,2022,1,1,0.0,0,1,0,0,unknown,0.667,0,0,0,0,1,low_data_completeness
6a4f84a4dd54a8cf,서울,서울특별시 관악구 봉천동 1-69번지,서울특별시 관악구 청림3길 49 (봉천동),10100,11620,1022188553,,,2022,1,1,0.0,0,1,0,0,unknown,0.667,0,0,0,0,1,low_data_completeness
6a613e9abffdcccb,경기,경기도 고양시 일산동구 식사동 265번지,경기도 고양시 일산동구 견달산로 274 (식사동),10100,41285,11041100325066,식사 라데팡스 1차,,2022,1,1,0.0,0,1,0,0,unknown,0.667,0,0,0,0,1,low_data_completeness
6a6bff41d3da773b,서울,서울특별시 노원구 월계동 18번지,서울특별시 노원구 마들로 31 (월계동),10200,11350,101213199,그랑빌아파트,"지하주차장,기계실,전기실,중앙감시실,대피소",2002,0,1,0.0,1,0,0,0,unknown,0.833,1,1,1,0,1,old_building|non_residential_main_use|basement_or_unknown_floor
6a9b57fee3a35475,경기,경기도 과천시 문원동 15-38번지,경기도 과천시 공원마을3길 38 (문원동),10200,41290,11081100179152,현대빌라,공동주택,2010,0,1,242.0,1,0,0,0,unknown,0.833,0,0,0,0,0,
6a9cc13fcced6e54,경기,경기도 김포시 북변동 200-40번지,경기도 김포시 봉화로 162-2 (북변동),10100,41570,11231100515346,,,2022,1,1,0.0,0,1,0,0,unknown,0.667,0,0,0,0,1,low_data_completeness
6aafd528ea8c9d1f,서울,서울특별시 강서구 방화동 129-2번지,서울특별시 강서구 양천로27길 115-9 (방화동),10900,11500,10171100247765,소담밸리,다세대주택,2022,0,2,40.84,0,0,0,1,unknown,0.833,0,0,1,0,1,basement_or_unknown_floor
6ab23ce58993a4d2,인천,인천광역시 남동구 구월동 2-4번지,,10100,28200,105811818,,단독주택,2022,0,1,56.53,1,0,1,0,unknown,0.833,0,0,0,0,0,
6ad89b4a1d55d0d6,인천,인천광역시 부평구 부평동 10-242번지,인천광역시 부평구 장제로205번길 50 (부평동),10100,28237,1059126235,,다가구주택(5가구),1993,0,1,152.0,1,0,0,0,unknown,0.833,1,0,0,0,1,old_building
6adf814d93fb5abf,인천,인천광역시 서구 백석동 51-34번지,인천광역시 서구 한들로 66-34 (백석동),10100,28260,10611100290870,,체육관,2015,0,1,30.51,1,0,1,0,unknown,0.833,0,1,0,0,1,non_residential_main_use
6ae32f896d70ef5b,경기,경기도 고양시 일산동구 식사동 13-8번지,,10100,41285,11041100436808,저장고(탄24),교정및군사시설,1976,0,1,652295.0,1,0,0,0,unknown,0.833,1,1,0,0,1,old_building|non_residential_main_use
6ae44b306dbd8c14,서울,서울특별시 강남구 대치동 511번지,서울특별시 강남구 삼성로 150 (대치동),10600,11680,1024125040,,,2022,1,1,0.0,0,1,0,0,unknown,0.667,0,0,0,0,1,low_data_completeness
6af0432c3239a882,인천,인천광역시 서구 백석동 블록,인천광역시 서구 한들로 73 (백석동),10100,28260,1000000000000002037449,검암역 로열파크씨티 푸르지오 2단지,,2023,1,1,0.0,0,1,0,0,unknown,0.667,0,0,0,0,1,low_data_completeness
6af474f9aeb1b1de,경기,경기도 광주시 경안동 10-24번지,경기도 광주시 광주대로71번길 6 (경안동),10100,41610,11251100247153,,,2022,1,1,0.0,0,1,0,0,unknown,0.667,0,0,0,0,1,low_data_completeness
6af5cf70dc40454b,인천,인천광역시 계양구 효성동 1-12번지,인천광역시 계양구 길마로88번길 7 (효성동),10100,28245,1060113211,원익그린맨션,,2022,1,1,0.0,0,1,0,0,unknown,0.667,0,0,0,0,1,low_data_completeness
6b07f23d79f36e52,서울,서울특별시 강남구 역삼동 109-19번지,,10100,11680,1024114315,,다가구주택,1998,0,3,534.68,1,0,1,0,unknown,0.833,1,0,0,0,1,old_building
6b0889b3d3d346c8,인천,인천광역시 강화군 강화읍 신문리 60번지,인천광역시 강화군 강화대로403번길 13 (강화읍 신문리),25021,28710,1062114493,,단독주택,1972,0,1,128.0,1,0,0,0,unknown,0.833,1,0,0,0,1,old_building
6b1e26b2a5101269,서울,서울특별시 강남구 역삼동 601-12번지,서울특별시 강남구 강남대로110길 13 (역삼동),10100,11680,1024122628,,근린생활시설,1991,0,1,450.1,1,0,0,0,unknown,0.833,1,1,0,0,1,old_building|non_residential_main_use
6b2b640b58bbb6ec,인천,인천광역시 남동구 구월동 4-10번지,인천광역시 남동구 석산로222번길 37 (구월동),10100,28200,105811903,,"근린생활시설,단독주택",1984,0,1,0.0,1,0,0,0,unknown,0.833,1,0,0,0,1,old_building
6b3f2229ab3706bc,서울,서울특별시 관악구 봉천동 1-474번지,서울특별시 관악구 청림3바길 7 (봉천동),10100,11620,1022119325,,단독주택,1970,0,1,0.0,1,0,0,0,unknown,0.833,1,0,0,0,1,old_building
6b420ae0ff06ed02,인천,인천광역시 부평구 부평동 10-228번지,인천광역시 부평구 길주남로 112-19 (부평동),10100,28237,10591142139,,,2022,1,1,0.0,0,1,0,0,unknown,0.667,0,0,0,0,1,low_data_completeness
6b672c41050b8076,인천,인천광역시 연수구 옥련동 118-20번지,인천광역시 연수구 한진로72번길 32 (옥련동),10100,28185,105718329,,,2022,1,1,0.0,0,1,0,0,unknown,0.667,0,0,1,0,1,basement_or_unknown_floor|low_data_completeness
6b6c2fb786c9b690,인천,인천광역시 부평구 부평동 10-249번지,인천광역시 부평구 주부토로104번길 19 (부평동),10100,28237,10591100256536,위드어스빌 2차,근린생활시설 및 도시형생활주택,2014,0,1,331.0,1,0,0,0,unknown,0.833,0,0,0,0,0,
6b8d2123084e659f,경기,경기도 고양시 일산동구 식사동 13-8번지,,10100,41285,11041100436828,독신숙소,교정및군사시설,2011,0,1,652295.0,1,0,0,0,unknown,0.833,0,1,0,0,1,non_residential_main_use
6b9432ccdb5f6efc,서울,서울특별시 노원구 월계동 12번지,서울특별시 노원구 마들로 127 (월계동),10200,11350,1012141711,,,2022,1,1,0.0,0,1,0,0,unknown,0.667,0,0,0,0,1,low_data_completeness
6ba493cb3487d706,서울,서울특별시 광진구 중곡동 18-96번지,서울특별시 광진구 용마산로22길 11-9 (중곡동),10100,11215,10061790,,주택,1988,0,1,0.0,1,0,0,0,unknown,0.833,1,0,0,0,1,old_building
6ba9c0d27c1994d5,경기,경기도 군포시 당동 14-1번지,경기도 군포시 공단로 149 (당동),10100,41410,111319549,아이밸리 군포,,2022,1,1,0.0,0,1,0,0,unknown,0.667,0,0,1,0,1,basement_or_unknown_floor|low_data_completeness
6bb33ca48cea9c67,인천,인천광역시 연수구 옥련동 118-44번지,인천광역시 연수구 한진로 77 (옥련동),10100,28185,1000000000000005573411,송도역 서해그랑블 더파크,,2025,1,1,0.0,0,1,0,0,unknown,0.667,0,0,0,0,1,low_data_completeness
6bd4df0a9076be1e,서울,서울특별시 강북구 미아동 3-16번지,서울특별시 강북구 오현로 33 (미아동),10100,11305,10101764,,단독주택,1976,0,2,164.3,1,0,1,0,unknown,0.833,1,0,0,0,1,old_building
6bd8b4d0a17fc38a,경기,경기도 구리시 갈매동 136-1번지,경기도 구리시 갈매순환로 233 (갈매동),10100,41310,11091248,,소매점,2007,0,1,150.65,1,0,1,0,unknown,0.833,0,1,0,0,1,non_residential_main_use
6beacaaff0d393f9,서울,서울특별시 구로구 신도림동 271-25번지,서울특별시 구로구 신도림로19길 144 (신도림동),10100,11530,10181100189223,신도림삼성쉐르빌 1,,2022,1,1,0.0,0,1,0,0,unknown,0.667,0,0,0,0,1,low_data_completeness
6c05031e28a8f350,경기,경기도 고양시 일산동구 식사동 236-4번지,경기도 고양시 일산동구 견달산로210번길 45-15 (식사동),10100,41285,11041100226834,루미나리,,2022,1,1,0.0,0,1,0,0,unknown,0.667,0,0,0,0,1,low_data_completeness
6c076539c29c0b61,인천,인천광역시 옹진군 북도면 시도리 15-6번지,인천광역시 옹진군 시도로86번길 336 (북도면 시도리),31021,28720,10631100176857,,소매점,2010,0,2,1263.5,1,0,1,0,unknown,0.833,0,1,0,0,1,non_residential_main_use
6c082c17d5555dca,인천,인천광역시 동구 만석동 1-53번지,인천광역시 동구 보세로26번길 24-36 (만석동),10100,28140,10551100181555,,,2022,1,1,0.0,0,1,0,0,unknown,0.667,0,0,0,0,1,low_data_completeness
6c1292a1f73d37c8,인천,인천광역시 남동구 구월동 3-3번지,인천광역시 남동구 당좌로 49 (구월동),10100,28200,105811821,,단독주택,1993,0,2,311.54,1,0,1,0,unknown,0.833,1,0,0,0,1,old_building
6c1e8067b15bbb39,경기,경기도 고양시 덕양구 주교동 107번지,,10100,41281,110411538,,단독주택,2022,0,1,105.28,1,0,1,0,unknown,0.833,0,0,0,0,0,
6c20c009f00d6ec4,서울,서울특별시 강서구 염창동 57번지,서울특별시 강서구 양천로67길 50-33 (염창동),10100,11500,1017171438,지오빌,아파트,2022,1,2,100.11,0,1,0,1,unknown,0.833,0,0,1,0,1,basement_or_unknown_floor
6c23c6ffe831f116,서울,서울특별시 강서구 공항동 8-5번지,서울특별시 강서구 방화대로19길 3 (공항동),10800,11500,1000000000000003188836,헬리그라프 마곡에디션,다세대주택,2024,0,4,56.61,0,0,0,1,unknown,0.833,0,0,1,0,1,basement_or_unknown_floor
6c26040b0e19148b,경기,경기도 과천시 문원동 15-5번지,경기도 과천시 공원마을1길 39-1 (문원동),10200,41290,11081100186372,문원빌Ⅱ,다가구주택및제1종근린생활시설,2017,0,1,242.0,1,0,0,0,unknown,0.833,0,0,0,0,0,
6c52ea9a3cc12482,인천,인천광역시 강화군 강화읍 신문리 4-2번지,인천광역시 강화군 강화대로393번길 10 (강화읍 신문리),25021,28710,1062137461,,,2022,1,1,0.0,0,1,0,0,unknown,0.667,0,0,0,0,1,low_data_completeness
6c5ef0fbb6a5c80d,경기,경기도 광주시 경안동 9-5번지,,10100,41610,1125113725,,단독주택,1942,0,1,27.16,1,0,1,0,unknown,0.833,1,0,0,0,1,old_building
6c6cba0df19a018e,경기,경기도 고양시 일산동구 식사동 231번지,경기도 고양시 일산동구 견달산로210번길 47-3 (식사동),10100,41285,11041100326647,드림팰리스,,2022,1,1,0.0,0,1,0,0,unknown,0.667,0,0,0,0,1,low_data_completeness
6c742a6ad8e5eccc,경기,경기도 군포시 당동 14-1번지,경기도 군포시 공단로 149 (당동),10100,41410,111319592,아이밸리 군포,,2022,1,1,0.0,0,1,0,0,unknown,0.667,0,0,1,0,1,basement_or_unknown_floor|low_data_completeness
6c8a67a828935902,인천,인천광역시 동구 만석동 2-15번지,인천광역시 동구 인중로 423 (만석동),10100,28140,10551100183301,,창고,2015,0,1,0.0,1,0,0,0,unknown,0.833,0,1,0,0,1,non_residential_main_use
6c8aa805a9a6da87,서울,서울특별시 강북구 미아동 3-11번지,서울특별시 강북구 오현로9길 17 (미아동),10100,11305,10101100194970,동방플러스빌,,2022,1,1,0.0,0,1,0,0,unknown,0.667,0,0,0,0,1,low_data_completeness
6c9019b65f46aaae,인천,인천광역시 옹진군 북도면 모도리 267-1번지,인천광역시 옹진군 모도로140번길 19-16 (북도면 모도리),31023,28720,1000000000000001872416,모도파라다이스,,2023,1,1,0.0,0,1,0,0,unknown,0.667,0,0,0,0,1,low_data_completeness
6c9b80e23dd9997d,경기,경기도 광주시 경안동,,10100,41610,1125110799,,단독주택,2022,0,1,17.02,1,0,1,0,unknown,0.833,0,0,0,0,0,
6c9f321f96c1cf66,인천,인천광역시 서구 백석동 51-34번지,인천광역시 서구 한들로 66-34 (백석동),10100,28260,10611100310414,,체육관,2017,0,1,18.0,1,0,1,0,unknown,0.833,0,1,0,0,1,non_residential_main_use
6ca903ae45657d42,서울,서울특별시 강서구 등촌동 14-7번지,서울특별시 강서구 양천로 424 (등촌동),10200,11500,10171100352359,가양역 데시앙플렉스 지식산업센터,기타공장,2022,0,2,133.04,0,0,0,1,unknown,0.833,0,1,1,0,1,non_residential_main_use|basement_or_unknown_floor
6ce038e3b905c987,경기,경기도 고양시 일산서구 일산동 524-16번지,경기도 고양시 일산서구 일중로 17 (일산동),10100,41287,11041325936,포오스프라자,,2022,1,1,0.0,0,1,0,0,unknown,0.667,0,0,0,0,1,low_data_completeness
6ce89748f08b5962,인천,인천광역시 서구 백석동 블록,인천광역시 서구 한들로 73 (백석동),10100,28260,1000000000000002035255,검암역 로열파크씨티 푸르지오 2단지,,2023,1,1,0.0,0,1,0,0,unknown,0.667,0,0,0,0,1,low_data_completeness
6cef11dbde8d2de9,서울,서울특별시 강북구 미아동 3-9번지,서울특별시 강북구 오현로9길 23 (미아동),10100,11305,1010130820,,다세대주택,2022,1,3,70.37,0,1,0,1,unknown,0.833,0,0,1,0,1,basement_or_unknown_floor
6cf888b57fe20028,서울,서울특별시 노원구 월계동 12번지,서울특별시 노원구 마들로 127 (월계동),10200,11350,10121134237,,,2022,1,1,0.0,0,1,0,0,unknown,0.667,0,0,0,0,1,low_data_completeness
6cfecd7a7bd7c48c,인천,인천광역시 남동구 구월동 3-14번지,인천광역시 남동구 석산로228번길 7-1 (구월동),10100,28200,1058127531,동부주택2동,,2022,1,1,0.0,0,1,0,0,unknown,0.667,0,0,0,0,1,low_data_completeness
6d088c5a6678c95f,인천,인천광역시 옹진군 백령면 진촌리 959-4번지,인천광역시 옹진군 백령로278번길 133-20 (백령면 진촌리),33021,28720,10631100209093,백령 공공실버 마을,,2022,1,1,0.0,0,1,0,0,unknown,0.667,0,0,0,0,1,low_data_completeness
6d0ea0ff53c5d743,경기,경기도 가평군 가평읍 읍내리 214번지,경기도 가평군 가평제방길 233 (가평읍 읍내리),25021,41820,1000000000000002714785,힐스테이트 가평 더뉴클래스,,2023,1,1,0.0,0,1,0,0,unknown,0.667,0,0,0,0,1,low_data_completeness
6d1bde4de202cd3a,경기,경기도 고양시 덕양구 주교동 251-10번지,경기도 고양시 덕양구 원당로33번길 58 (주교동),10100,41281,110419771,,근린생활시설,1998,0,1,330.0,1,0,0,0,unknown,0.833,1,1,0,0,1,old_building|non_residential_main_use
6d1e3e1679f3e884,인천,인천광역시 서구 백석동 22-6번지,인천광역시 서구 독정로 16-14 (백석동),10100,28260,10611100368845,,단독주택,2020,0,2,813.88,1,0,1,0,unknown,0.833,0,0,0,0,0,
6d21ce149f449bc5,경기,경기도 고양시 덕양구 주교동 38-13번지,경기도 고양시 덕양구 원당로 112 (주교동),10100,41281,11041100458204,고양 엘림프라자,,2022,1,1,0.0,0,1,0,0,unknown,0.667,0,0,0,0,1,low_data_completeness
6d4b2808cc0fc311,인천,인천광역시 계양구 효성동 8-1번지,인천광역시 계양구 새벌로171번길 11-1 (효성동),10100,28245,106012081,대경넥스텔,공동주택,2002,0,1,0.0,1,0,0,0,unknown,0.833,1,0,0,0,1,old_building
6d524a78c3d8265c,인천,인천광역시 부평구 부평동 10-228번지,인천광역시 부평구 길주남로 112-19 (부평동),10100,28237,10591142147,,,2022,1,1,0.0,0,1,0,0,unknown,0.667,0,0,0,0,1,low_data_completeness
6d6657543a1a14e6,인천,인천광역시 계양구 효성동 1-11번지,인천광역시 계양구 길마로88번길 5 (효성동),10100,28245,1060113194,원익그린맨션,,2022,1,1,0.0,0,1,0,0,unknown,0.667,0,0,0,0,1,low_data_completeness
6d669ccf3f8661e2,인천,인천광역시 중구 중앙동1가 12-1번지,인천광역시 중구 신포로23번길 94 (중앙동1가),10100,28110,10541613,,제2종근린생활시설,1971,0,1,115.7,1,0,0,0,unknown,0.833,1,1,0,0,1,old_building|non_residential_main_use
6d6e5733c6e67703,경기,경기도 광주시 경안동,,10100,41610,1125110797,,단독주택,2022,0,1,34.78,1,0,1,0,unknown,0.833,0,0,0,0,0,
6d6e8942367a3333,인천,인천광역시 남동구 구월동 3-28번지,인천광역시 남동구 석산로 224-1 (구월동),10100,28200,105816255,,공동주택,1992,0,1,0.0,1,0,0,0,unknown,0.833,1,0,0,0,1,old_building
6d8aedf87cc96e23,경기,경기도 군포시 당동 115-21번지,경기도 군포시 산본로179번길 15 (당동),10100,41410,11131546,,근린생활시설및주택,1987,0,1,0.0,1,0,0,0,unknown,0.833,1,0,0,0,1,old_building
6d90d2177763a30c,서울,서울특별시 노원구 월계동 12번지,서울특별시 노원구 마들로 127 (월계동),10200,11350,1012141696,,,2022,1,1,0.0,0,1,0,0,unknown,0.667,0,0,0,0,1,low_data_completeness
6d91ea4f08156189,서울,서울특별시 강서구 내발산동 647번지,서울특별시 강서구 강서로52길 43 (내발산동),10600,11500,1000000000000002238210,DH647,오피스텔,2023,0,4,111.01,0,0,0,1,unknown,0.833,0,0,1,0,1,basement_or_unknown_floor
6dc457ea5b05f4f7,서울,서울특별시 도봉구 쌍문동 7-22번지,서울특별시 도봉구 도봉로139길 63 (쌍문동),10500,11320,101114163,,다세대주택,2001,0,5,561.27,1,0,1,0,unknown,0.833,1,0,0,0,1,old_building
6dca8a59edcbf22a,서울,서울특별시 강서구 염창동 65번지,서울특별시 강서구 양천로67길 71-3 (염창동),10100,11500,10171100318512,진영리버타운,,2022,1,1,0.0,0,1,0,0,unknown,0.667,0,0,0,0,1,low_data_completeness
6dcbcf41e3cc7f15,경기,경기도 광명시 광명동 24-39번지,,10100,41210,10981738,,단독주택,1975,0,1,119.0,1,0,0,0,unknown,0.833,1,0,0,0,1,old_building
6dcf218e641a92f6,경기,경기도 고양시 일산서구 일산동 551-21번지,경기도 고양시 일산서구 일중로55번길 28 (일산동),10100,41287,11041324484,,,2022,1,1,0.0,0,1,0,0,unknown,0.667,0,0,0,0,1,low_data_completeness
6dd6fc885dfabfdd,경기,경기도 광명시 광명동 22-4번지,경기도 광명시 광삼로13번길 39-1 (광명동),10100,41210,10981693,,단독주택,1990,0,3,579.7,1,0,1,0,unknown,0.833,1,0,0,0,1,old_building
6ddbbcb5db897d28,경기,경기도 광주시 경안동 11-39번지,경기도 광주시 광주대로71번길 16-8 (경안동),10100,41610,1125119780,,주택.보일러실,1987,0,1,0.0,1,0,0,0,unknown,0.833,1,0,0,0,1,old_building
6de2630665097581,서울,서울특별시 강서구 염창동 104번지,,10100,11500,1017118192,,주택,2022,0,1,0.0,1,0,0,0,unknown,0.833,0,0,0,0,0,
6de4c00fd863429d,인천,인천광역시 서구 백석동 블록,인천광역시 서구 한들로 33 (백석동),10100,28260,1000000000000002033316,검암역 로열파크씨티 푸르지오 1단지,,2023,1,1,0.0,0,1,0,0,unknown,0.667,0,0,0,0,1,low_data_completeness
6defa685a3d05ff1,서울,서울특별시 광진구 중곡동 18-3번지,서울특별시 광진구 용마산로28길 6 (중곡동),10100,11215,10061100205913,,,2022,1,1,0.0,0,1,0,0,unknown,0.667,0,0,0,0,1,low_data_completeness
6df19c75b1dfbe4b,인천,인천광역시 남동구 구월동 3-8번지,인천광역시 남동구 석산로 230 (구월동),10100,28200,10581100314403,호진다온채,,2022,1,1,0.0,0,1,0,0,unknown,0.667,0,0,0,0,1,low_data_completeness
6e2f435bb1ff5309,서울,서울특별시 강서구 개화동 421-70번지,서울특별시 강서구 개화동로5길 9-11 (개화동),11000,11500,10171100238155,경동 미르웰,다세대주택,2022,0,1,30.95,0,0,0,1,unknown,0.833,0,0,0,0,0,
6e4cdd972caa1a61,인천,인천광역시 옹진군 북도면 신도리 514-2번지,인천광역시 옹진군 신도로896번길 31 (북도면 신도리),31022,28720,106318378,영광빌라,,2022,1,1,0.0,0,1,0,0,unknown,0.667,0,0,0,0,1,low_data_completeness
6e776cf2ada9f5b4,서울,서울특별시 강동구 명일동 15번지,서울특별시 강동구 고덕로 210 (명일동),10100,11740,1026139211,삼익그린맨션,,2022,1,1,0.0,0,1,0,0,unknown,0.667,0,0,0,0,1,low_data_completeness
6e8a11847aa8d0fe,서울,서울특별시 강동구 명일동 48-13번지,서울특별시 강동구 동남로71길 32 (명일동),10100,11740,102617812,환타지아,제2종근린생활시설외2,2004,0,1,617.8,1,0,0,0,unknown,0.833,1,1,0,0,1,old_building|non_residential_main_use
6e8a9a044fc3177b,서울,서울특별시 광진구 중곡동 18-61번지,서울특별시 광진구 용마산로 134 (중곡동),10100,11215,10061765,,자동차관련시설,2004,0,1,168.9,1,0,0,0,unknown,0.833,1,1,0,0,1,old_building|non_residential_main_use
6e8fdc50cb058ff3,인천,인천광역시 미추홀구 숭의동 1-10번지,인천광역시 미추홀구 경인로 150 (숭의동),10100,28177,10561100237760,한우리,,2022,1,1,0.0,0,1,0,0,unknown,0.667,0,0,0,0,1,low_data_completeness
6e9b92d7855fe633,인천,인천광역시 서구 백석동 51-34번지,인천광역시 서구 한들로 66-34 (백석동),10100,28260,10611100290869,,체육관,2015,0,2,63.0,1,0,1,0,unknown,0.833,0,1,0,0,1,non_residential_main_use
6ede69b1a5b3c179,서울,서울특별시 강북구 미아동 3-10번지,서울특별시 강북구 오현로9길 19 (미아동),10100,11305,1010130833,,연립주택,2022,1,1,39.69,0,1,0,1,unknown,0.833,0,0,0,0,0,
6ef57d5bf9efaae5,서울,서울특별시 강서구 염창동 65번지,서울특별시 강서구 양천로67길 71-3 (염창동),10100,11500,10171100318510,진영리버타운,,2022,1,1,0.0,0,1,0,0,unknown,0.667,0,0,0,0,1,low_data_completeness
6efd4e7e967e4f99,서울,서울특별시 금천구 가산동 50-3번지,서울특별시 금천구 벚꽃로 298 (가산동),10100,11545,10191100191297,대륭 포스트타워 6차,,2022,1,1,0.0,0,1,0,0,unknown,0.667,0,0,0,0,1,low_data_completeness
6efd96505e156e22,서울,서울특별시 노원구 월계동 13번지,서울특별시 노원구 마들로 111 (월계동),10200,11350,101211578,,"노인정,독서실",1986,0,1,0.0,1,0,0,0,unknown,0.833,1,1,0,0,1,old_building|non_residential_main_use
6f00bff632644942,서울,서울특별시 강서구 개화동 421-70번지,서울특별시 강서구 개화동로5길 9-11 (개화동),11000,11500,10171100238145,경동 미르웰,다세대주택,2022,0,1,31.47,0,0,0,1,unknown,0.833,0,0,0,0,0,
6f058716d77506bc,서울,서울특별시 강서구 방화동 129-2번지,서울특별시 강서구 양천로27길 115-9 (방화동),10900,11500,10171100247758,소담밸리,다세대주택,2022,0,2,44.83,0,0,0,1,unknown,0.833,0,0,1,0,1,basement_or_unknown_floor
6f0cc1ea7f1a4a8f,인천,인천광역시 계양구 효성동 1-77번지,인천광역시 계양구 새벌로 177-1 (효성동),10100,28245,106012074,삼성하이츠맨션,공동주택,2002,0,1,222.0,1,0,0,0,unknown,0.833,1,0,0,0,1,old_building
6f163f5c7df8a31e,서울,서울특별시 금천구 가산동 29-16번지,서울특별시 금천구 벚꽃로56길 64-7 (가산동),10100,11545,101913989,,단독주택,1991,0,1,123.9,1,0,0,0,unknown,0.833,1,0,0,0,1,old_building
6f24a9769749ab3e,서울,서울특별시 도봉구 쌍문동 20-4번지,서울특별시 도봉구 도당로 6 (쌍문동),10500,11320,101114173,쌍문동LG트윈빌2,"공동주택, 근린생활시설, 운동시설, 판매시설",1999,0,1,2144.0,1,0,0,0,unknown,0.833,1,0,0,0,1,old_building
6f4117c7c2261fbe,서울,서울특별시 광진구 중곡동 18-23번지,서울특별시 광진구 용마산로 138 (중곡동),10100,11215,1006127435,,,2022,1,1,0.0,0,1,0,0,unknown,0.667,0,0,0,0,1,low_data_completeness
6f6029147eef9fae,경기,경기도 가평군 가평읍 읍내리 128-8번지,경기도 가평군 잎너비길 32 (가평읍 읍내리),25021,41820,11301100212826,,단독주택,2014,0,1,290.0,1,0,0,0,unknown,0.833,0,0,0,0,0,
6f65536a4db4584c,서울,서울특별시 강서구 마곡동 5-1번지,서울특별시 강서구 양천로47길 104-5 (마곡동),10500,11500,10171100295801,갤럭시오피스텔마곡2,다세대주택,2022,0,3,39.07,0,0,0,1,unknown,0.833,0,0,1,0,1,basement_or_unknown_floor
6f824360eb6a9551,서울,서울특별시 관악구 봉천동 1-1116번지,서울특별시 관악구 청림3길 84 (봉천동),10100,11620,1022191857,,,2022,1,1,0.0,0,1,0,0,unknown,0.667,0,0,0,0,1,low_data_completeness
6f8f793219a3294b,서울,서울특별시 강북구 미아동 3-217번지,서울특별시 강북구 도봉로18다길 21-14 (미아동),10100,11305,10101887,,단독주택,1997,0,1,188.0,1,0,0,0,unknown,0.833,1,0,0,0,1,old_building
6f92e616c0499d3e,경기,경기도 김포시 북변동 200-22번지,경기도 김포시 봉화로 160 (북변동),10100,41570,112313658,,"제2종근린생활시설, 단독주택,교육연구및복지시설",2005,0,1,187.0,1,0,0,0,unknown,0.833,1,0,0,0,1,old_building
6f9517bd9c5c8115,인천,인천광역시 부평구 부평동 10-230번지,인천광역시 부평구 주부토로100번길 8 (부평동),10100,28237,1059118551,,다가구주택,1993,0,1,212.0,1,0,0,0,unknown,0.833,1,0,0,0,1,old_building
6f9c9c93330fc66a,경기,경기도 고양시 덕양구 주교동 272-1번지,경기도 고양시 덕양구 원당로59번길 94-7 (주교동),10100,41281,11041117541,윤창아파트,,2022,1,1,0.0,0,1,0,0,unknown,0.667,0,0,1,0,1,basement_or_unknown_floor|low_data_completeness
6fa4040e57ad6b6f,서울,서울특별시 도봉구 쌍문동 11-17번지,서울특별시 도봉구 방학로7길 41 (쌍문동),10500,11320,10111100208256,젬스톤빌리지,,2022,1,1,0.0,0,1,0,0,unknown,0.667,0,0,0,0,1,low_data_completeness
6fcc1e3256ad997c,인천,인천광역시 연수구 옥련동 118-3번지,인천광역시 연수구 비류대로144번길 23-4 (옥련동),10100,28185,105718291,,,2022,1,1,0.0,0,1,0,0,unknown,0.667,0,0,1,0,1,basement_or_unknown_floor|low_data_completeness
6fd1ca6dc6e44930,경기,경기도 과천시 문원동 15-15번지,경기도 과천시 공원마을1길 38 (문원동),10200,41290,11081100182906,,,2022,1,1,0.0,0,1,0,0,unknown,0.667,0,0,0,0,1,low_data_completeness
6fd2871b3b315078,서울,서울특별시 노원구 월계동 18번지,서울특별시 노원구 마들로 31 (월계동),10200,11350,101213187,그랑빌아파트,경비실,2002,0,1,0.0,1,0,0,0,unknown,0.833,1,1,0,0,1,old_building|non_residential_main_use
7007b6599fe49b51,경기,경기도 광명시 광명동 24-79번지,경기도 광명시 광삼로13번길 30-5 (광명동),10100,41210,10981755,,단독주택,1990,0,1,0.0,1,0,0,0,unknown,0.833,1,0,0,0,1,old_building
7008121b994cb4f1,서울,서울특별시 구로구 신도림동 271-25번지,서울특별시 구로구 신도림로19길 144 (신도림동),10100,11530,10181100189320,신도림삼성쉐르빌 1,,2022,1,1,0.0,0,1,0,0,unknown,0.667,0,0,0,0,1,low_data_completeness
702882d11cf23081,경기,경기도 구리시 갈매동 484-8번지,경기도 구리시 갈매길 113-13 (갈매동),10100,41310,11091100178547,,,2022,1,1,0.0,0,1,0,0,unknown,0.667,0,0,0,0,1,low_data_completeness
702ca259d00d5d49,인천,인천광역시 미추홀구 숭의동 1-10번지,인천광역시 미추홀구 경인로 150 (숭의동),10100,28177,10561100237789,한우리,,2022,1,1,0.0,0,1,0,0,unknown,0.667,0,0,0,0,1,low_data_completeness
704226cfc07b0bfd,인천,인천광역시 동구 만석동 1-53번지,인천광역시 동구 보세로26번길 24-36 (만석동),10100,28140,10551100181545,,,2022,1,1,0.0,0,1,0,0,unknown,0.667,0,0,0,0,1,low_data_completeness
706fb5142b16b061,인천,인천광역시 동구 만석동 2-370번지,인천광역시 동구 만석부두로13번길 47 (만석동),10100,28140,10551100174246,,,2022,1,1,0.0,0,1,0,0,unknown,0.667,0,0,0,0,1,low_data_completeness
707eced275a851c8,경기,경기도 김포시 북변동 152-10번지,경기도 김포시 중봉로115번길 42-32 (북변동),10100,41570,11231100223359,,제조업소,2011,0,1,248.6,1,0,1,0,unknown,0.833,0,1,0,0,1,non_residential_main_use
70a752a33844f543,서울,서울특별시 강남구 대치동 511번지,서울특별시 강남구 삼성로 150 (대치동),10600,11680,1024125640,한보미도맨션208동,,2022,1,1,0.0,0,1,0,0,unknown,0.667,0,0,0,0,1,low_data_completeness
70a9b678f9e11ac5,서울,서울특별시 강북구 미아동 3-78번지,서울특별시 강북구 오패산로30가길 6 (미아동),10100,11305,10101793,,다가구용 단독주택(4가구),1993,0,1,77.83,1,0,0,0,unknown,0.833,1,0,0,0,1,old_building
70ac0e082dedf0e5,경기,경기도 김포시 북변동 200-19번지,경기도 김포시 봉화로 164 (북변동),10100,41570,1123140607,한터하이빌,,2022,1,1,0.0,0,1,0,0,unknown,0.667,0,0,0,0,1,low_data_completeness
70b56982f76a4b8c,인천,인천광역시 연수구 옥련동 116-18번지,인천광역시 연수구 비류대로146번길 7 (옥련동),10100,28185,10571615,,주택,1985,0,1,0.0,1,0,0,0,unknown,0.833,1,0,0,0,1,old_building
70b59e0c78dd64c3,경기,경기도 고양시 덕양구 주교동 38-13번지,경기도 고양시 덕양구 원당로 112 (주교동),10100,41281,11041100458219,고양 엘림프라자,,2022,1,1,0.0,0,1,0,0,unknown,0.667,0,0,0,0,1,low_data_completeness
70ccb2e2dbf308c6,서울,서울특별시 구로구 신도림동 281-29번지,서울특별시 구로구 신도림로15길 81 (신도림동),10100,11530,1018111647,,"근린생활시설, 창고",1998,0,1,165.02,1,0,0,0,unknown,0.833,1,1,0,0,1,old_building|non_residential_main_use
70cf1f642c2c3fd0,인천,인천광역시 연수구 옥련동 81-68번지,인천광역시 연수구 독배로 111 (옥련동),10100,28185,10571585,,단독주택,1985,0,1,67.06,1,0,1,0,unknown,0.833,1,0,0,0,1,old_building
70d470eaa526e2bc,경기,경기도 과천시 문원동 15-11번지,경기도 과천시 공원마을1길 54 (문원동),10200,41290,11081166,문원다목적센터,동사무소,1997,0,1,477.0,1,0,0,0,unknown,0.833,1,1,0,0,1,old_building|non_residential_main_use
70d52a7ccc75a6aa,인천,인천광역시 남동구 구월동 3-106번지,인천광역시 남동구 석산로228번길 15 (구월동),10100,28200,10581100321722,삼성빌라,공동주택,2019,0,1,729.5,1,0,0,0,unknown,0.833,0,0,0,0,0,
70d5ce5a812c1a11,서울,서울특별시 노원구 월계동 18번지,서울특별시 노원구 마들로1가길 121 (월계동),10200,11350,101213194,그랑빌아파트,유치원,2002,0,1,0.0,1,0,0,0,unknown,0.833,1,1,0,0,1,old_building|non_residential_main_use
710ac56a55edf084,경기,경기도 군포시 당동 134-1번지,경기도 군포시 군포역1길 39 (당동),10100,41410,11131555,,사무실,1978,0,1,0.0,1,0,0,0,unknown,0.833,1,1,0,0,1,old_building|non_residential_main_use
7113822bfc4bc0fc,서울,서울특별시 도봉구 쌍문동 11-3번지,서울특별시 도봉구 도봉로139길 80-9 (쌍문동),10500,11320,10111100193049,,,2022,1,1,0.0,0,1,0,0,unknown,0.667,0,0,0,0,1,low_data_completeness
7119ace24117809a,인천,인천광역시 중구 중앙동3가 4-8번지,인천광역시 중구 홍예문로 7 (중앙동3가),10300,28110,1054115570,,,2022,1,1,0.0,0,1,0,0,unknown,0.667,0,0,0,0,1,low_data_completeness
7122ea06c092ec3a,서울,서울특별시 노원구 월계동 13번지,서울특별시 노원구 마들로 59 (월계동),10200,11350,101211609,,아파트,1986,0,1,0.0,1,0,0,0,unknown,0.833,1,0,0,0,1,old_building
71287c1d65ff20a3,서울,서울특별시 구로구 신도림동 271-25번지,서울특별시 구로구 신도림로19길 144 (신도림동),10100,11530,10181100189339,신도림삼성쉐르빌 1,,2022,1,1,0.0,0,1,0,0,unknown,0.667,0,0,0,0,1,low_data_completeness
713bfae2d218e510,서울,서울특별시 강동구 명일동 15번지,서울특별시 강동구 고덕로 210 (명일동),10100,11740,1026188623,삼익그린맨션,,2022,1,1,0.0,0,1,0,0,unknown,0.667,0,0,0,0,1,low_data_completeness
71413d61ae6e8ece,서울,서울특별시 강남구 역삼동 607-4번지,서울특별시 강남구 봉은사로26길 23 (역삼동),10100,11680,1024121739,,"제2종근린생활시설,단독주택",2004,0,1,164.6,1,0,0,0,unknown,0.833,1,0,0,0,1,old_building
714c43f5b29d355f,인천,인천광역시 연수구 옥련동 118-44번지,인천광역시 연수구 한진로 77 (옥련동),10100,28185,1000000000000005573133,송도역 서해그랑블 더파크,,2025,1,1,0.0,0,1,0,0,unknown,0.667,0,0,0,0,1,low_data_completeness
7157dc3a9a798dd8,경기,경기도 고양시 일산동구 식사동 13-8번지,,10100,41285,11041100436818,저장고(탄29),국방ㆍ군사시설,1976,0,1,652578.36,1,0,1,0,unknown,0.833,1,1,0,0,1,old_building|non_residential_main_use
7162fb14c3bf20fd,인천,인천광역시 옹진군 백령면 진촌리 959-4번지,인천광역시 옹진군 백령로278번길 133-20 (백령면 진촌리),33021,28720,10631100209091,백령 공공실버 마을,,2022,1,1,0.0,0,1,0,0,unknown,0.667,0,0,0,0,1,low_data_completeness
716f06cf791aa41e,경기,경기도 광명시 광명동 24-70번지,경기도 광명시 광삼로13번길 30-18 (광명동),10100,41210,10981751,,단독주택,1975,0,1,136.0,1,0,0,0,unknown,0.833,1,0,0,0,1,old_building
71949dc01f77445c,인천,인천광역시 연수구 옥련동 41번지,,10100,28185,10571462,,단독주택,2022,0,1,40.0,1,0,1,0,unknown,0.833,0,0,0,0,0,
7195805540f71e3e,경기,경기도 가평군 가평읍 읍내리 97-5번지,경기도 가평군 잎너비길 17-78 (가평읍 읍내리),25021,41820,11301100254354,2동,생활숙박시설,2018,0,2,189.28,1,0,1,0,unknown,0.833,0,1,0,0,1,non_residential_main_use
71ad603bce9eee8b,서울,서울특별시 구로구 신도림동 281-36번지,서울특별시 구로구 신도림로15길 87 (신도림동),10100,11530,1018117381,,근린생활시설,1976,0,1,0.0,1,0,0,0,unknown,0.833,1,1,0,0,1,old_building|non_residential_main_use
71afb7795e2ceaa1,인천,인천광역시 중구 중앙동3가 4-8번지,인천광역시 중구 홍예문로 7 (중앙동3가),10300,28110,1054115473,,,2022,1,1,0.0,0,1,0,0,unknown,0.667,0,0,0,0,1,low_data_completeness
71afc59b572b5ede,인천,인천광역시 계양구 효성동 1-11번지,인천광역시 계양구 길마로88번길 5 (효성동),10100,28245,1060113193,원익그린맨션,,2022,1,1,0.0,0,1,0,0,unknown,0.667,0,0,0,0,1,low_data_completeness
71b0847158f00154,인천,인천광역시 연수구 옥련동 116-21번지,인천광역시 연수구 비류대로 148 (옥련동),10100,28185,10571617,,"근린생활시설, 주택",1996,0,1,364.0,1,0,0,0,unknown,0.833,1,0,0,0,1,old_building
71b5944d09f66374,인천,인천광역시 계양구 효성동 7-2번지,인천광역시 계양구 새벌로171번길 16 (효성동),10100,28245,106012078,대정하이츠,다세대주택,1995,0,1,0.0,1,0,0,0,unknown,0.833,1,0,0,0,1,old_building
71ca5e44eea297bd,인천,인천광역시 남동구 구월동 3-14번지,인천광역시 남동구 석산로228번길 7-1 (구월동),10100,28200,105816252,동부주택2동,다세대주택,2003,0,5,956.62,1,0,1,0,unknown,0.833,1,0,0,0,1,old_building
71e18bf3a25121da,서울,서울특별시 금천구 가산동 50-3번지,서울특별시 금천구 벚꽃로 298 (가산동),10100,11545,10191100193586,대륭 포스트타워 6차,,2022,1,1,0.0,0,1,0,0,unknown,0.667,0,0,0,0,1,low_data_completeness
71faf661101f864e,인천,인천광역시 중구 중앙동3가 4-8번지,인천광역시 중구 홍예문로 7 (중앙동3가),10300,28110,1054115578,,,2022,1,1,0.0,0,1,0,0,unknown,0.667,0,0,0,0,1,low_data_completeness
71fe0a2a70309db6,인천,인천광역시 남동구 구월동 3-5번지,인천광역시 남동구 석산로 230-3 (구월동),10100,28200,1058127519,조은그린빌,,2022,1,1,0.0,0,1,0,0,unknown,0.667,0,0,0,0,1,low_data_completeness
720d903c288e8809,서울,서울특별시 노원구 월계동 12번지,서울특별시 노원구 마들로 127 (월계동),10200,11350,10121182583,,,2022,1,1,0.0,0,1,0,0,unknown,0.667,0,0,0,0,1,low_data_completeness
72178b03ed0b9a10,인천,인천광역시 중구 중앙동1가 15-2번지,인천광역시 중구 신포로23번길 98 (중앙동1가),10100,28110,1054115409,중앙파크빌,,2022,1,1,0.0,0,1,0,0,unknown,0.667,0,0,0,0,1,low_data_completeness
72193282609d52e8,경기,경기도 구리시 갈매동 510번지,경기도 구리시 갈매순환로204번길 65 (갈매동),10100,41310,11091100207144,구리 스마트벤처타워,,2022,1,1,0.0,0,1,0,0,unknown,0.667,0,0,0,0,1,low_data_completeness
721c37b0a7243407,경기,경기도 고양시 일산동구 식사동 13-8번지,,10100,41285,11041100436807,저장고(탄23),교정및군사시설,1976,0,1,652295.0,1,0,0,0,unknown,0.833,1,1,0,0,1,old_building|non_residential_main_use
72369091afd0dd53,인천,인천광역시 연수구 옥련동 118-20번지,인천광역시 연수구 한진로72번길 32 (옥련동),10100,28185,105718336,,,2022,1,1,0.0,0,1,0,0,unknown,0.667,0,0,1,0,1,basement_or_unknown_floor|low_data_completeness
72377ffaf3388e26,인천,인천광역시 강화군 강화읍 신문리 2-6번지,인천광역시 강화군 강화대로409번길 3-2 (강화읍 신문리),25021,28710,106218243,,일반음식점,1985,0,4,596.08,1,0,1,0,unknown,0.833,1,1,0,0,1,old_building|non_residential_main_use
7238148fb5878853,인천,인천광역시 계양구 효성동 8-17번지,인천광역시 계양구 새벌로171번길 9 (효성동),10100,28245,106012084,대경넥스텔,공동주택,2002,0,1,0.0,1,0,0,0,unknown,0.833,1,0,0,0,1,old_building
72453bbbbb52eac6,서울,서울특별시 강북구 미아동 3-229번지,서울특별시 강북구 도봉로18다길 21-9 (미아동),10100,11305,10101893,,단독주택(다가구용),1995,0,1,139.0,1,0,0,0,unknown,0.833,1,0,0,0,1,old_building
726ffea3b37e2ba1,인천,인천광역시 남동구 구월동 3-26번지,인천광역시 남동구 석산로228번길 29 (구월동),10100,28200,10581100331198,삼성주택,,2022,1,1,0.0,0,1,0,0,unknown,0.667,0,0,0,0,1,low_data_completeness
7277133107a8020e,서울,서울특별시 강남구 대치동 511번지,서울특별시 강남구 삼성로 150 (대치동),10600,11680,1024124965,한보미도맨션206동,,2022,1,1,0.0,0,1,0,0,unknown,0.667,0,0,0,0,1,low_data_completeness
7281dfd70c42ef9f,경기,경기도 과천시 문원동,경기도 과천시 문원로 107 (문원동),10200,41290,11081315,,주택,2022,0,1,0.0,1,0,0,0,unknown,0.833,0,0,0,0,0,
7287396765eb2444,경기,경기도 고양시 일산서구 일산동 518번지,,10100,41287,11041229708,,단독주택,2022,0,1,314.62,1,0,1,0,unknown,0.833,0,0,0,0,0,
72a9581c4d953fa6,서울,서울특별시 구로구 신도림동 280-12번지,서울특별시 구로구 신도림로11라길 47 (신도림동),10100,11530,1018124009,,근린생활시설,1993,0,1,152.0,1,0,0,0,unknown,0.833,1,1,0,0,1,old_building|non_residential_main_use
72a99a111149cea8,서울,서울특별시 관악구 봉천동 1-70번지,서울특별시 관악구 청림3다길 12 (봉천동),10100,11620,1022197286,,,2022,1,1,0.0,0,1,0,0,unknown,0.667,0,0,0,0,1,low_data_completeness
72acf56db905a6fb,인천,인천광역시 서구 백석동 58번지,인천광역시 서구 맑은누리로 474 (백석동),10100,28260,10611100320502,,기타자원순환관련시설,2022,0,1,84.7,0,0,1,0,unknown,0.667,0,1,0,0,1,non_residential_main_use|low_data_completeness
72b29ceb027d2f38,경기,경기도 군포시 당동 66-3번지,경기도 군포시 군포로580번길 1-1 (당동),10100,41410,11131533,,제2종근린생활시설,2004,0,1,329.0,1,0,0,0,unknown,0.833,1,1,0,0,1,old_building|non_residential_main_use
72bb5fed1af6184c,경기,경기도 가평군 가평읍 읍내리 128-4번지,경기도 가평군 잎너비길 38 (가평읍 읍내리),25021,41820,11301100181565,,단독주택,2008,0,1,416.0,1,0,0,0,unknown,0.833,0,0,0,0,0,
72c6d629cbb739e0,서울,서울특별시 강북구 미아동 3-12번지,서울특별시 강북구 오현로9길 13 (미아동),10100,11305,10101100195791,,,2022,1,1,0.0,0,1,0,0,unknown,0.667,0,0,0,0,1,low_data_completeness
72c9a85cf4e790e1,경기,경기도 군포시 당동 14-1번지,경기도 군포시 공단로 149 (당동),10100,41410,111319569,아이밸리 군포,,2022,1,1,0.0,0,1,0,0,unknown,0.667,0,0,1,0,1,basement_or_unknown_floor|low_data_completeness
72cbfd34b739dc2d,서울,서울특별시 광진구 중곡동 18-23번지,서울특별시 광진구 용마산로 138 (중곡동),10100,11215,1006127440,,,2022,1,1,0.0,0,1,0,0,unknown,0.667,0,0,0,0,1,low_data_completeness
72e74b83d65a0537,서울,서울특별시 강남구 역삼동 601-25번지,서울특별시 강남구 강남대로110길 19-4 (역삼동),10100,11680,1024179343,,다세대주택,2022,0,1,54.9,0,0,0,1,unknown,0.833,0,0,0,0,0,
72f608ee54bea162,경기,경기도 고양시 덕양구 주교동 127-6번지,,10100,41281,1104115259,,단독주택,2022,0,1,22.62,1,0,1,0,unknown,0.833,0,0,0,0,0,
7302254411899b11,서울,서울특별시 금천구 가산동 50-3번지,서울특별시 금천구 벚꽃로 298 (가산동),10100,11545,10191100191091,대륭 포스트타워 6차,,2022,1,1,0.0,0,1,0,0,unknown,0.667,0,0,0,0,1,low_data_completeness
730af42a1220015f,인천,인천광역시 부평구 부평동 10-223번지,인천광역시 부평구 길주남로 58 (부평동),10100,28237,1059119244,,근린생활시설(수리점),2000,0,1,202.0,1,0,0,0,unknown,0.833,1,1,0,0,1,old_building|non_residential_main_use
730b4af64e123155,경기,경기도 구리시 갈매동 134-1번지,경기도 구리시 갈매순환로 236 (갈매동),10100,41310,11091247,,일반공장,1993,0,2,3656.46,1,0,1,0,unknown,0.833,1,1,0,0,1,old_building|non_residential_main_use
731849cebe5b18f3,서울,서울특별시 금천구 가산동 32-46번지,서울특별시 금천구 벚꽃로50길 9 (가산동),10100,11545,1019112300,,다가구용단독주택,1991,0,1,88.0,1,0,0,0,unknown,0.833,1,0,0,0,1,old_building
7319caf62e6ba2c6,경기,경기도 가평군 가평읍 읍내리 102-4번지,경기도 가평군 잎너비길 17-66 (가평읍 읍내리),25021,41820,11301100213667,가동,생활숙박시설,2014,0,1,45.86,1,0,1,0,unknown,0.833,0,1,0,0,1,non_residential_main_use
7319ecdbf569e5c2,서울,서울특별시 강서구 공항동 8-5번지,서울특별시 강서구 방화대로19길 3 (공항동),10800,11500,1000000000000003188904,헬리그라프 마곡에디션,오피스텔,2024,0,4,56.48,0,0,0,1,unknown,0.833,0,0,1,0,1,basement_or_unknown_floor
731f7c8df1f30f9c,인천,인천광역시 옹진군 북도면 모도리 267-1번지,인천광역시 옹진군 모도로140번길 19-16 (북도면 모도리),31023,28720,1000000000000001872489,모도파라다이스,,2023,1,1,0.0,0,1,0,0,unknown,0.667,0,0,0,0,1,low_data_completeness
73310ed43d7aaf0a,서울,서울특별시 도봉구 쌍문동 13-2번지,서울특별시 도봉구 도당로 18 (쌍문동),10500,11320,1011117181,,,2022,1,1,0.0,0,1,0,0,unknown,0.667,0,0,0,0,1,low_data_completeness
733cb175431435de,경기,경기도 고양시 일산서구 일산동 524-16번지,경기도 고양시 일산서구 일중로 17 (일산동),10100,41287,11041325919,포오스프라자,,2022,1,1,0.0,0,1,0,0,unknown,0.667,0,0,0,0,1,low_data_completeness
733e598f12aa5d45,경기,경기도 광명시 광명동 24-31번지,경기도 광명시 광삼로13번길 38 (광명동),10100,41210,1098117382,공주빌라,,2022,1,1,0.0,0,1,0,0,unknown,0.667,0,0,1,0,1,basement_or_unknown_floor|low_data_completeness
73450a19ead970f1,경기,경기도 고양시 일산서구 일산동 552-13번지,경기도 고양시 일산서구 일중로55번길 9 (일산동),10100,41287,11041239847,일산2동마을회관,제1종근린생활시설(마을회관),2005,0,1,101.0,1,0,0,0,unknown,0.833,1,1,0,0,1,old_building|non_residential_main_use
7345ee6d94f5637b,인천,인천광역시 계양구 효성동 19-11번지,,10100,28245,106011132,,단독주택,2022,0,1,330.0,1,0,0,0,unknown,0.833,0,0,0,0,0,
734be65b9f4fec92,인천,인천광역시 서구 백석동 블록,인천광역시 서구 한들로 33 (백석동),10100,28260,1000000000000002031374,검암역 로열파크씨티 푸르지오 1단지,,2023,1,1,0.0,0,1,0,0,unknown,0.667,0,0,0,0,1,low_data_completeness
734cebb9053ffe15,서울,서울특별시 노원구 월계동 12번지,서울특별시 노원구 마들로 127 (월계동),10200,11350,1012141536,,,2022,1,1,0.0,0,1,0,0,unknown,0.667,0,0,0,0,1,low_data_completeness
73514fbf67232ea0,서울,서울특별시 관악구 봉천동 1-1116번지,서울특별시 관악구 청림3길 84 (봉천동),10100,11620,1022191846,,,2022,1,1,0.0,0,1,0,0,unknown,0.667,0,0,0,0,1,low_data_completeness
7353198874ea1fca,경기,경기도 군포시 당동 151-1번지,경기도 군포시 봉성로 37 (당동),10100,41410,11131578,,창고시설,1993,0,1,228.705,1,0,0,0,unknown,0.833,1,1,0,0,1,old_building|non_residential_main_use
7362f399f01c4393,경기,경기도 고양시 덕양구 주교동 38-13번지,경기도 고양시 덕양구 원당로 112 (주교동),10100,41281,11041100458213,고양 엘림프라자,,2022,1,1,0.0,0,1,0,0,unknown,0.667,0,0,0,0,1,low_data_completeness
73770593805f5931,경기,경기도 과천시 관문동 71-3번지,경기도 과천시 산마을길 48 (관문동),10100,41290,11081138,,단독주택,1982,0,1,192.34,1,0,1,0,unknown,0.833,1,0,0,0,1,old_building
73789d940de63d63,경기,경기도 과천시 문원동 15-15번지,경기도 과천시 공원마을1길 38 (문원동),10200,41290,11081100182900,,공동주택,2014,0,1,242.0,1,0,0,0,unknown,0.833,0,0,0,0,0,
73aff9c11511cd3e,인천,인천광역시 중구 중앙동2가 14-1번지,인천광역시 중구 신포로27번길 65 (중앙동2가),10200,28110,10541650,,영업소,1969,0,1,101.2,1,0,0,0,unknown,0.833,1,1,0,0,1,old_building|non_residential_main_use
73b03fc9fa72ae8e,서울,서울특별시 강동구 명일동 15번지,서울특별시 강동구 고덕로 210 (명일동),10100,11740,102611206,삼익그린맨션,아파트,1983,0,1,0.0,1,0,0,0,unknown,0.833,1,0,0,0,1,old_building
73c31424758192de,서울,서울특별시 강서구 내발산동 647번지,서울특별시 강서구 강서로52길 43 (내발산동),10600,11500,1000000000000002238194,DH647,오피스텔,2023,0,4,111.01,0,0,0,1,unknown,0.833,0,0,1,0,1,basement_or_unknown_floor
73e52584f943c119,경기,경기도 고양시 일산동구 식사동 13-8번지,,10100,41285,11041100436801,저장고(탄18),교정및군사시설,1976,0,1,652295.0,1,0,0,0,unknown,0.833,1,1,0,0,1,old_building|non_residential_main_use
73e7d161f26de033,경기,경기도 광명시 광명동 24-12번지,경기도 광명시 광삼로13번길 28-13 (광명동),10100,41210,10981721,,단독주택,1975,0,1,2.25,1,0,1,0,unknown,0.833,1,0,0,0,1,old_building
7422bd9bede4016e,경기,경기도 군포시 당동 158-1번지,경기도 군포시 봉성로 40-4 (당동),10100,41410,11131584,(주)경원산업,공장,1995,0,1,1075.0,1,0,0,0,unknown,0.833,1,1,0,0,1,old_building|non_residential_main_use
742b60032d88b2fe,인천,인천광역시 남동구 구월동 3-14번지,인천광역시 남동구 석산로228번길 7-1 (구월동),10100,28200,1058127537,동부주택2동,,2022,1,1,0.0,0,1,0,0,unknown,0.667,0,0,0,0,1,low_data_completeness
744b4ce3977c4a65,서울,서울특별시 관악구 봉천동 1-207번지,서울특별시 관악구 청림3길 79-5 (봉천동),10100,11620,1022132387,,다세대주택,1991,0,4,556.9,1,0,1,0,unknown,0.833,1,0,0,0,1,old_building
745dcbb39e5ded1b,서울,서울특별시 강동구 명일동 15번지,서울특별시 강동구 고덕로 210 (명일동),10100,11740,1026139298,삼익그린맨션,,2022,1,1,0.0,0,1,0,0,unknown,0.667,0,0,0,0,1,low_data_completeness
746e63f406e65b31,서울,서울특별시 노원구 월계동 12번지,서울특별시 노원구 마들로 127 (월계동),10200,11350,10121134242,,,2022,1,1,0.0,0,1,0,0,unknown,0.667,0,0,0,0,1,low_data_completeness
746fea6d787123cb,인천,인천광역시 동구 만석동 5-23번지,인천광역시 동구 화도진로198번길 7 (만석동),10100,28140,1055112155,삼성빌라,,2022,1,1,0.0,0,1,0,0,unknown,0.667,0,0,0,0,1,low_data_completeness
7478595bd8d4af6b,인천,인천광역시 중구 중앙동1가 7-1번지,인천광역시 중구 신포로27번길 89 (중앙동1가),10100,28110,10541599,,일반음식점,1993,0,3,199.0,1,0,1,0,unknown,0.833,1,1,0,0,1,old_building|non_residential_main_use
747d0b6c1c66f0bc,경기,경기도 가평군 가평읍 읍내리 102-4번지,경기도 가평군 잎너비길 17-66 (가평읍 읍내리),25021,41820,11301100213671,마동,숙박시설,2014,0,1,0.0,1,0,0,0,unknown,0.833,0,1,0,0,1,non_residential_main_use
74830864b72b34fd,인천,인천광역시 미추홀구 숭의동 1-10번지,인천광역시 미추홀구 경인로 150 (숭의동),10100,28177,10561100237764,한우리,,2022,1,1,0.0,0,1,0,0,unknown,0.667,0,0,0,0,1,low_data_completeness
748fca88523f81d4,인천,인천광역시 남동구 구월동 3-76번지,인천광역시 남동구 석산로228번길 31 (구월동),10100,28200,105811878,,"단독주택, 근린생활시설",2002,0,1,175.2,1,0,0,0,unknown,0.833,1,0,0,0,1,old_building
74a218b6b5043de7,서울,서울특별시 구로구 신도림동 271-25번지,서울특별시 구로구 신도림로19길 144 (신도림동),10100,11530,10181100189333,신도림삼성쉐르빌 1,,2022,1,1,0.0,0,1,0,0,unknown,0.667,0,0,0,0,1,low_data_completeness
74aa40b0b620649e,경기,경기도 고양시 일산동구 식사동 13-8번지,,10100,41285,11041100436779,저장고(탄42),교정및군사시설,1975,0,1,652295.0,1,0,0,0,unknown,0.833,1,1,0,0,1,old_building|non_residential_main_use
74aa6175ea62e82f,서울,서울특별시 도봉구 쌍문동 13번지,서울특별시 도봉구 도당로 22 (쌍문동),10500,11320,10111550,,근린생활시설,2001,0,1,641.0,1,0,0,0,unknown,0.833,1,1,0,0,1,old_building|non_residential_main_use
74bcd0bebfb029b6,서울,서울특별시 강북구 미아동 3-92번지,서울특별시 강북구 오패산로30가길 12 (미아동),10100,11305,10101803,,다가구용 단독주택(4가구),1994,0,1,74.05,1,0,0,0,unknown,0.833,1,0,0,0,1,old_building
74cafbcac0d43f9f,서울,서울특별시 도봉구 쌍문동 11-17번지,서울특별시 도봉구 방학로7길 41 (쌍문동),10500,11320,10111100208263,젬스톤빌리지,,2022,1,1,0.0,0,1,0,0,unknown,0.667,0,0,0,0,1,low_data_completeness
74e659dccee78953,경기,경기도 광주시 경안동 12-13번지,경기도 광주시 광주대로55번길 6 (경안동),10100,41610,11251100414983,,제1종근린생활시설,2022,0,1,0.0,1,0,0,0,unknown,0.833,0,1,0,0,1,non_residential_main_use
74e8752f8d63935f,인천,인천광역시 동구 만석동 2-23번지,인천광역시 동구 만석부두로 16-3 (만석동),10100,28140,10551231,9동,공장,2001,0,1,0.0,1,0,0,0,unknown,0.833,1,1,0,0,1,old_building|non_residential_main_use
74f39b5c9d8d94c8,경기,경기도 고양시 덕양구 주교동 26-9번지,경기도 고양시 덕양구 원당로 124 (주교동),10100,41281,1104121669,,일반음식점,1996,0,1,1379.4,1,0,1,0,unknown,0.833,1,1,0,0,1,old_building|non_residential_main_use
74fb789e7f7b0106,서울,서울특별시 노원구 월계동 12번지,서울특별시 노원구 마들로 127 (월계동),10200,11350,10121134258,,,2022,1,1,0.0,0,1,0,0,unknown,0.667,0,0,0,0,1,low_data_completeness
752df8151afc8fbe,인천,인천광역시 남동구 구월동 4-15번지,인천광역시 남동구 용천로98번길 43 (구월동),10100,28200,10581100322712,오름주택,다세대주택,2019,0,1,331.9,1,0,0,0,unknown,0.833,0,0,0,0,0,
75336415d01fc1e1,서울,서울특별시 도봉구 쌍문동 13-2번지,서울특별시 도봉구 도당로 18 (쌍문동),10500,11320,101114169,,아파트,1989,0,1,0.0,1,0,0,0,unknown,0.833,1,0,0,0,1,old_building
75374d7baa39ae08,서울,서울특별시 강동구 명일동 15번지,서울특별시 강동구 고덕로 210 (명일동),10100,11740,102611204,삼익그린맨션,아파트,1983,0,1,0.0,1,0,0,0,unknown,0.833,1,0,0,0,1,old_building
753d2a5aa701615e,경기,경기도 가평군 가평읍 읍내리 214번지,경기도 가평군 가평제방길 233 (가평읍 읍내리),25021,41820,1000000000000002714649,힐스테이트 가평 더뉴클래스,,2023,1,1,0.0,0,1,0,0,unknown,0.667,0,0,0,0,1,low_data_completeness
7549e88d48343a46,인천,인천광역시 중구 중앙동3가 4-8번지,인천광역시 중구 홍예문로 7 (중앙동3가),10300,28110,1054115574,,,2022,1,1,0.0,0,1,0,0,unknown,0.667,0,0,0,0,1,low_data_completeness
756024551d8ee31c,인천,인천광역시 옹진군 북도면 시도리 1-1번지,인천광역시 옹진군 시도로86번길 402 (북도면 시도리),31021,28720,10631100191758,,다가구주택,2015,0,3,1828.51,1,0,1,0,unknown,0.833,0,0,0,0,0,
7569eee3e13b6680,인천,인천광역시 동구 만석동 5-21번지,인천광역시 동구 인중로 440-1 (만석동),10100,28140,1055112128,서해빌라,,2022,1,1,0.0,0,1,0,0,unknown,0.667,0,0,1,0,1,basement_or_unknown_floor|low_data_completeness
756b2f6d90477451,서울,서울특별시 노원구 월계동 12번지,서울특별시 노원구 마들로 127 (월계동),10200,11350,10121113057,,,2022,1,1,0.0,0,1,0,0,unknown,0.667,0,0,0,0,1,low_data_completeness
756c7c23acbeb20b,인천,인천광역시 계양구 효성동 1-14번지,인천광역시 계양구 길마로88번길 11 (효성동),10100,28245,1060113233,원익그린맨션,,2022,1,1,0.0,0,1,0,0,unknown,0.667,0,0,0,0,1,low_data_completeness
756cca11efd10adf,경기,경기도 군포시 당동 14-1번지,경기도 군포시 공단로 149 (당동),10100,41410,111319619,아이밸리 군포,,2022,1,1,0.0,0,1,0,0,unknown,0.667,0,0,1,0,1,basement_or_unknown_floor|low_data_completeness
7587ed91b85983cb,인천,인천광역시 미추홀구 숭의동 1-10번지,인천광역시 미추홀구 경인로 150 (숭의동),10100,28177,10561100237802,한우리,,2022,1,1,0.0,0,1,0,0,unknown,0.667,0,0,0,0,1,low_data_completeness
759542e9cbc8bb5a,서울,서울특별시 도봉구 쌍문동 11-5번지,서울특별시 도봉구 도봉로139길 102 (쌍문동),10500,11320,1011117033,선우아파트,,2022,1,1,0.0,0,1,0,0,unknown,0.667,0,0,0,0,1,low_data_completeness
7595bd7f17342f89,인천,인천광역시 계양구 효성동 1-75번지,인천광역시 계양구 새벌로 181 (효성동),10100,28245,106012072,삼성하이츠맨션,공동주택,2002,0,1,196.0,1,0,0,0,unknown,0.833,1,0,0,0,1,old_building
7597e82045ae65ad,경기,경기도 광주시 경안동 10-23번지,경기도 광주시 중앙로154번길 26 (경안동),10100,41610,11251100232548,,공동주택(다세대주택(도시형생활주택-단지형다세대)),2014,0,1,340.0,1,0,0,0,unknown,0.833,0,0,0,0,0,
759b473da0c2616e,인천,인천광역시 연수구 옥련동 118-15번지,인천광역시 연수구 비류대로144번길 24-5 (옥련동),10100,28185,105718310,,,2022,1,1,0.0,0,1,0,0,unknown,0.667,0,0,1,0,1,basement_or_unknown_floor|low_data_completeness
75bc724c1c233ef7,인천,인천광역시 연수구 옥련동 116-32번지,인천광역시 연수구 비류대로150번길 5 (옥련동),10100,28185,10571627,,주택,1985,0,1,0.0,1,0,0,0,unknown,0.833,1,0,0,0,1,old_building
75fc79ed361c9562,서울,서울특별시 광진구 중곡동 18-4번지,서울특별시 광진구 용마산로28길 8 (중곡동),10100,11215,10061100230894,,,2022,1,1,0.0,0,1,0,0,unknown,0.667,0,0,0,0,1,low_data_completeness
7613c176f2c6f879,서울,서울특별시 강남구 역삼동 606-10번지,서울특별시 강남구 봉은사로26길 11 (역삼동),10100,11680,1024123026,역삼동근생빌딩,제2종근린생활시설,2003,0,1,332.4,1,0,0,0,unknown,0.833,1,1,0,0,1,old_building|non_residential_main_use
761bcb09466e7385,경기,경기도 광명시 광명동 24-73번지,경기도 광명시 연서일로17번길 29-20 (광명동),10100,41210,1098117406,,,2022,1,1,0.0,0,1,0,0,unknown,0.667,0,0,0,0,1,low_data_completeness
765456aff3b9069c,서울,서울특별시 강남구 역삼동 605-26번지,서울특별시 강남구 봉은사로24길 6 (역삼동),10100,11680,1024118684,역삼동 근린생활시설,"제1종근린생활시설, 주택",2003,0,1,293.1,1,0,0,0,unknown,0.833,1,0,0,0,1,old_building
76585fac2002f3a2,인천,인천광역시 동구 만석동 1-49번지,인천광역시 동구 만석부두로7번길 15-22 (만석동),10100,28140,10551100182222,,기타공장,2014,0,2,762.12,1,0,1,0,unknown,0.833,0,1,0,0,1,non_residential_main_use
7679e37fc498d08b,경기,경기도 김포시 북변동 200-16번지,경기도 김포시 봉화로 164-2 (북변동),10100,41570,1000000000000003596020,MU빌리지,,2024,1,1,0.0,0,1,0,0,unknown,0.667,0,0,0,0,1,low_data_completeness
768821f9b767f534,인천,인천광역시 남동구 구월동 3-5번지,인천광역시 남동구 석산로 230-3 (구월동),10100,28200,1058127530,조은그린빌,,2022,1,1,0.0,0,1,0,0,unknown,0.667,0,0,0,0,1,low_data_completeness
769ac5b2d76aba6d,서울,서울특별시 도봉구 쌍문동 21-16번지,서울특별시 도봉구 도봉로133길 40-8 (쌍문동),10500,11320,101114175,2동,다세대주택,1993,0,1,553.0,1,0,0,0,unknown,0.833,1,0,0,0,1,old_building
76b96f8c370f0a8d,경기,경기도 구리시 갈매동 162-6번지,경기도 구리시 담터길21번길 9-1 (갈매동),10100,41310,11091292,,주택,1959,0,1,0.0,1,0,0,0,unknown,0.833,1,0,0,0,1,old_building
76d13f632119580e,서울,서울특별시 강동구 명일동 47-12번지,서울특별시 강동구 동남로73길 26 (명일동),10100,11740,102619444,고덕복합빌딩,"판매시설,근린생활시설,교육연구시설,운동시설",1994,0,1,4699.2,1,0,0,0,unknown,0.833,1,1,0,0,1,old_building|non_residential_main_use
76d3c1d4a4d4ecd4,인천,인천광역시 부평구 부평동 10-225번지,인천광역시 부평구 길주남로 112-17 (부평동),10100,28237,10591133685,삼성빌라,,2022,1,1,0.0,0,1,0,0,unknown,0.667,0,0,0,0,1,low_data_completeness
76de147a69d8704f,인천,인천광역시 계양구 효성동 1-12번지,인천광역시 계양구 길마로88번길 7 (효성동),10100,28245,1060113214,원익그린맨션,,2022,1,1,0.0,0,1,0,0,unknown,0.667,0,0,0,0,1,low_data_completeness
76e8e355339e71e5,서울,서울특별시 금천구 가산동 5-33번지,서울특별시 금천구 벚꽃로 342 (가산동),10100,11545,1019115237,,다가구주택,1991,0,2,178.65,1,0,1,0,unknown,0.833,1,0,0,0,1,old_building
76eb49415609ac89,경기,경기도 고양시 일산서구 일산동 524-16번지,경기도 고양시 일산서구 일중로 17 (일산동),10100,41287,11041325928,포오스프라자,,2022,1,1,0.0,0,1,0,0,unknown,0.667,0,0,0,0,1,low_data_completeness
7704254cdf629f32,인천,인천광역시 연수구 옥련동 81-19번지,인천광역시 연수구 독배로 109 (옥련동),10100,28185,105718092,,,2022,1,1,0.0,0,1,0,0,unknown,0.667,0,0,1,0,1,basement_or_unknown_floor|low_data_completeness
771aa06863872df3,인천,인천광역시 부평구 부평동 10-228번지,인천광역시 부평구 길주남로 112-19 (부평동),10100,28237,10591142150,,,2022,1,1,0.0,0,1,0,0,unknown,0.667,0,0,0,0,1,low_data_completeness
7728c92473cdc3a5,서울,서울특별시 관악구 봉천동 1-1116번지,서울특별시 관악구 청림3길 84 (봉천동),10100,11620,1022191856,,,2022,1,1,0.0,0,1,0,0,unknown,0.667,0,0,0,0,1,low_data_completeness
775711a2f1167604,인천,인천광역시 중구 중앙동3가 4-8번지,인천광역시 중구 홍예문로 7 (중앙동3가),10300,28110,1054115489,,,2022,1,1,0.0,0,1,0,0,unknown,0.667,0,0,0,0,1,low_data_completeness
776a23c10c922feb,서울,서울특별시 노원구 월계동 12번지,서울특별시 노원구 마들로 127 (월계동),10200,11350,1012141562,,,2022,1,1,0.0,0,1,0,0,unknown,0.667,0,0,0,0,1,low_data_completeness
7782d0550d9a2c47,서울,서울특별시 강서구 개화동 421-70번지,서울특별시 강서구 개화동로5길 9-11 (개화동),11000,11500,10171100238148,경동 미르웰,다세대주택,2022,0,1,30.95,0,0,0,1,unknown,0.833,0,0,0,0,0,
778f21cffd9057c3,서울,서울특별시 구로구 신도림동 271-25번지,서울특별시 구로구 신도림로19길 144 (신도림동),10100,11530,10181100189208,신도림삼성쉐르빌 1,,2022,1,1,0.0,0,1,0,0,unknown,0.667,0,0,0,0,1,low_data_completeness
7792797a88f210ff,경기,경기도 광명시 광명동 26-10번지,경기도 광명시 광명로928번길 42-6 (광명동),10100,41210,10981768,,창고,1977,0,1,0.0,1,0,0,0,unknown,0.833,1,1,0,0,1,old_building|non_residential_main_use
779e2b18e626d628,경기,경기도 가평군 가평읍 260번지,경기도 가평군 축령로45번길 51 (가평읍),25000,41820,1000000000000005935190,,축사,2025,0,1,750.0,1,0,1,0,unknown,0.833,0,1,0,0,1,non_residential_main_use
77c236444588db18,인천,인천광역시 동구 만석동 1-27번지,인천광역시 동구 보세로 30 (만석동),10100,28140,10551207,세영엔지니어링,일반공장,1976,0,2,3036.34,1,0,1,0,unknown,0.833,1,1,0,0,1,old_building|non_residential_main_use
77d73d8e59802a0f,경기,경기도 고양시 일산동구 식사동 233-2번지,경기도 고양시 일산동구 견달산로210번길 45-14 (식사동),10100,41285,11041100227613,식사동 233-2 공동주택 (김영한),,2022,1,1,0.0,0,1,0,0,unknown,0.667,0,0,0,0,1,low_data_completeness
77f1a07f674ea3fd,서울,서울특별시 강서구 개화동 418-174번지,서울특별시 강서구 개화동로7길 17-7 (개화동),11000,11500,10171100266755,,다세대주택,2022,0,1,17.29,0,0,0,1,unknown,0.833,0,0,0,0,0,
77f7acd5c7e070b6,경기,경기도 과천시 문원동 15-49번지,경기도 과천시 공원마을6길 35 (문원동),10200,41290,11081100185273,보니타스,,2022,1,1,0.0,0,1,0,0,unknown,0.667,0,0,0,0,1,low_data_completeness
782855e465a7cfcd,서울,서울특별시 광진구 중곡동 18-24번지,서울특별시 광진구 용마산로24길 13 (중곡동),10100,11215,10061746,중곡4동파출소,파출소,1980,0,1,0.0,1,0,0,0,unknown,0.833,1,1,0,0,1,old_building|non_residential_main_use
7839db0d156837c8,인천,인천광역시 서구 백석동 58번지,인천광역시 서구 자원순환로 210-8 (백석동),10100,28260,106113033,,공공업무시설,1995,0,1,0.0,1,0,0,0,unknown,0.833,1,1,0,0,1,old_building|non_residential_main_use
784c357a3a4f6663,경기,경기도 고양시 일산동구 식사동 231-1번지,경기도 고양시 일산동구 견달산로210번길 47-5 (식사동),10100,41285,11041100324900,드림팰리스,,2022,1,1,0.0,0,1,0,0,unknown,0.667,0,0,0,0,1,low_data_completeness
7858ff17970ebe09,인천,인천광역시 미추홀구 숭의동 1-30번지,인천광역시 미추홀구 경인로 160 (숭의동),10100,28177,105612168,,기타제1종근린생활시설,1985,0,3,237.54,1,0,1,0,unknown,0.833,1,1,0,0,1,old_building|non_residential_main_use
7859d2efad0c60af,경기,경기도 구리시 갈매동 510번지,경기도 구리시 갈매순환로204번길 65 (갈매동),10100,41310,11091100207147,구리 스마트벤처타워,,2022,1,1,0.0,0,1,0,0,unknown,0.667,0,0,0,0,1,low_data_completeness
785a56b508e45e02,경기,경기도 과천시 문원동 15-50번지,경기도 과천시 공원마을6길 33 (문원동),10200,41290,11081100178880,문원동 15-50 공동주택(힐탑빌),다세대주택,2010,0,1,248.0,1,0,0,0,unknown,0.833,0,0,0,0,0,
785d0633a34f5039,인천,인천광역시 미추홀구 숭의동 1-36번지,인천광역시 미추홀구 경인로 148-1 (숭의동),10100,28177,105612170,세회빌딩,근린생활시설,2004,0,1,152.0,1,0,0,0,unknown,0.833,1,1,0,0,1,old_building|non_residential_main_use
78868cfc9ae4f32b,서울,서울특별시 강서구 마곡동 5-1번지,서울특별시 강서구 양천로47길 104-5 (마곡동),10500,11500,10171100295813,갤럭시오피스텔마곡2,오피스텔,2022,0,3,42.8,0,0,0,1,unknown,0.833,0,0,1,0,1,basement_or_unknown_floor
7888352c9b93f4d9,경기,경기도 군포시 당동 14-1번지,경기도 군포시 공단로 149 (당동),10100,41410,111319603,아이밸리 군포,,2022,1,1,0.0,0,1,0,0,unknown,0.667,0,0,1,0,1,basement_or_unknown_floor|low_data_completeness
7889bcf8e33c8942,서울,서울특별시 금천구 가산동 40-11번지,서울특별시 금천구 벚꽃로42길 13 (가산동),10100,11545,10191100200303,휴먼빌,,2022,1,1,0.0,0,1,0,0,unknown,0.667,0,0,0,0,1,low_data_completeness
7894a42b382e461d,인천,인천광역시 옹진군 북도면 모도리 267-1번지,인천광역시 옹진군 모도로140번길 19-16 (북도면 모도리),31023,28720,1000000000000001872498,모도파라다이스,,2023,1,1,0.0,0,1,0,0,unknown,0.667,0,0,0,0,1,low_data_completeness
789a6435180b61a9,서울,서울특별시 강서구 등촌동 14-7번지,서울특별시 강서구 양천로 424 (등촌동),10200,11500,10171100352339,가양역 데시앙플렉스 지식산업센터,기타공장,2022,0,2,274.74,0,0,0,1,unknown,0.833,0,1,1,0,1,non_residential_main_use|basement_or_unknown_floor
789ed8c6cad35041,서울,서울특별시 강북구 미아동 3-233번지,서울특별시 강북구 도봉로18다길 17 (미아동),10100,11305,10101897,,단독주택,1968,0,1,0.0,1,0,0,0,unknown,0.833,1,0,0,0,1,old_building
78a03e53994ab8a4,경기,경기도 가평군 가평읍 읍내리 214번지,경기도 가평군 가평제방길 233 (가평읍 읍내리),25021,41820,1000000000000002714821,힐스테이트 가평 더뉴클래스,,2023,1,1,0.0,0,1,0,0,unknown,0.667,0,0,0,0,1,low_data_completeness
78a2820aeb8f4db7,서울,서울특별시 광진구 중곡동 18-3번지,서울특별시 광진구 용마산로28길 6 (중곡동),10100,11215,10061100205917,,,2022,1,1,0.0,0,1,0,0,unknown,0.667,0,0,0,0,1,low_data_completeness
78a80a0cc9a98f0b,경기,경기도 고양시 일산서구 일산동 96번지,,10100,41287,11041236635,,단독주택,2022,0,1,63.54,1,0,1,0,unknown,0.833,0,0,0,0,0,
78afe0604c5af1c9,서울,서울특별시 금천구 가산동 40-8번지,서울특별시 금천구 벚꽃로42길 17 (가산동),10100,11545,1019142511,,,2022,1,1,0.0,0,1,0,0,unknown,0.667,0,0,0,0,1,low_data_completeness
78b56ed9ec703276,경기,경기도 김포시 북변동 200-7번지,경기도 김포시 봉화로 162-1 (북변동),10100,41570,11231100515342,,,2022,1,1,0.0,0,1,0,0,unknown,0.667,0,0,0,0,1,low_data_completeness
78c4162ba67f4d6d,서울,서울특별시 강동구 명일동 15번지,서울특별시 강동구 고덕로 210 (명일동),10100,11740,1026138614,삼익그린맨션,,2022,1,1,0.0,0,1,0,0,unknown,0.667,0,0,0,0,1,low_data_completeness
78d52db5330ad04c,인천,인천광역시 미추홀구 숭의동 1-101번지,인천광역시 미추홀구 수봉로21번길 27 (숭의동),10100,28177,105612202,,"주택, 위험물판매취급소",1974,0,1,168.0,1,0,0,0,unknown,0.833,1,0,0,0,1,old_building
78dacfc7ca58aa9a,인천,인천광역시 부평구 부평동 10-225번지,인천광역시 부평구 길주남로 112-17 (부평동),10100,28237,10591133688,삼성빌라,,2022,1,1,0.0,0,1,0,0,unknown,0.667,0,0,0,0,1,low_data_completeness
78dc36e94a63ae06,인천,인천광역시 부평구 부평동 10-66번지,인천광역시 부평구 장제로221번길 23 (부평동),10100,28237,10591100251186,다온그린빌,,2022,1,1,0.0,0,1,0,0,unknown,0.667,0,0,0,0,1,low_data_completeness
78edb01e2325e4d7,서울,서울특별시 강남구 역삼동 754번지,서울특별시 강남구 역삼로 306 (역삼동),10100,11680,1024124665,개나리 래미안,,2022,1,1,0.0,0,1,0,0,unknown,0.667,0,0,0,0,1,low_data_completeness
78ee6b58c08e5c31,서울,서울특별시 관악구 봉천동 1-69번지,서울특별시 관악구 청림3길 49 (봉천동),10100,11620,1022188554,,,2022,1,1,0.0,0,1,0,0,unknown,0.667,0,0,0,0,1,low_data_completeness
7900f3ecaaa9a86b,인천,인천광역시 중구 중앙동2가 5번지,인천광역시 중구 신포로27번길 57 (중앙동2가),10200,28110,10541637,창운빌딩,제2종근린생활시설,2003,0,1,158.7,1,0,0,0,unknown,0.833,1,1,0,0,1,old_building|non_residential_main_use
79163f1e2f9b53f2,서울,서울특별시 도봉구 쌍문동 13-2번지,서울특별시 도봉구 도당로 18 (쌍문동),10500,11320,1011117154,,,2022,1,1,0.0,0,1,0,0,unknown,0.667,0,0,0,0,1,low_data_completeness
792c5798d21edb10,인천,인천광역시 옹진군 북도면 시도리 50-6번지,인천광역시 옹진군 시도로86번길 291-76 (북도면 시도리),31021,28720,10631100204239,,단독주택,2019,0,1,815.88,1,0,1,0,unknown,0.833,0,0,0,0,0,
792e56dfa5c53448,경기,경기도 가평군 가평읍 읍내리 214번지,경기도 가평군 가평제방길 233 (가평읍 읍내리),25021,41820,1000000000000002714592,힐스테이트 가평 더뉴클래스,,2023,1,1,0.0,0,1,0,0,unknown,0.667,0,0,0,0,1,low_data_completeness
7933158a7af70338,서울,서울특별시 구로구 신도림동 271-25번지,서울특별시 구로구 신도림로19길 144 (신도림동),10100,11530,10181100189232,신도림삼성쉐르빌 1,,2022,1,1,0.0,0,1,0,0,unknown,0.667,0,0,0,0,1,low_data_completeness
79375aa1bcdbc300,서울,서울특별시 도봉구 쌍문동 13-2번지,서울특별시 도봉구 도당로 18 (쌍문동),10500,11320,1011117095,,,2022,1,1,0.0,0,1,0,0,unknown,0.667,0,0,0,0,1,low_data_completeness
79501665c982622e,인천,인천광역시 옹진군 백령면 진촌리 959-4번지,인천광역시 옹진군 백령로278번길 133-20 (백령면 진촌리),33021,28720,10631100209088,백령 공공실버 마을,,2022,1,1,0.0,0,1,0,0,unknown,0.667,0,0,0,0,1,low_data_completeness
796260571cf8ee4d,인천,인천광역시 연수구 옥련동 93번지,인천광역시 연수구 옥골로 77 (옥련동),10100,28185,10571100173929,옥련여고,고등학교,2008,0,1,466.0,1,0,1,0,unknown,0.833,0,1,0,0,1,non_residential_main_use
7967055caf148418,인천,인천광역시 서구 백석동 58번지,인천광역시 서구 녹색숲로31번길 6 (백석동),10100,28260,1000000000000001085643,,자원순환관련시설(폐기물재활용시설(수변전실)),2023,0,1,0.0,1,0,0,0,unknown,0.833,0,1,0,0,1,non_residential_main_use
797003a87c1eac97,서울,서울특별시 구로구 신도림동 271-25번지,서울특별시 구로구 신도림로19길 144 (신도림동),10100,11530,10181100189145,신도림삼성쉐르빌 1,오피스텔,2010,0,17,5127.51,1,0,1,0,unknown,0.833,0,0,0,0,0,
799f0e40072c7c4d,서울,서울특별시 구로구 신도림동 271-25번지,서울특별시 구로구 신도림로19길 144 (신도림동),10100,11530,10181100189167,신도림삼성쉐르빌 1,,2022,1,1,0.0,0,1,0,0,unknown,0.667,0,0,0,0,1,low_data_completeness
79a2e9571700e845,서울,서울특별시 도봉구 쌍문동 11-5번지,서울특별시 도봉구 도봉로139길 102 (쌍문동),10500,11320,1011117034,선우아파트,,2022,1,1,0.0,0,1,0,0,unknown,0.667,0,0,0,0,1,low_data_completeness
79a7a95c60cb11e8,서울,서울특별시 강서구 방화동 128-1번지,서울특별시 강서구 방화대로52가길 36 (방화동),10900,11500,10171167860,한림빌리지,연립주택,2022,0,2,92.29,0,0,0,1,unknown,0.833,0,0,1,0,1,basement_or_unknown_floor
79a9acb64dcfca65,경기,경기도 고양시 덕양구 주교동 218-3번지,경기도 고양시 덕양구 대주로 506 (주교동),10100,41281,110417034,,공장,1995,0,1,630.0,1,0,0,0,unknown,0.833,1,1,0,0,1,old_building|non_residential_main_use
79aa585d88a5ffc7,서울,서울특별시 강동구 명일동 42번지,서울특별시 강동구 고덕로62길 76 (명일동),10100,11740,102611810,우성아파트,아파트,1986,0,1,0.0,1,0,0,0,unknown,0.833,1,0,0,0,1,old_building
79bab5c101725f86,경기,경기도 고양시 덕양구 주교동 38-13번지,경기도 고양시 덕양구 원당로 112 (주교동),10100,41281,11041100458214,고양 엘림프라자,,2022,1,1,0.0,0,1,0,0,unknown,0.667,0,0,0,0,1,low_data_completeness
79bbb261494c4d5c,서울,서울특별시 노원구 월계동 12번지,서울특별시 노원구 마들로 127 (월계동),10200,11350,10121134338,,,2022,1,1,0.0,0,1,0,0,unknown,0.667,0,0,0,0,1,low_data_completeness
79c7337c4c729311,인천,인천광역시 부평구 부평동 10-233번지,인천광역시 부평구 주부토로100번길 20 (부평동),10100,28237,10591100263634,스마트빌,,2022,1,1,0.0,0,1,0,0,unknown,0.667,0,0,0,0,1,low_data_completeness
79dc81b9b4eea666,서울,서울특별시 강남구 역삼동 603-3번지,서울특별시 강남구 봉은사로16길 16 (역삼동),10100,11680,1024124140,타비쉬빌딩,근린생활시설,1990,0,1,400.6,1,0,0,0,unknown,0.833,1,1,0,0,1,old_building|non_residential_main_use
79e35886c5caf63d,경기,경기도 김포시 북변동 200-40번지,경기도 김포시 봉화로 162-2 (북변동),10100,41570,11231100515344,,"공동주택,업무시설",2022,0,1,395.0,1,0,0,0,unknown,0.833,0,0,0,0,0,
79ffcccebd89cbe2,인천,인천광역시 중구 중앙동3가 4-8번지,인천광역시 중구 홍예문로 7 (중앙동3가),10300,28110,1054115432,,,2022,1,1,0.0,0,1,0,0,unknown,0.667,0,0,0,0,1,low_data_completeness
7a0edfb87e379b66,경기,경기도 고양시 일산동구 식사동 231-1번지,경기도 고양시 일산동구 견달산로210번길 47-5 (식사동),10100,41285,11041100324892,드림팰리스,,2022,1,1,0.0,0,1,0,0,unknown,0.667,0,0,0,0,1,low_data_completeness
7a0f22206c6970e9,인천,인천광역시 미추홀구 숭의동 1-11번지,인천광역시 미추홀구 경인로 148 (숭의동),10100,28177,10561100237054,다우림,,2022,1,1,0.0,0,1,0,0,unknown,0.667,0,0,0,0,1,low_data_completeness
7a17fc3ad71d23e9,인천,인천광역시 남동구 구월동 4-7번지,인천광역시 남동구 석산로228번길 63 (구월동),10100,28200,10581100318681,해드림,공동주택,2019,0,1,528.6,1,0,0,0,unknown,0.833,0,0,0,0,0,
7a2ab463642f8749,인천,인천광역시 연수구 옥련동 116-14번지,인천광역시 연수구 비류대로146번길 12 (옥련동),10100,28185,10571100277300,,다중주택 및 사무소,2020,0,1,221.0,1,0,0,0,unknown,0.833,0,0,0,0,0,
7a5520a5ebef2f80,서울,서울특별시 도봉구 쌍문동 21-5번지,서울특별시 도봉구 도봉로133길 50 (쌍문동),10500,11320,10111564,창동교회,종교시설,2001,0,1,0.0,1,0,0,0,unknown,0.833,1,1,0,0,1,old_building|non_residential_main_use
7a6a763489d38a2f,인천,인천광역시 연수구 옥련동 33번지,,10100,28185,10571427,,단독주택,2022,0,1,41.65,1,0,1,0,unknown,0.833,0,0,0,0,0,
7a6f26f8b90990cb,경기,경기도 고양시 일산서구 일산동 524-16번지,경기도 고양시 일산서구 일중로 17 (일산동),10100,41287,11041325925,포오스프라자,,2022,1,1,0.0,0,1,0,0,unknown,0.667,0,0,0,0,1,low_data_completeness
7a814a509e74ef60,인천,인천광역시 강화군 강화읍 신문리 205-5번지,인천광역시 강화군 강화대로 429 (강화읍 신문리),25021,28710,1062135757,중앙시장,,2022,1,1,0.0,0,1,0,0,unknown,0.667,0,0,1,0,1,basement_or_unknown_floor|low_data_completeness
7a857058cd3b4dcc,경기,경기도 가평군 가평읍 읍내리 214번지,경기도 가평군 가평제방길 233 (가평읍 읍내리),25021,41820,1000000000000002714468,힐스테이트 가평 더뉴클래스,,2023,1,1,0.0,0,1,0,0,unknown,0.667,0,0,0,0,1,low_data_completeness
7a954e7bb62cf9cb,인천,인천광역시 계양구 효성동 15-5번지,인천광역시 계양구 봉오대로 581 (효성동),10100,28245,10601100189325,,종교시설,2011,0,1,2526.0,1,0,0,0,unknown,0.833,0,1,0,0,1,non_residential_main_use
7ab49b6cda5e3333,인천,인천광역시 부평구 부평동 10-66번지,인천광역시 부평구 장제로221번길 23 (부평동),10100,28237,10591100251191,다온그린빌,,2022,1,1,0.0,0,1,0,0,unknown,0.667,0,0,0,0,1,low_data_completeness
7ab56518832040a9,경기,경기도 광주시 경안동 9-30번지,경기도 광주시 광주대로71번길 9-6 (경안동),10100,41610,1125113637,,단독주택,1986,0,2,128.58,1,0,1,0,unknown,0.833,1,0,0,0,1,old_building
7aca6a0fd5548be7,인천,인천광역시 중구 중앙동2가 11번지,인천광역시 중구 신포로23번길 62 (중앙동2가),10200,28110,10541100269609,,"제2종근린생활시설, 1종근린생활시설",2021,0,1,214.9,1,0,0,0,unknown,0.833,0,1,0,0,1,non_residential_main_use
7ad04c5b3945de74,서울,서울특별시 금천구 가산동 40-8번지,서울특별시 금천구 벚꽃로42길 17 (가산동),10100,11545,1019142516,,,2022,1,1,0.0,0,1,0,0,unknown,0.667,0,0,0,0,1,low_data_completeness
7adaea9fd3f095a2,경기,경기도 광명시 광명동 24-16번지,경기도 광명시 광삼로13번길 28-9 (광명동),10100,41210,10981723,,단독주택,1976,0,1,157.01,1,0,1,0,unknown,0.833,1,0,0,0,1,old_building
7adb3fac1792060e,경기,경기도 고양시 덕양구 주교동 38-13번지,경기도 고양시 덕양구 원당로 112 (주교동),10100,41281,11041100458191,고양 엘림프라자,,2022,1,1,0.0,0,1,0,0,unknown,0.667,0,0,0,0,1,low_data_completeness
7ade429f5a467f01,인천,인천광역시 연수구 옥련동 118-3번지,인천광역시 연수구 비류대로144번길 23-4 (옥련동),10100,28185,105718292,,,2022,1,1,0.0,0,1,0,0,unknown,0.667,0,0,1,0,1,basement_or_unknown_floor|low_data_completeness
7adf0dfb0a6c0033,경기,경기도 광주시 경안동 19-7번지,경기도 광주시 광주대로55번길 7-4 (경안동),10100,41610,1125171985,,,2022,1,1,0.0,0,1,0,0,unknown,0.667,0,0,1,0,1,basement_or_unknown_floor|low_data_completeness
7ae53e0ff016bfaf,서울,서울특별시 도봉구 쌍문동 11-5번지,서울특별시 도봉구 도봉로139길 102 (쌍문동),10500,11320,1011117046,선우아파트,,2022,1,1,0.0,0,1,0,0,unknown,0.667,0,0,0,0,1,low_data_completeness
7ae929682f153087,경기,경기도 김포시 북변동 182-13번지,경기도 김포시 북변중로 125 (북변동),10100,41570,112313619,,제1.2종근린생활시설,1995,0,1,0.0,1,0,0,0,unknown,0.833,1,1,0,0,1,old_building|non_residential_main_use
7af335fc2211cf1e,서울,서울특별시 강서구 염창동 58번지,서울특별시 강서구 양천로67길 50-29 (염창동),10100,11500,1017191908,블래스밸리,,2022,1,1,0.0,0,1,0,0,unknown,0.667,0,0,0,0,1,low_data_completeness
7afbaf707a901c3f,경기,경기도 구리시 갈매동 142-36번지,경기도 구리시 금강로 113 (갈매동),10100,41310,11091271,,동.식물관련시설(버섯재배사),2000,0,1,433.0,1,0,0,0,unknown,0.833,1,1,0,0,1,old_building|non_residential_main_use
7afc6f21765352b8,경기,경기도 가평군 가평읍 읍내리 87번지,경기도 가평군 잎너비길 35-237 (가평읍 읍내리),25021,41820,11301100232328,,단독주택,2016,0,1,32.0,1,0,1,0,unknown,0.833,0,0,0,0,0,
7afdc91b50320bfd,인천,인천광역시 계양구 효성동 11-12번지,인천광역시 계양구 봉오대로601번길 5-3 (효성동),10100,28245,106011121,,주택,1979,0,1,0.0,1,0,0,0,unknown,0.833,1,0,0,0,1,old_building
7b013d1138dd1ff5,인천,인천광역시 동구 만석동 1-78번지,인천광역시 동구 보세로26번길 24-19 (만석동),10100,28140,10551100183663,,공장,2015,0,1,512.3,1,0,0,0,unknown,0.833,0,1,0,0,1,non_residential_main_use
7b1cc9d6ef7b5c6d,경기,경기도 광주시 경안동 10-23번지,경기도 광주시 중앙로154번길 26 (경안동),10100,41610,11251100232556,,,2022,1,1,0.0,0,1,0,0,unknown,0.667,0,0,0,0,1,low_data_completeness
7b24309aff520707,경기,경기도 고양시 덕양구 주교동 38-13번지,경기도 고양시 덕양구 원당로 112 (주교동),10100,41281,11041100458209,고양 엘림프라자,,2022,1,1,0.0,0,1,0,0,unknown,0.667,0,0,0,0,1,low_data_completeness
7b2e8d5f1fb82212,경기,경기도 고양시 일산서구 일산동 551-16번지,경기도 고양시 일산서구 고양대로 701-6 (일산동),10100,41287,11041100176582,대명아트빌,,2022,1,1,0.0,0,1,0,0,unknown,0.667,0,0,0,0,1,low_data_completeness
7b3c52c08b208cf9,인천,인천광역시 부평구 부평동 10-243번지,인천광역시 부평구 장제로205번길 52 (부평동),10100,28237,10591100281234,제일어린이집,노유자시설,2017,0,1,331.0,1,0,0,0,unknown,0.833,0,1,0,0,1,non_residential_main_use
7b6572f635c092f7,경기,경기도 김포시 북변동 200-40번지,경기도 김포시 봉화로 162-2 (북변동),10100,41570,11231100515348,,,2022,1,1,0.0,0,1,0,0,unknown,0.667,0,0,0,0,1,low_data_completeness
7b66ea759a3d1866,서울,서울특별시 강서구 방화동 128-3번지,서울특별시 강서구 방화대로52가길 32 (방화동),10900,11500,10171128596,,다세대주택,2022,0,3,81.34,0,0,0,1,unknown,0.833,0,0,1,0,1,basement_or_unknown_floor
7b67073b1be67e11,서울,서울특별시 강동구 명일동 15번지,서울특별시 강동구 명일로 375 (명일동),10100,11740,1026137929,삼익그린맨션,,2022,1,1,0.0,0,1,0,0,unknown,0.667,0,0,0,0,1,low_data_completeness
7b6ae862a6469d89,경기,경기도 김포시 북변동 185-2번지,,10100,41570,112313630,,주택,2022,0,1,0.0,1,0,0,0,unknown,0.833,0,0,0,0,0,
7b7ce4f7c24de497,인천,인천광역시 중구 중앙동3가 4-8번지,인천광역시 중구 홍예문로 7 (중앙동3가),10300,28110,1054115429,,,2022,1,1,0.0,0,1,0,0,unknown,0.667,0,0,0,0,1,low_data_completeness
7b9e939fe2a746c3,경기,경기도 광명시 광명동 24-44번지,경기도 광명시 광삼로13번길 30-8 (광명동),10100,41210,1098117396,,,2022,1,1,0.0,0,1,0,0,unknown,0.667,0,0,1,0,1,basement_or_unknown_floor|low_data_completeness
7babe725428557c5,경기,경기도 광명시 광명동 25-7번지,경기도 광명시 광삼로13번길 23 (광명동),10100,41210,10981763,,단독주택,1990,0,1,137.12,1,0,0,0,unknown,0.833,1,0,0,0,1,old_building
7baf6f0be67c8b52,인천,인천광역시 서구 백석동 58번지,인천광역시 서구 녹색숲로 322 (백석동),10100,28260,10611100283655,,화장실,2015,0,1,0.0,1,0,0,0,unknown,0.833,0,1,0,0,1,non_residential_main_use
7bc918acdae86fa7,인천,인천광역시 남동구 구월동 1-8번지,,10100,28200,105811816,,단독주택,2022,0,1,32.72,1,0,1,0,unknown,0.833,0,0,0,0,0,
7bce6caf2955486f,경기,경기도 과천시 관문동 71-2번지,경기도 과천시 산마을길 52 (관문동),10100,41290,11081137,,창고,1982,0,1,147.59,1,0,1,0,unknown,0.833,1,1,0,0,1,old_building|non_residential_main_use
7be78249477af120,경기,경기도 고양시 일산서구 일산동 524-16번지,경기도 고양시 일산서구 일중로 17 (일산동),10100,41287,11041325908,포오스프라자,,2022,1,1,0.0,0,1,0,0,unknown,0.667,0,0,0,0,1,low_data_completeness
7bf14fe2c0abd661,서울,서울특별시 강북구 미아동 3-37번지,서울특별시 강북구 오현로9길 41 (미아동),10100,11305,1010130887,,,2022,1,1,0.0,0,1,0,0,unknown,0.667,0,0,0,0,1,low_data_completeness
7c02e5f62ce2c2b9,인천,인천광역시 중구 중앙동2가 9번지,,10200,28110,10541646,,영업소,2022,0,1,0.0,1,0,0,0,unknown,0.833,0,1,0,0,1,non_residential_main_use
7c26de1710fa60b1,경기,경기도 고양시 일산동구 식사동 13-8번지,,10100,41285,11041100436787,저장고(탄5),국방ㆍ군사시설,1974,0,1,652599.92,1,0,1,0,unknown,0.833,1,1,0,0,1,old_building|non_residential_main_use
7c2b512a8c7e7b15,인천,인천광역시 미추홀구 숭의동 1-128번지,인천광역시 미추홀구 수봉로33번길 22 (숭의동),10100,28177,105612219,,점포,1971,0,1,0.0,1,0,0,0,unknown,0.833,1,1,0,0,1,old_building|non_residential_main_use
7c46c7e688bafd53,서울,서울특별시 금천구 가산동 32-42번지,서울특별시 금천구 벚꽃로56길 40 (가산동),10100,11545,101918341,,"근린생활시설, 단독주택",1995,0,1,77.18,1,0,0,0,unknown,0.833,1,0,0,0,1,old_building
7c4b23033f163959,경기,경기도 광주시 경안동 11-23번지,경기도 광주시 중앙로154번길 15-14 (경안동),10100,41610,1125127604,,단독주택(다가구),2004,0,1,193.0,1,0,0,0,unknown,0.833,1,0,0,0,1,old_building
7c53274ba81af6a9,경기,경기도 광명시 광명동 25-15번지,경기도 광명시 광삼로13번길 21 (광명동),10100,41210,109815399,,다세대주택,1990,0,1,200.0,1,0,0,0,unknown,0.833,1,0,0,0,1,old_building
7c675085ffe93a35,서울,서울특별시 금천구 가산동 32-48번지,서울특별시 금천구 벚꽃로50길 5 (가산동),10100,11545,101914777,,다가구용단독주택,1991,0,1,88.0,1,0,0,0,unknown,0.833,1,0,0,0,1,old_building
7c68a2e12ef154e2,인천,인천광역시 미추홀구 숭의동 1-48번지,,10100,28177,105612173,,주택,1985,0,1,0.0,1,0,0,0,unknown,0.833,1,0,0,0,1,old_building
7c70b8df79c3db84,인천,인천광역시 옹진군 북도면 시도리 199-3번지,인천광역시 옹진군 시도로86번길 85 (북도면 시도리),31021,28720,10631588,,창고시설,2022,0,1,0.0,1,0,0,0,unknown,0.833,0,1,0,0,1,non_residential_main_use
7c77b639bca5a033,서울,서울특별시 금천구 가산동 40-14번지,서울특별시 금천구 벚꽃로42길 7 (가산동),10100,11545,1019151429,,,2022,1,1,0.0,0,1,0,0,unknown,0.667,0,0,0,0,1,low_data_completeness
7c91d9866400eb77,경기,경기도 김포시 북변동 200-16번지,경기도 김포시 봉화로 164-2 (북변동),10100,41570,1000000000000003596019,MU빌리지,,2024,1,1,0.0,0,1,0,0,unknown,0.667,0,0,0,0,1,low_data_completeness
7c92821cacee2086,서울,서울특별시 강동구 명일동 15번지,서울특별시 강동구 고덕로 210 (명일동),10100,11740,1026139288,삼익그린맨션,,2022,1,1,0.0,0,1,0,0,unknown,0.667,0,0,0,0,1,low_data_completeness
7c93d6d551231a0f,인천,인천광역시 옹진군 북도면 모도리 267-1번지,인천광역시 옹진군 모도로140번길 19-16 (북도면 모도리),31023,28720,1000000000000001872414,모도파라다이스,,2023,1,1,0.0,0,1,0,0,unknown,0.667,0,0,0,0,1,low_data_completeness
7ca5806a6ce14e0e,경기,경기도 구리시 갈매동 510번지,경기도 구리시 갈매순환로204번길 65 (갈매동),10100,41310,11091100207200,구리 스마트벤처타워,,2022,1,1,0.0,0,1,0,0,unknown,0.667,0,0,0,0,1,low_data_completeness
7cd090defb39d050,경기,경기도 고양시 일산동구 식사동 13-8번지,,10100,41285,11041100436797,탄약검사장,국방ㆍ군사시설,1998,0,1,652621.94,1,0,1,0,unknown,0.833,1,1,0,0,1,old_building|non_residential_main_use
7cf766d6608265da,경기,경기도 광명시 광명동 24-31번지,경기도 광명시 광삼로13번길 38 (광명동),10100,41210,1098117389,공주빌라,,2022,1,1,0.0,0,1,0,0,unknown,0.667,0,0,1,0,1,basement_or_unknown_floor|low_data_completeness
7cfa7137d2bd4104,인천,인천광역시 중구 중앙동3가 4-8번지,인천광역시 중구 홍예문로 7 (중앙동3가),10300,28110,1054115594,,,2022,1,1,0.0,0,1,0,0,unknown,0.667,0,0,0,0,1,low_data_completeness
7d079765afcc0b72,인천,인천광역시 중구 중앙동1가 10-1번지,인천광역시 중구 신포로27번길 91 (중앙동1가),10100,28110,10541607,,휴게음식점,2022,0,2,91.0,1,0,1,0,unknown,0.833,0,1,0,0,1,non_residential_main_use
7d38e0d33b65be88,서울,서울특별시 강북구 미아동 3-11번지,서울특별시 강북구 오현로9길 17 (미아동),10100,11305,10101100194977,동방플러스빌,다세대주택,2022,1,3,74.49,0,1,0,1,unknown,0.833,0,0,1,0,1,basement_or_unknown_floor
7d3ecdc46a1c8257,서울,서울특별시 강북구 미아동 3-11번지,서울특별시 강북구 오현로9길 17 (미아동),10100,11305,10101100194976,동방플러스빌,,2022,1,1,0.0,0,1,0,0,unknown,0.667,0,0,0,0,1,low_data_completeness
7d4a68f49e68ab94,인천,인천광역시 동구 만석동 2-224번지,인천광역시 동구 만석부두로 4-1 (만석동),10100,28140,1055112099,,,2022,1,1,0.0,0,1,0,0,unknown,0.667,0,0,1,0,1,basement_or_unknown_floor|low_data_completeness
7d4d61943bd9e79a,인천,인천광역시 부평구 부평동 10번지,,10100,28237,105917363,,단독주택,2022,0,1,27.44,1,0,1,0,unknown,0.833,0,0,0,0,0,
7d5dea273c911f3a,인천,인천광역시 동구 만석동 1-55번지,인천광역시 동구 보세로26번길 24-22 (만석동),10100,28140,10551100181782,,공장,2013,0,1,422.9,1,0,0,0,unknown,0.833,0,1,0,0,1,non_residential_main_use
7d615891ca499dbb,서울,서울특별시 도봉구 쌍문동 7-22번지,서울특별시 도봉구 도봉로139길 63 (쌍문동),10500,11320,1011117018,,,2022,1,1,0.0,0,1,0,0,unknown,0.667,0,0,0,0,1,low_data_completeness
7d69ce9b4433fbd2,인천,인천광역시 서구 백석동 블록,인천광역시 서구 한들로 33 (백석동),10100,28260,1000000000000002032297,검암역 로열파크씨티 푸르지오 1단지,,2023,1,1,0.0,0,1,0,0,unknown,0.667,0,0,0,0,1,low_data_completeness
7d70a69825ea2cb1,인천,인천광역시 미추홀구 숭의동 1-94번지,인천광역시 미추홀구 수봉로33번길 25 (숭의동),10100,28177,105612197,,"단독주택, 근린생활시설",1968,0,1,111.0,1,0,0,0,unknown,0.833,1,0,0,0,1,old_building
7d75d132fb0e9c27,서울,서울특별시 강남구 역삼동 603-5번지,서울특별시 강남구 봉은사로 138 (역삼동),10100,11680,10241100249422,더스위트캐슬,오피스텔,2022,0,4,31.565,0,0,0,1,unknown,0.833,0,0,1,0,1,basement_or_unknown_floor
7d8b8541fd94556a,인천,인천광역시 동구 만석동 1-84번지,인천광역시 동구 보세로26번길 24-64 (만석동),10100,28140,10551100189342,주식회사금창아트텍,공장,2021,0,1,707.8,1,0,0,0,unknown,0.833,0,1,0,0,1,non_residential_main_use
7d8d461987db65a7,경기,경기도 고양시 일산동구 식사동 236-4번지,경기도 고양시 일산동구 견달산로210번길 45-15 (식사동),10100,41285,11041100226826,루미나리,,2022,1,1,0.0,0,1,0,0,unknown,0.667,0,0,0,0,1,low_data_completeness
7d9773bad819a101,경기,경기도 고양시 일산동구 식사동 236-6번지,경기도 고양시 일산동구 견달산로210번길 45-11 (식사동),10100,41285,11041100218308,루미나리,,2022,1,1,0.0,0,1,0,0,unknown,0.667,0,0,0,0,1,low_data_completeness
7da5bcdc20f1c41c,서울,서울특별시 관악구 봉천동 1-478번지,서울특별시 관악구 청림3바길 7-3 (봉천동),10100,11620,1022119162,,단독주택,1992,0,1,0.0,1,0,0,0,unknown,0.833,1,0,0,0,1,old_building
7da5f84530b3e4a0,경기,경기도 광주시 경안동 12-5번지,경기도 광주시 광주대로71번길 19-3 (경안동),10100,41610,1125116975,,주택.변소.창고,1979,0,1,0.0,1,0,0,0,unknown,0.833,1,0,0,0,1,old_building
7db9993c71e81a1e,서울,서울특별시 강서구 공항동 2-82번지,서울특별시 강서구 방화대로23길 29-7 (공항동),10800,11500,1017172462,주신빌라,다세대주택,2022,0,2,87.18,0,0,0,1,unknown,0.833,0,0,1,0,1,basement_or_unknown_floor
7dccbe5a65f732fb,경기,경기도 광주시 경안동 20-16번지,경기도 광주시 광주대로 31 (경안동),10100,41610,1000000000000002748007,지에이타워,,2023,1,1,0.0,0,1,0,0,unknown,0.667,0,0,0,0,1,low_data_completeness
7dcf5ee24817fa4f,인천,인천광역시 서구 백석동 블록,인천광역시 서구 한들로 33 (백석동),10100,28260,1000000000000002033052,검암역 로열파크씨티 푸르지오 1단지,,2023,1,1,0.0,0,1,0,0,unknown,0.667,0,0,0,0,1,low_data_completeness
7df89c3aad08db65,서울,서울특별시 노원구 월계동 12번지,서울특별시 노원구 마들로 127 (월계동),10200,11350,10121113005,,,2022,1,1,0.0,0,1,0,0,unknown,0.667,0,0,0,0,1,low_data_completeness
7e04b0ef920303d3,서울,서울특별시 관악구 봉천동 1-1116번지,서울특별시 관악구 청림3길 84 (봉천동),10100,11620,1022191849,,,2022,1,1,0.0,0,1,0,0,unknown,0.667,0,0,0,0,1,low_data_completeness
7e1b9be9785daf12,인천,인천광역시 중구 중앙동2가 4번지,인천광역시 중구 신포로23번길 58 (중앙동2가),10200,28110,10541636,,"근린생활시설, 주택",2022,0,1,0.0,1,0,0,0,unknown,0.833,0,0,0,0,0,
7e1faaf849db38b8,서울,서울특별시 구로구 신도림동 271-25번지,서울특별시 구로구 신도림로19길 144 (신도림동),10100,11530,10181100189235,신도림삼성쉐르빌 1,,2022,1,1,0.0,0,1,0,0,unknown,0.667,0,0,0,0,1,low_data_completeness
7e2c16f02e39306f,서울,서울특별시 강동구 명일동 15번지,서울특별시 강동구 명일로 375 (명일동),10100,11740,1026137771,삼익그린맨션,,2022,1,1,0.0,0,1,0,0,unknown,0.667,0,0,0,0,1,low_data_completeness
7e34f362f64fca81,서울,서울특별시 금천구 가산동 41-7번지,서울특별시 금천구 벚꽃로42길 18 (가산동),10100,11545,1019146397,,,2022,1,1,0.0,0,1,0,0,unknown,0.667,0,0,0,0,1,low_data_completeness
7e4601295c3e33cb,경기,경기도 과천시 문원동 15-38번지,경기도 과천시 공원마을3길 38 (문원동),10200,41290,11081100179154,현대빌라,,2022,1,1,0.0,0,1,0,0,unknown,0.667,0,0,0,0,1,low_data_completeness
7e5ce29794bc8de2,인천,인천광역시 서구 백석동 51-34번지,인천광역시 서구 한들로 66-34 (백석동),10100,28260,10611100310413,,체육관,2017,0,1,18.0,1,0,1,0,unknown,0.833,0,1,0,0,1,non_residential_main_use
7e60922addc8f9c3,인천,인천광역시 연수구 옥련동 118-16번지,인천광역시 연수구 한진로72번길 30 (옥련동),10100,28185,105718317,,,2022,1,1,0.0,0,1,0,0,unknown,0.667,0,0,1,0,1,basement_or_unknown_floor|low_data_completeness
7e6c9d8b4d75542f,인천,인천광역시 중구 중앙동2가 20-10번지,인천광역시 중구 신포로23번길 66 (중앙동2가),10200,28110,10541672,,제2종근린생활시설,1981,0,1,47.3,1,0,0,0,unknown,0.833,1,1,0,0,1,old_building|non_residential_main_use
7e876d17be3939e2,경기,경기도 광명시 광명동 24-73번지,경기도 광명시 연서일로17번길 29-20 (광명동),10100,41210,1098117409,,,2022,1,1,0.0,0,1,0,0,unknown,0.667,0,0,0,0,1,low_data_completeness
7e8b692f1cbc0b7f,경기,경기도 고양시 덕양구 주교동 218-7번지,경기도 고양시 덕양구 대주로 510 (주교동),10100,41281,1104120665,주교동 근린생활시설,"제2종근린생활시설,수리점",2004,0,1,475.0,1,0,0,0,unknown,0.833,1,1,0,0,1,old_building|non_residential_main_use
7e91dfb385ba6374,인천,인천광역시 서구 백석동 58번지,인천광역시 서구 자원순환로 628 (백석동),10100,28260,10611100257659,,분뇨처리시설,2012,0,2,6455.38,1,0,1,0,unknown,0.833,0,1,0,0,1,non_residential_main_use
7e96b0ab5a25ac70,서울,서울특별시 강동구 명일동 15번지,서울특별시 강동구 고덕로 210 (명일동),10100,11740,1026188573,삼익그린맨션,아파트,2022,1,3,91.93,0,1,0,1,unknown,0.833,0,0,0,0,0,
7e98b95e5f7f8f54,인천,인천광역시 중구 중앙동2가 6-1번지,인천광역시 중구 신포로27번길 59 (중앙동2가),10200,28110,10541639,,"제1종근린생활시설, 주택",2022,0,1,0.0,1,0,0,0,unknown,0.833,0,0,0,0,0,
7e9a77e7ff22d476,인천,인천광역시 서구 백석동 58번지,인천광역시 서구 야생화로 26-21 (백석동),10100,28260,10611100277176,,마사,2014,0,1,0.0,1,0,0,0,unknown,0.833,0,1,0,0,1,non_residential_main_use
7eb49b4ed396df52,서울,서울특별시 강서구 개화동 425-20번지,서울특별시 강서구 개화동로5길 3-18 (개화동),11000,11500,10171100238163,개화동 경동미르웰,다세대주택,2022,0,1,31.47,0,0,0,1,unknown,0.833,0,0,0,0,0,
7ebc58d63f6e5f8a,인천,인천광역시 남동구 구월동 3-8번지,인천광역시 남동구 석산로 230 (구월동),10100,28200,10581100314401,호진다온채,다세대주택,2018,0,5,321.95,1,0,1,0,unknown,0.833,0,0,0,0,0,
7ed0d9ffe54aa2ff,인천,인천광역시 연수구 옥련동 116-36번지,인천광역시 연수구 비류대로154번길 8 (옥련동),10100,28185,10571631,,주택,1985,0,1,0.0,1,0,0,0,unknown,0.833,1,0,0,0,1,old_building
7ed19e9d6f3056a4,경기,경기도 광명시 광명동 24-44번지,경기도 광명시 광삼로13번길 30-8 (광명동),10100,41210,109815391,,다세대주택,2002,0,1,114.0,1,0,0,0,unknown,0.833,1,0,0,0,1,old_building
7ef6de61e13dd9ed,서울,서울특별시 강동구 명일동 15번지,서울특별시 강동구 고덕로 210 (명일동),10100,11740,1026139080,삼익그린맨션,,2022,1,1,0.0,0,1,0,0,unknown,0.667,0,0,0,0,1,low_data_completeness
7f166af562315d7d,경기,경기도 광명시 광명동 24-31번지,경기도 광명시 광삼로13번길 38 (광명동),10100,41210,109815389,공주빌라,다세대주택,1999,0,4,1105.76,1,0,1,0,unknown,0.833,1,0,0,0,1,old_building
7f1990a51e660368,서울,서울특별시 금천구 가산동 50-3번지,서울특별시 금천구 벚꽃로 298 (가산동),10100,11545,10191100191120,대륭 포스트타워 6차,,2022,1,1,0.0,0,1,0,0,unknown,0.667,0,0,0,0,1,low_data_completeness
7f2a43933fc75480,서울,서울특별시 강동구 명일동 47-16번지,서울특별시 강동구 동남로75길 13-25 (명일동),10100,11740,102615095,동혜빌딩,근린생활시설,1993,0,1,671.8,1,0,0,0,unknown,0.833,1,1,0,0,1,old_building|non_residential_main_use
7f3e8ccd2df841fe,서울,서울특별시 강서구 염창동 58번지,서울특별시 강서구 양천로67길 50-29 (염창동),10100,11500,1017191904,블래스밸리,,2022,1,1,0.0,0,1,0,0,unknown,0.667,0,0,0,0,1,low_data_completeness
7f4b45770a18befb,경기,경기도 과천시 문원동 15-3번지,경기도 과천시 공원마을1길 45-1 (문원동),10200,41290,11081100187734,,단독주택(다가구주택),2018,0,1,248.0,1,0,0,0,unknown,0.833,0,0,0,0,0,
7f51b762f68e5bac,경기,경기도 고양시 덕양구 주교동 272-1번지,경기도 고양시 덕양구 원당로59번길 94-7 (주교동),10100,41281,11041117532,윤창아파트,,2022,1,1,0.0,0,1,0,0,unknown,0.667,0,0,1,0,1,basement_or_unknown_floor|low_data_completeness
7f6ae57e66675ad0,서울,서울특별시 광진구 중곡동 18-23번지,서울특별시 광진구 용마산로 138 (중곡동),10100,11215,1006127442,,,2022,1,1,0.0,0,1,0,0,unknown,0.667,0,0,0,0,1,low_data_completeness
7f8c566090331c0c,서울,서울특별시 금천구 가산동 41-7번지,서울특별시 금천구 벚꽃로42길 18 (가산동),10100,11545,1019146403,,,2022,1,1,0.0,0,1,0,0,unknown,0.667,0,0,0,0,1,low_data_completeness
7f9272990067b16e,인천,인천광역시 서구 백석동 블록,인천광역시 서구 한들로 33 (백석동),10100,28260,1000000000000002031329,검암역 로열파크씨티 푸르지오 1단지,,2023,1,1,0.0,0,1,0,0,unknown,0.667,0,0,0,0,1,low_data_completeness
7fa089dc637a0b37,경기,경기도 고양시 일산동구 식사동 210-1번지,경기도 고양시 일산동구 사리현로 24-75 (식사동),10100,41285,11041204929,,,2022,1,1,0.0,0,1,0,0,unknown,0.667,0,0,1,0,1,basement_or_unknown_floor|low_data_completeness
7fa400c73283ae4b,경기,경기도 군포시 당동 14-1번지,경기도 군포시 공단로 149 (당동),10100,41410,111319593,아이밸리 군포,,2022,1,1,0.0,0,1,0,0,unknown,0.667,0,0,1,0,1,basement_or_unknown_floor|low_data_completeness
7fa6823ade1dad24,서울,서울특별시 관악구 봉천동 1-503번지,서울특별시 관악구 청림3길 34-1 (봉천동),10100,11620,102213424,,단독주택,1975,0,1,0.0,1,0,0,0,unknown,0.833,1,0,0,0,1,old_building
7fb928a2b12437af,인천,인천광역시 동구 만석동 1-81번지,인천광역시 동구 보세로26번길 24-35 (만석동),10100,28140,10551100184202,,공장,2016,0,1,364.0,1,0,0,0,unknown,0.833,0,1,0,0,1,non_residential_main_use
7fd085c28efc5a3c,인천,인천광역시 옹진군 북도면 시도리 116-1번지,,31021,28720,10631581,,제1종근린생활시설,2022,0,1,0.0,1,0,0,0,unknown,0.833,0,1,0,0,1,non_residential_main_use
7fda861b4cab0719,경기,경기도 김포시 북변동 200-23번지,경기도 김포시 봉화로 158-1 (북변동),10100,41570,112313659,,주택,2022,0,1,242.0,1,0,0,0,unknown,0.833,0,0,0,0,0,
7fe89175bfae754a,경기,경기도 구리시 갈매동 510번지,경기도 구리시 갈매순환로204번길 65 (갈매동),10100,41310,11091100207240,구리 스마트벤처타워,,2022,1,1,0.0,0,1,0,0,unknown,0.667,0,0,0,0,1,low_data_completeness
7ff4a1312403c218,경기,경기도 군포시 당동 168-4번지,경기도 군포시 공단로 39-1 (당동),10100,41410,11131589,101,공장,2005,0,1,579.0,1,0,0,0,unknown,0.833,1,1,0,0,1,old_building|non_residential_main_use
801419cca2d92d4e,인천,인천광역시 옹진군 백령면 진촌리 959-4번지,인천광역시 옹진군 백령로278번길 133-20 (백령면 진촌리),33021,28720,10631100209072,백령 공공실버 마을,,2022,1,1,0.0,0,1,0,0,unknown,0.667,0,0,0,0,1,low_data_completeness
8020493f7d3b03d4,경기,경기도 고양시 일산서구 일산동 525-21번지,경기도 고양시 일산서구 고양대로 724-8 (일산동),10100,41287,11041320771,,,2022,1,1,0.0,0,1,0,0,unknown,0.667,0,0,0,0,1,low_data_completeness
8026ec4efe7ef36e,인천,인천광역시 동구 만석동 1-10번지,인천광역시 동구 만석부두로7번길 15 (만석동),10100,28140,10551186,,창고,1995,0,2,17056.76,1,0,1,0,unknown,0.833,1,1,0,0,1,old_building|non_residential_main_use
803afea3fe3a3198,경기,경기도 고양시 일산서구 일산동 524-16번지,경기도 고양시 일산서구 일중로 17 (일산동),10100,41287,11041325920,포오스프라자,,2022,1,1,0.0,0,1,0,0,unknown,0.667,0,0,0,0,1,low_data_completeness
8049940fa3d921bc,인천,인천광역시 동구 만석동 5-6번지,인천광역시 동구 인중로 438 (만석동),10100,28140,1055112102,,,2022,1,1,0.0,0,1,0,0,unknown,0.667,0,0,0,0,1,low_data_completeness
8051e8c25febb87c,경기,경기도 고양시 일산동구 식사동 231-1번지,경기도 고양시 일산동구 견달산로210번길 47-5 (식사동),10100,41285,11041100324899,드림팰리스,,2022,1,1,0.0,0,1,0,0,unknown,0.667,0,0,0,0,1,low_data_completeness
805d00a2ecdc9ed9,서울,서울특별시 금천구 가산동 50-3번지,서울특별시 금천구 벚꽃로 298 (가산동),10100,11545,10191100191158,대륭 포스트타워 6차,,2022,1,1,0.0,0,1,0,0,unknown,0.667,0,0,0,0,1,low_data_completeness
806734e37041ecb6,인천,인천광역시 강화군 강화읍 신문리 205-5번지,인천광역시 강화군 강화대로 429 (강화읍 신문리),25021,28710,1062135844,중앙시장,,2022,1,1,0.0,0,1,0,0,unknown,0.667,0,0,1,0,1,basement_or_unknown_floor|low_data_completeness
806aaabebde74fe3,인천,인천광역시 연수구 옥련동 116-41번지,인천광역시 연수구 비류대로154번길 15 (옥련동),10100,28185,10571634,,주택,1985,0,1,0.0,1,0,0,0,unknown,0.833,1,0,0,0,1,old_building
806bd773a703b16f,경기,경기도 광주시 경안동 11-4번지,경기도 광주시 광주대로71번길 16-15 (경안동),10100,41610,11251100368542,,단독주택(다가구주택),2020,0,1,183.0,1,0,0,0,unknown,0.833,0,0,0,0,0,
806dde294d18d54f,인천,인천광역시 연수구 옥련동 79-1번지,인천광역시 연수구 독배로 113-2 (옥련동),10100,28185,1000000000000002929107,,소매점,2024,0,2,458.26,1,0,1,0,unknown,0.833,0,1,0,0,1,non_residential_main_use
808b06c02af430a0,인천,인천광역시 서구 백석동 58번지,인천광역시 서구 녹색숲로31번길 78-3 (백석동),10100,28260,10611100320512,,분뇨및쓰레기처리시설,2022,0,1,0.0,1,0,0,0,unknown,0.833,0,1,0,0,1,non_residential_main_use
808dfa7cb44f393a,서울,서울특별시 강서구 염창동 182-14번지,서울특별시 강서구 양천로75길 31 (염창동),10100,11500,1017122707,본월드빌딩,"업무시설,문화및집회시설(교회)",2005,0,1,522.0,1,0,0,0,unknown,0.833,1,1,0,0,1,old_building|non_residential_main_use
80905a23d7b89a1c,서울,서울특별시 강동구 명일동 48-1번지,서울특별시 강동구 동남로73길 31 (명일동),10100,11740,1026114918,,"근린생활시설,교육연구시설,업무시설,운동시설",1990,0,1,1908.7,1,0,0,0,unknown,0.833,1,1,0,0,1,old_building|non_residential_main_use
8090967b68832633,서울,서울특별시 강서구 방화동 128-1번지,서울특별시 강서구 방화대로52가길 36 (방화동),10900,11500,10171167853,한림빌리지,연립주택,2022,0,2,92.11,0,0,0,1,unknown,0.833,0,0,1,0,1,basement_or_unknown_floor
8095b46ce0b6d4c1,서울,서울특별시 관악구 봉천동 1-407번지,서울특별시 관악구 청림3다길 13 (봉천동),10100,11620,1022130230,,단독주택,1983,0,1,0.0,1,0,0,0,unknown,0.833,1,0,0,0,1,old_building
80a41449aa7fbae3,서울,서울특별시 강북구 미아동 3-67번지,서울특별시 강북구 오패산로30가길 5-2 (미아동),10100,11305,10101788,,단독주택,1968,0,1,0.0,1,0,0,0,unknown,0.833,1,0,0,0,1,old_building
80b5202a6736cde4,경기,경기도 과천시 문원동 15-37번지,경기도 과천시 공원마을3길 42 (문원동),10200,41290,11081100179372,문원동 15-37 단독주택 (김성기),다가구주택,2010,0,1,248.0,1,0,0,0,unknown,0.833,0,0,0,0,0,
80b88aa22a0af80e,서울,서울특별시 도봉구 쌍문동 23-56번지,서울특별시 도봉구 방학로3가길 30 (쌍문동),10500,11320,10111592,,단독주택,1988,0,1,110.0,1,0,0,0,unknown,0.833,1,0,0,0,1,old_building
80c59bb3f04f3369,서울,서울특별시 광진구 중곡동 18-16번지,서울특별시 광진구 용마산로28길 24 (중곡동),10100,11215,100618025,,연립주택,1985,0,3,1247.16,1,0,1,0,unknown,0.833,1,0,0,0,1,old_building
810746c4f9fec576,경기,경기도 고양시 일산서구 일산동 64번지,,10100,41287,11041229462,,단독주택,2022,0,1,61.69,1,0,1,0,unknown,0.833,0,0,0,0,0,
810d1df338b60f9f,인천,인천광역시 동구 만석동 1-91번지,인천광역시 동구 보세로42번길 30-12 (만석동),10100,28140,1000000000000006544595,,공장,2025,0,1,962.0,1,0,0,0,unknown,0.833,0,1,0,0,1,non_residential_main_use
811d07341c126d30,인천,인천광역시 서구 백석동 블록,인천광역시 서구 한들로 33 (백석동),10100,28260,1000000000000002032163,검암역 로열파크씨티 푸르지오 1단지,,2023,1,1,0.0,0,1,0,0,unknown,0.667,0,0,0,0,1,low_data_completeness
81205c470d11f5a4,서울,서울특별시 관악구 봉천동 1-261번지,서울특별시 관악구 청림3마길 17-8 (봉천동),10100,11620,1022129819,,단독주택,1987,0,1,0.0,1,0,0,0,unknown,0.833,1,0,0,0,1,old_building
812af856e5a6644a,인천,인천광역시 옹진군 북도면 장봉리 654번지,인천광역시 옹진군 장봉로720번길 12 (북도면 장봉리),31024,28720,106318384,장봉리다세대주택,,2022,1,1,0.0,0,1,0,0,unknown,0.667,0,0,0,0,1,low_data_completeness
814306cea7848bbb,서울,서울특별시 강서구 등촌동 14-7번지,서울특별시 강서구 양천로 424 (등촌동),10200,11500,10171100352558,가양역 데시앙플렉스 지식산업센터,기타공장,2022,0,2,86.19,0,0,0,1,unknown,0.833,0,1,1,0,1,non_residential_main_use|basement_or_unknown_floor
815dfb474bc7ea7d,서울,서울특별시 구로구 신도림동 281-71번지,서울특별시 구로구 신도림로11라길 59-13 (신도림동),10100,11530,101815249,,"주택, 근린생활시설",1988,0,1,0.0,1,0,0,0,unknown,0.833,1,0,0,0,1,old_building
8168814b5accd935,경기,경기도 고양시 일산서구 일산동 524-16번지,경기도 고양시 일산서구 일중로 17 (일산동),10100,41287,11041325957,포오스프라자,,2022,1,1,0.0,0,1,0,0,unknown,0.667,0,0,0,0,1,low_data_completeness
816e0584cc1adbdb,서울,서울특별시 강남구 역삼동 755-1번지,서울특별시 강남구 역삼로 314 (역삼동),10100,11680,1024124507,개나리 푸르지오,,2022,1,1,0.0,0,1,0,0,unknown,0.667,0,0,0,0,1,low_data_completeness
8171836faf5dbefb,경기,경기도 구리시 갈매동 510번지,경기도 구리시 갈매순환로204번길 65 (갈매동),10100,41310,11091100207154,구리 스마트벤처타워,,2022,1,1,0.0,0,1,0,0,unknown,0.667,0,0,0,0,1,low_data_completeness
81721d5c0de9ba8b,경기,경기도 광주시 경안동 20-16번지,경기도 광주시 광주대로 31 (경안동),10100,41610,1000000000000002747967,지에이타워,,2023,1,1,0.0,0,1,0,0,unknown,0.667,0,0,0,0,1,low_data_completeness
8172a1f08d1aa4ca,경기,경기도 광주시 경안동 11-36번지,경기도 광주시 중앙로154번길 20 (경안동),10100,41610,1125128747,,다가구주택,2002,0,1,320.0,1,0,0,0,unknown,0.833,1,0,0,0,1,old_building
817d9878a424e18d,경기,경기도 광명시 광명동 24-31번지,경기도 광명시 광삼로13번길 38 (광명동),10100,41210,1098117388,공주빌라,,2022,1,1,0.0,0,1,0,0,unknown,0.667,0,0,1,0,1,basement_or_unknown_floor|low_data_completeness
818eb90665c37767,서울,서울특별시 강북구 미아동 3-10번지,서울특별시 강북구 오현로9길 19 (미아동),10100,11305,1010130846,,연립주택,2022,1,1,39.69,0,1,0,1,unknown,0.833,0,0,0,0,0,
81921653270421f1,서울,서울특별시 구로구 신도림동 281-37번지,서울특별시 구로구 신도림로11라길 59-18 (신도림동),10100,11530,101816409,,"근린생활시설, 주택",1991,0,1,0.0,1,0,0,0,unknown,0.833,1,0,0,0,1,old_building
81925bed136fd174,서울,서울특별시 강서구 방화동 128-1번지,서울특별시 강서구 방화대로52가길 36 (방화동),10900,11500,10171167865,한림빌리지,연립주택,2022,0,2,93.62,0,0,0,1,unknown,0.833,0,0,1,0,1,basement_or_unknown_floor
81abdef4eac64e72,인천,인천광역시 옹진군 북도면 시도리 133번지,인천광역시 옹진군 시도로104번길 105-53 (북도면 시도리),31021,28720,10631100186458,,제1종근린생활시설,2014,0,1,578.0,1,0,0,0,unknown,0.833,0,1,0,0,1,non_residential_main_use
81ac8c42d39880fd,인천,인천광역시 옹진군 북도면 시도리 62번지,인천광역시 옹진군 시도로86번길 217-23 (북도면 시도리),31021,28720,10631100213279,,제2종근린생활시설,2021,0,1,445.0,1,0,0,0,unknown,0.833,0,1,0,0,1,non_residential_main_use
81bcd96134baf617,서울,서울특별시 노원구 월계동 12번지,서울특별시 노원구 마들로 127 (월계동),10200,11350,101212704,,아파트,1987,0,1,0.0,1,0,0,0,unknown,0.833,1,0,0,0,1,old_building
81c05f5ab2a4f4fe,서울,서울특별시 도봉구 쌍문동 13-2번지,서울특별시 도봉구 도당로 18 (쌍문동),10500,11320,1011117058,,,2022,1,1,0.0,0,1,0,0,unknown,0.667,0,0,0,0,1,low_data_completeness
81c92206e7b11634,인천,인천광역시 남동구 구월동 3-26번지,인천광역시 남동구 석산로228번길 29 (구월동),10100,28200,10581100331195,삼성주택,,2022,1,1,0.0,0,1,0,0,unknown,0.667,0,0,0,0,1,low_data_completeness
81cae41c1a7359f3,서울,서울특별시 강동구 명일동 15번지,서울특별시 강동구 고덕로 210 (명일동),10100,11740,1026138863,삼익그린맨션,,2022,1,1,0.0,0,1,0,0,unknown,0.667,0,0,0,0,1,low_data_completeness
81cc6698f45e1d5a,인천,인천광역시 남동구 구월동 3-23번지,인천광역시 남동구 당좌로 39 (구월동),10100,28200,10581100316222,나라사랑주택,,2022,1,1,0.0,0,1,0,0,unknown,0.667,0,0,0,0,1,low_data_completeness
81e9d203e8cb97bb,서울,서울특별시 강남구 역삼동 606-18번지,,10100,11680,1024115700,,아파트,1999,0,1,1671.1,1,0,0,0,unknown,0.833,1,0,0,0,1,old_building
81eff1443c60ae1d,경기,경기도 가평군 가평읍 읍내리 214번지,경기도 가평군 가평제방길 233 (가평읍 읍내리),25021,41820,1000000000000002714653,힐스테이트 가평 더뉴클래스,,2023,1,1,0.0,0,1,0,0,unknown,0.667,0,0,0,0,1,low_data_completeness
821cb0d8a1cb82c0,인천,인천광역시 옹진군 북도면 모도리 267-1번지,인천광역시 옹진군 모도로140번길 19-16 (북도면 모도리),31023,28720,1000000000000001872494,모도파라다이스,,2023,1,1,0.0,0,1,0,0,unknown,0.667,0,0,0,0,1,low_data_completeness
8238125f895bacb7,서울,서울특별시 구로구 신도림동 280-17번지,서울특별시 구로구 신도림로11라길 47-3 (신도림동),10100,11530,1018123813,,제1종근린생활시설,1975,0,1,0.0,1,0,0,0,unknown,0.833,1,1,0,0,1,old_building|non_residential_main_use
823cacedc95b357a,서울,서울특별시 강북구 미아동 3-12번지,서울특별시 강북구 오현로9길 13 (미아동),10100,11305,10101100195796,,,2022,1,1,0.0,0,1,0,0,unknown,0.667,0,0,0,0,1,low_data_completeness
8277cedfe5ee9a0d,경기,경기도 광명시 광명동 24-2번지,경기도 광명시 광삼로13번길 29 (광명동),10100,41210,10981709,,교회,1971,0,2,1218.15,1,0,1,0,unknown,0.833,1,1,0,0,1,old_building|non_residential_main_use
828a69c274436fed,서울,서울특별시 구로구 신도림동 281-73번지,서울특별시 구로구 구로중앙로42길 128-5 (신도림동),10100,11530,1018120136,,제2종근린생활시설(제조업소),1975,0,1,0.0,1,0,0,0,unknown,0.833,1,1,0,0,1,old_building|non_residential_main_use
828daaec657955db,서울,서울특별시 강서구 개화동 421-70번지,서울특별시 강서구 개화동로5길 9-11 (개화동),11000,11500,10171100238157,경동 미르웰,다세대주택,2022,0,1,30.95,0,0,0,1,unknown,0.833,0,0,0,0,0,
8294d2ea06d5ee6a,서울,서울특별시 노원구 월계동 12번지,서울특별시 노원구 마들로 127 (월계동),10200,11350,1012141505,,,2022,1,1,0.0,0,1,0,0,unknown,0.667,0,0,0,0,1,low_data_completeness
82aa1aba10192e7d,인천,인천광역시 옹진군 백령면 진촌리 959-4번지,인천광역시 옹진군 백령로278번길 133-20 (백령면 진촌리),33021,28720,10631100209076,백령 공공실버 마을,,2022,1,1,0.0,0,1,0,0,unknown,0.667,0,0,0,0,1,low_data_completeness
82c1f7a54dbb013f,경기,경기도 구리시 갈매동 510번지,경기도 구리시 갈매순환로204번길 65 (갈매동),10100,41310,11091100207199,구리 스마트벤처타워,,2022,1,1,0.0,0,1,0,0,unknown,0.667,0,0,0,0,1,low_data_completeness
82e153286526381c,서울,서울특별시 강서구 공항동 8-5번지,서울특별시 강서구 방화대로19길 3 (공항동),10800,11500,1000000000000003188889,헬리그라프 마곡에디션,오피스텔,2024,0,4,56.48,0,0,0,1,unknown,0.833,0,0,1,0,1,basement_or_unknown_floor
82e3b8dac7eceecb,경기,경기도 가평군 가평읍 읍내리 124-3번지,경기도 가평군 잎너비길 29 (가평읍 읍내리),25021,41820,113012012,,단독주택,1996,0,1,0.0,1,0,0,0,unknown,0.833,1,0,0,0,1,old_building
82eb58c7c19617e4,경기,경기도 고양시 일산동구 식사동 210-1번지,경기도 고양시 일산동구 사리현로 24-75 (식사동),10100,41285,11041204925,,,2022,1,1,0.0,0,1,0,0,unknown,0.667,0,0,1,0,1,basement_or_unknown_floor|low_data_completeness
82edc740ac3e0c85,경기,경기도 김포시 북변동 110번지,,10100,41570,112313581,,단독주택,2022,0,1,23.7,1,0,1,0,unknown,0.833,0,0,0,0,0,
82f005d13efe9b31,인천,인천광역시 미추홀구 숭의동 1-143번지,인천광역시 미추홀구 경인로144번길 10 (숭의동),10100,28177,105612224,,"근린생활시설, 주택",2001,0,1,202.58,1,0,0,0,unknown,0.833,1,0,0,0,1,old_building
82f3dce07aaa2f63,경기,경기도 김포시 북변동 200-10번지,경기도 김포시 봉화로 164-18 (북변동),10100,41570,112313652,,단독주택/창고,2002,0,1,228.0,1,0,0,0,unknown,0.833,1,0,0,0,1,old_building
82fb8d7b23b1e20b,인천,인천광역시 동구 만석동 5-20번지,인천광역시 동구 인중로 440 (만석동),10100,28140,1055112116,서해그린빌라,,2022,1,1,0.0,0,1,0,0,unknown,0.667,0,0,1,0,1,basement_or_unknown_floor|low_data_completeness
82fba2813f83eac5,서울,서울특별시 광진구 중곡동 18-12번지,서울특별시 광진구 용마산로 156 (중곡동),10100,11215,10061100225206,월드하우스,,2022,1,1,0.0,0,1,0,0,unknown,0.667,0,0,0,0,1,low_data_completeness
82fdcb63db46366d,경기,경기도 김포시 북변동 200-6번지,경기도 김포시 봉화로 164-4 (북변동),10100,41570,1000000000000002665907,MU빌리지,,2023,1,1,0.0,0,1,0,0,unknown,0.667,0,0,0,0,1,low_data_completeness
83047dc60b838265,서울,서울특별시 강남구 역삼동 713-11번지,서울특별시 강남구 역삼로 307 (역삼동),10100,11680,1024124811,역삼 I'PARK,,2022,1,1,0.0,0,1,0,0,unknown,0.667,0,0,0,0,1,low_data_completeness
830da3b98466bc2e,서울,서울특별시 금천구 가산동 32-34번지,서울특별시 금천구 벚꽃로52길 7 (가산동),10100,11545,1019116720,,다가구용단독주택(3가구),1992,0,1,92.48,1,0,0,0,unknown,0.833,1,0,0,0,1,old_building
8317c304c3dc5e1c,경기,경기도 과천시 문원동 15-50번지,경기도 과천시 공원마을6길 33 (문원동),10200,41290,11081100178884,문원동 15-50 공동주택(힐탑빌),,2022,1,1,0.0,0,1,0,0,unknown,0.667,0,0,0,0,1,low_data_completeness
831a05070bbda3bc,인천,인천광역시 연수구 옥련동 118-19번지,인천광역시 연수구 비류대로144번길 23-6 (옥련동),10100,28185,105718328,,,2022,1,1,0.0,0,1,0,0,unknown,0.667,0,0,1,0,1,basement_or_unknown_floor|low_data_completeness
8321592b88eedbc1,경기,경기도 가평군 가평읍 읍내리 76-8번지,경기도 가평군 잎너비길 17-171 (가평읍 읍내리),25021,41820,11301100195820,,사무소,2012,0,1,64.56,1,0,1,0,unknown,0.833,0,1,0,0,1,non_residential_main_use
83324bbe8d287657,인천,인천광역시 강화군 강화읍 신문리 61번지,인천광역시 강화군 강화대로403번길 15 (강화읍 신문리),25021,28710,10621100181372,,제2종근린생활시설,2010,0,1,247.0,1,0,0,0,unknown,0.833,0,1,0,0,1,non_residential_main_use
833432cd21b8c18d,경기,경기도 광명시 광명동 24-29번지,경기도 광명시 연서일로17번길 29-8 (광명동),10100,41210,1098117379,,,2022,1,1,0.0,0,1,0,0,unknown,0.667,0,0,0,0,1,low_data_completeness
833ab14288dd8f64,인천,인천광역시 중구 중앙동3가 4-8번지,인천광역시 중구 홍예문로 7 (중앙동3가),10300,28110,1054115535,,,2022,1,1,0.0,0,1,0,0,unknown,0.667,0,0,0,0,1,low_data_completeness
8355507fac17a1e4,서울,서울특별시 금천구 가산동 41-7번지,서울특별시 금천구 벚꽃로42길 18 (가산동),10100,11545,1019146408,,,2022,1,1,0.0,0,1,0,0,unknown,0.667,0,0,0,0,1,low_data_completeness
835cb50fa874c0fe,서울,서울특별시 강서구 염창동 66-9번지,서울특별시 강서구 양천로67길 77 (염창동),10100,11500,101713831,염창동우성아파트,"아파트, 관리실, 기계실, 노인정, 수위실, 지하주차장",1990,0,1,0.0,1,0,0,0,unknown,0.833,1,0,0,0,1,old_building
836281d80d269a5e,서울,서울특별시 강서구 염창동 65번지,서울특별시 강서구 양천로67길 71-3 (염창동),10100,11500,10171100318496,진영리버타운,,2022,1,1,0.0,0,1,0,0,unknown,0.667,0,0,0,0,1,low_data_completeness
836ce656df667db0,서울,서울특별시 강서구 염창동 56-2번지,서울특별시 강서구 양천로67길 96-14 (염창동),10100,11500,101712436,,기타종교집회장,1996,0,2,449.01,1,0,1,0,unknown,0.833,1,1,0,0,1,old_building|non_residential_main_use
83a8f6235903f6e0,서울,서울특별시 도봉구 쌍문동 8-25번지,서울특별시 도봉구 방학로5길 26 (쌍문동),10500,11320,10111547,,다가구주택,1987,0,4,404.0,1,0,1,0,unknown,0.833,1,0,0,0,1,old_building
83c4c49291cea3ea,서울,서울특별시 노원구 월계동 12번지,서울특별시 노원구 마들로 127 (월계동),10200,11350,1012141585,,,2022,1,1,0.0,0,1,0,0,unknown,0.667,0,0,0,0,1,low_data_completeness
83d0a564d1f05566,서울,서울특별시 구로구 신도림동 271-25번지,서울특별시 구로구 신도림로19길 144 (신도림동),10100,11530,10181100189170,신도림삼성쉐르빌 1,,2022,1,1,0.0,0,1,0,0,unknown,0.667,0,0,0,0,1,low_data_completeness
83db020757b157e3,서울,서울특별시 강서구 등촌동 14-7번지,서울특별시 강서구 양천로 424 (등촌동),10200,11500,10171100352348,가양역 데시앙플렉스 지식산업센터,기타공장,2022,0,2,234.0,0,0,0,1,unknown,0.833,0,1,1,0,1,non_residential_main_use|basement_or_unknown_floor
83df6fcf1972e0af,인천,인천광역시 서구 백석동 블록,인천광역시 서구 한들로 73 (백석동),10100,28260,1000000000000002035863,검암역 로열파크씨티 푸르지오 2단지,,2023,1,1,0.0,0,1,0,0,unknown,0.667,0,0,0,0,1,low_data_completeness
83f90b8a16ba5124,경기,경기도 김포시 북변동 200-40번지,경기도 김포시 봉화로 162-2 (북변동),10100,41570,11231100515351,,,2022,1,1,0.0,0,1,0,0,unknown,0.667,0,0,0,0,1,low_data_completeness
8402bb085874398b,경기,경기도 가평군 가평읍 읍내리 214번지,경기도 가평군 가평제방길 233 (가평읍 읍내리),25021,41820,1000000000000002714965,힐스테이트 가평 더뉴클래스,,2023,1,1,0.0,0,1,0,0,unknown,0.667,0,0,0,0,1,low_data_completeness
8428ecb5b2f4d950,경기,경기도 광주시 경안동 11-14번지,경기도 광주시 중앙로154번길 27-5 (경안동),10100,41610,1125123858,,주택,1959,0,1,0.0,1,0,0,0,unknown,0.833,1,0,0,0,1,old_building
8462fb4b7d8356d0,인천,인천광역시 중구 중앙동2가 20-9번지,인천광역시 중구 신포로23번길 68 (중앙동2가),10200,28110,10541671,,주택,2022,0,1,0.0,1,0,0,0,unknown,0.833,0,0,0,0,0,
846a02e511dc743c,경기,경기도 군포시 당동 14-1번지,경기도 군포시 공단로 149 (당동),10100,41410,111319620,아이밸리 군포,,2022,1,1,0.0,0,1,0,0,unknown,0.667,0,0,1,0,1,basement_or_unknown_floor|low_data_completeness
847b7d9cff42cf49,인천,인천광역시 강화군 강화읍 신문리 205-5번지,인천광역시 강화군 강화대로 429 (강화읍 신문리),25021,28710,1062135846,중앙시장,,2022,1,1,0.0,0,1,0,0,unknown,0.667,0,0,1,0,1,basement_or_unknown_floor|low_data_completeness
8495225471dbb132,인천,인천광역시 옹진군 북도면 시도리 155번지,인천광역시 옹진군 시도로104번길 67 (북도면 시도리),31021,28720,10631584,,단독주택,2002,0,1,660.0,1,0,0,0,unknown,0.833,1,0,0,0,1,old_building
84a3e849536304e2,서울,서울특별시 강남구 역삼동 601-17번지,서울특별시 강남구 봉은사로4길 3 (역삼동),10100,11680,102418545,,주거시설,1996,0,1,297.1,1,0,0,0,unknown,0.833,1,1,0,0,1,old_building|non_residential_main_use
84a834ee30dbe542,경기,경기도 고양시 일산동구 식사동 13-8번지,,10100,41285,11041100436783,저장고(탄1),국방ㆍ군사시설,1976,0,1,652599.92,1,0,1,0,unknown,0.833,1,1,0,0,1,old_building|non_residential_main_use
84b174d78409c8b5,인천,인천광역시 남동구 구월동 1번지,,10100,28200,105811814,,단독주택,1974,0,1,66.11,1,0,1,0,unknown,0.833,1,0,0,0,1,old_building
84b233da6de907a0,인천,인천광역시 남동구 구월동 3-26번지,인천광역시 남동구 당좌로35번길 8-1 (구월동),10100,28200,10581100331210,삼성주택,,2022,1,1,0.0,0,1,0,0,unknown,0.667,0,0,0,0,1,low_data_completeness
84c2ae5b948cfc8e,서울,서울특별시 구로구 신도림동 276-50번지,서울특별시 구로구 신도림로11라길 71-8 (신도림동),10100,11530,1018116905,,공장,1976,0,1,0.0,1,0,0,0,unknown,0.833,1,1,0,0,1,old_building|non_residential_main_use
84ddc8c125969d52,인천,인천광역시 옹진군 북도면 시도리 10-5번지,,31021,28720,10631100200140,,단독주택,2017,0,1,9.73,1,0,1,0,unknown,0.833,0,0,0,0,0,
84e8a3aa56b110f3,경기,경기도 고양시 덕양구 주교동 272-1번지,경기도 고양시 덕양구 원당로59번길 94-7 (주교동),10100,41281,11041117542,윤창아파트,,2022,1,1,0.0,0,1,0,0,unknown,0.667,0,0,1,0,1,basement_or_unknown_floor|low_data_completeness
84ed7d3d5a700f05,경기,경기도 광명시 광명동 24-11번지,경기도 광명시 광삼로13번길 28-15 (광명동),10100,41210,10981718,,단독주택,1984,0,1,146.66,1,0,1,0,unknown,0.833,1,0,0,0,1,old_building
84fa54260471be1c,경기,경기도 가평군 가평읍 읍내리 214번지,경기도 가평군 가평제방길 233 (가평읍 읍내리),25021,41820,1000000000000002714893,힐스테이트 가평 더뉴클래스,,2023,1,1,0.0,0,1,0,0,unknown,0.667,0,0,0,0,1,low_data_completeness
85137a3672f5f5f9,인천,인천광역시 강화군 강화읍 신문리 205-5번지,인천광역시 강화군 강화대로 429 (강화읍 신문리),25021,28710,1062135894,중앙시장,,2022,1,1,0.0,0,1,0,0,unknown,0.667,0,0,1,0,1,basement_or_unknown_floor|low_data_completeness
8514ab9a8eae20bc,인천,인천광역시 미추홀구 숭의동 1-38번지,,10100,28177,105612171,,주택,1985,0,1,0.0,1,0,0,0,unknown,0.833,1,0,0,0,1,old_building
854f9bdab66a5035,경기,경기도 고양시 일산서구 일산동 525-21번지,경기도 고양시 일산서구 고양대로 724-8 (일산동),10100,41287,11041236102,,일반음식점,2003,0,3,976.79,1,0,1,0,unknown,0.833,1,1,0,0,1,old_building|non_residential_main_use
856f9155fb26c6fc,경기,경기도 광주시 경안동 10-24번지,경기도 광주시 광주대로71번길 6 (경안동),10100,41610,11251100247154,,,2022,1,1,0.0,0,1,0,0,unknown,0.667,0,0,0,0,1,low_data_completeness
8574d5a9be7014a2,인천,인천광역시 중구 중앙동1가 9-1번지,인천광역시 중구 제물량로232번안길 17 (중앙동1가),10100,28110,10541602,인천개항박물관 부속 수장고,기타문화및집회시설,2022,0,1,168.2,1,0,1,0,unknown,0.833,0,1,0,0,1,non_residential_main_use
858717ca1e1189be,경기,경기도 고양시 일산서구 일산동 551-38번지,경기도 고양시 일산서구 일중로55번길 22 (일산동),10100,41287,11041237285,,"공동주택,근생",2004,0,1,281.0,1,0,0,0,unknown,0.833,1,0,0,0,1,old_building
85a5943843c73dc7,인천,인천광역시 동구 만석동 1-72번지,인천광역시 동구 보세로26번길 24-31 (만석동),10100,28140,10551100182321,,공장,2014,0,1,474.6,1,0,0,0,unknown,0.833,0,1,0,0,1,non_residential_main_use
85ae1b8cf2e9943f,경기,경기도 광명시 광명동 25-13번지,경기도 광명시 광명로928번길 42-3 (광명동),10100,41210,1098117443,,,2022,1,1,0.0,0,1,0,0,unknown,0.667,0,0,0,0,1,low_data_completeness
85b8eb61aa454850,경기,경기도 고양시 일산동구 식사동 13-8번지,,10100,41285,11041100436770,저장고(탄33),국방ㆍ군사시설,1976,0,1,652544.48,1,0,1,0,unknown,0.833,1,1,0,0,1,old_building|non_residential_main_use
85ba00ad42a7de6b,경기,경기도 군포시 당동 14-1번지,경기도 군포시 공단로 149 (당동),10100,41410,111319558,아이밸리 군포,,2022,1,1,0.0,0,1,0,0,unknown,0.667,0,0,1,0,1,basement_or_unknown_floor|low_data_completeness
85c1d0c56a34e94c,서울,서울특별시 금천구 가산동 29-6번지,서울특별시 금천구 벚꽃로56길 76 (가산동),10100,11545,10191100195716,가산차고지,자동차관련시설,2011,0,1,3038.0,1,0,0,0,unknown,0.833,0,1,0,0,1,non_residential_main_use
85e3609bd3ccab7d,서울,서울특별시 관악구 봉천동 1-264번지,서울특별시 관악구 청림3다길 21 (봉천동),10100,11620,1022195476,,,2022,1,1,0.0,0,1,0,0,unknown,0.667,0,0,0,0,1,low_data_completeness
85eba6ce8ec1cbbb,서울,서울특별시 강북구 미아동 3-54번지,서울특별시 강북구 오현로 42-3 (미아동),10100,11305,10101778,,단독주택,1994,0,1,86.0,1,0,0,0,unknown,0.833,1,0,0,0,1,old_building
85fd0c98f212656a,인천,인천광역시 부평구 부평동 10-66번지,인천광역시 부평구 장제로221번길 23 (부평동),10100,28237,10591100251180,다온그린빌,,2022,1,1,0.0,0,1,0,0,unknown,0.667,0,0,0,0,1,low_data_completeness
860391e4c6540035,경기,경기도 고양시 일산동구 식사동 13-8번지,,10100,41285,11041100436800,저장고(탄17),교정및군사시설,1976,0,1,652295.0,1,0,0,0,unknown,0.833,1,1,0,0,1,old_building|non_residential_main_use
860905dcb6d7687b,서울,서울특별시 강남구 역삼동 713-11번지,서울특별시 강남구 역삼로 307 (역삼동),10100,11680,1024124840,역삼 I'PARK,,2022,1,1,0.0,0,1,0,0,unknown,0.667,0,0,0,0,1,low_data_completeness
86093b42258617ea,서울,서울특별시 광진구 중곡동 18-24번지,서울특별시 광진구 용마산로24길 13 (중곡동),10100,11215,100618038,신향빌라,연립주택,1986,0,1,0.0,1,0,0,0,unknown,0.833,1,0,0,0,1,old_building
8610a8a853b1fe66,경기,경기도 가평군 가평읍 읍내리 214번지,경기도 가평군 가평제방길 233 (가평읍 읍내리),25021,41820,1000000000000002714728,힐스테이트 가평 더뉴클래스,,2023,1,1,0.0,0,1,0,0,unknown,0.667,0,0,0,0,1,low_data_completeness
861a52c414c65998,인천,인천광역시 동구 만석동 5-21번지,인천광역시 동구 인중로 440-1 (만석동),10100,28140,1055112127,서해빌라,,2022,1,1,0.0,0,1,0,0,unknown,0.667,0,0,1,0,1,basement_or_unknown_floor|low_data_completeness
861c3e8a14073046,서울,서울특별시 구로구 신도림동 271-25번지,서울특별시 구로구 신도림로19길 144 (신도림동),10100,11530,10181100189188,신도림삼성쉐르빌 1,,2022,1,1,0.0,0,1,0,0,unknown,0.667,0,0,0,0,1,low_data_completeness
86303c45c1b1dad0,경기,경기도 군포시 당동 14-1번지,경기도 군포시 공단로 149 (당동),10100,41410,111319554,아이밸리 군포,,2022,1,1,0.0,0,1,0,0,unknown,0.667,0,0,1,0,1,basement_or_unknown_floor|low_data_completeness
8633317f60cb61c1,인천,인천광역시 계양구 효성동 1-29번지,인천광역시 계양구 새벌로 189 (효성동),10100,28245,1060113250,그린파크,,2022,1,1,0.0,0,1,0,0,unknown,0.667,0,0,0,0,1,low_data_completeness
86346f4f0f7ac17c,서울,서울특별시 노원구 월계동 13번지,서울특별시 노원구 마들로 111 (월계동),10200,11350,101211580,,아파트,1986,0,1,0.0,1,0,0,0,unknown,0.833,1,0,0,0,1,old_building
86428342511d4bd2,서울,서울특별시 강서구 염창동 66-9번지,서울특별시 강서구 양천로67길 77 (염창동),10100,11500,10171106586,염창동우성아파트,,2022,1,1,0.0,0,1,0,0,unknown,0.667,0,0,0,0,1,low_data_completeness
865bfba13d688878,서울,서울특별시 금천구 가산동 40-14번지,서울특별시 금천구 벚꽃로42길 7 (가산동),10100,11545,1019151426,,,2022,1,1,0.0,0,1,0,0,unknown,0.667,0,0,0,0,1,low_data_completeness
8669c637ed541c30,인천,인천광역시 중구 중앙동2가 20-1번지,인천광역시 중구 신포로27번길 65-1 (중앙동2가),10200,28110,10541664,,주택,2022,0,1,0.0,1,0,0,0,unknown,0.833,0,0,0,0,0,
866d4b340568b437,서울,서울특별시 구로구 신도림동 281-95번지,서울특별시 구로구 신도림로11라길 47-8 (신도림동),10100,11530,1018114061,,주택,1975,0,1,0.0,1,0,0,0,unknown,0.833,1,0,0,0,1,old_building
867148c7cb9c5b97,경기,경기도 과천시 관문동 3번지,경기도 과천시 중앙로 294 (관문동),10100,41290,11081100178594,관문 실내체육관 헬스장,체육관,2010,0,1,179876.6,1,0,1,0,unknown,0.833,0,1,0,0,1,non_residential_main_use
867262fd26dd4f53,경기,경기도 군포시 당동 14-1번지,경기도 군포시 공단로 149 (당동),10100,41410,111319600,아이밸리 군포,,2022,1,1,0.0,0,1,0,0,unknown,0.667,0,0,1,0,1,basement_or_unknown_floor|low_data_completeness
8682e13ce70423d1,경기,경기도 고양시 덕양구 주교동 193번지,경기도 고양시 덕양구 고양대로1290번길 27 (주교동),10100,41281,11041100258952,,근린생활시설,2014,0,1,247.0,1,0,0,0,unknown,0.833,0,1,0,0,1,non_residential_main_use
868d50315c302bbc,서울,서울특별시 강남구 역삼동 601-25번지,서울특별시 강남구 강남대로110길 19-4 (역삼동),10100,11680,1024179341,,다세대주택,2022,0,1,54.9,0,0,0,1,unknown,0.833,0,0,0,0,0,
868f783a328b404f,서울,서울특별시 광진구 중곡동 18-17번지,서울특별시 광진구 용마산로28길 14-7 (중곡동),10100,11215,100618026,,다세대주택,2002,0,2,535.5,1,0,1,0,unknown,0.833,1,0,0,0,1,old_building
86a3aaa8819c97f4,인천,인천광역시 남동구 구월동 3-91번지,인천광역시 남동구 당좌로 47 (구월동),10100,28200,105816261,동산맨션,공동주택,2003,0,1,260.6,1,0,0,0,unknown,0.833,1,0,0,0,1,old_building
86a47151973ff4f2,서울,서울특별시 강서구 염창동 57번지,서울특별시 강서구 양천로67길 50-33 (염창동),10100,11500,1017171451,지오빌,아파트,2022,1,1,84.11,0,1,0,1,unknown,0.833,0,0,0,0,0,
86a6de06184fb1e4,경기,경기도 가평군 가평읍 읍내리 214번지,경기도 가평군 가평제방길 233 (가평읍 읍내리),25021,41820,1000000000000002714930,힐스테이트 가평 더뉴클래스,,2023,1,1,0.0,0,1,0,0,unknown,0.667,0,0,0,0,1,low_data_completeness
86d88c46249912e5,서울,서울특별시 강남구 대치동 511번지,서울특별시 강남구 삼성로 150 (대치동),10600,11680,1024125242,한보미도맨션212동,,2022,1,1,0.0,0,1,0,0,unknown,0.667,0,0,0,0,1,low_data_completeness
872b0131d83d89e8,경기,경기도 김포시 북변동 200-40번지,경기도 김포시 봉화로 162-2 (북변동),10100,41570,11231100515356,,,2022,1,1,0.0,0,1,0,0,unknown,0.667,0,0,0,0,1,low_data_completeness
872d8174abe97dcd,서울,서울특별시 강북구 미아동 3-10번지,서울특별시 강북구 오현로9길 19 (미아동),10100,11305,1010130832,,연립주택,2022,1,1,39.69,0,1,0,1,unknown,0.833,0,0,0,0,0,
873566642378cc42,경기,경기도 광주시 경안동 19-7번지,경기도 광주시 광주대로55번길 7-4 (경안동),10100,41610,1125171983,,,2022,1,1,0.0,0,1,0,0,unknown,0.667,0,0,1,0,1,basement_or_unknown_floor|low_data_completeness
8736cbd268bb545d,경기,경기도 구리시 갈매동 137-36번지,경기도 구리시 갈매순환로 235-10 (갈매동),10100,41310,11091265,갈매동 공장,일반공장,2007,0,1,1550.1,1,0,1,0,unknown,0.833,0,1,0,0,1,non_residential_main_use
873f2f0f24713242,인천,인천광역시 미추홀구 숭의동 1-52번지,인천광역시 미추홀구 경인로144번길 7 (숭의동),10100,28177,105612174,,"주택, 근린생활시설",1985,0,1,0.0,1,0,0,0,unknown,0.833,1,0,0,0,1,old_building
87518a068c196742,서울,서울특별시 강서구 마곡동 5-1번지,서울특별시 강서구 양천로47길 104-5 (마곡동),10500,11500,10171100295809,갤럭시오피스텔마곡2,다세대주택,2022,0,3,39.16,0,0,0,1,unknown,0.833,0,0,1,0,1,basement_or_unknown_floor
87602365da524df6,인천,인천광역시 부평구 부평동 10-233번지,인천광역시 부평구 주부토로100번길 20 (부평동),10100,28237,10591100263631,스마트빌,,2022,1,1,0.0,0,1,0,0,unknown,0.667,0,0,0,0,1,low_data_completeness
877152f84ecd7139,인천,인천광역시 중구 중앙동3가 4-8번지,인천광역시 중구 홍예문로 7 (중앙동3가),10300,28110,1054115522,,,2022,1,1,0.0,0,1,0,0,unknown,0.667,0,0,0,0,1,low_data_completeness
877515a0f5183037,인천,인천광역시 남동구 구월동 3-93번지,인천광역시 남동구 당좌로 43 (구월동),10100,28200,105811882,,단독주택,1995,0,1,142.3,1,0,0,0,unknown,0.833,1,0,0,0,1,old_building
877f9eaf74b39692,서울,서울특별시 강북구 미아동 3-11번지,서울특별시 강북구 오현로9길 17 (미아동),10100,11305,10101100194979,동방플러스빌,,2022,1,1,0.0,0,1,0,0,unknown,0.667,0,0,0,0,1,low_data_completeness
8798afd331efcee9,인천,인천광역시 옹진군 북도면 신도리 514-2번지,인천광역시 옹진군 신도로896번길 31 (북도면 신도리),31022,28720,106318374,영광빌라,,2022,1,1,0.0,0,1,0,0,unknown,0.667,0,0,0,0,1,low_data_completeness
87a544f01efd2ece,서울,서울특별시 강서구 마곡동 4-2번지,서울특별시 강서구 양천로47길 106-1 (마곡동),10500,11500,10171100249996,청솔씨티빌,다세대주택,2022,0,2,60.62,0,0,0,1,unknown,0.833,0,0,1,0,1,basement_or_unknown_floor
87a879c018916fe0,서울,서울특별시 광진구 중곡동 18-4번지,서울특별시 광진구 용마산로28길 8 (중곡동),10100,11215,10061100230890,,,2022,1,1,0.0,0,1,0,0,unknown,0.667,0,0,0,0,1,low_data_completeness
87ac8ca8d4ec41c0,인천,인천광역시 남동구 구월동 3-21번지,인천광역시 남동구 석산로228번길 19 (구월동),10100,28200,10581100321250,하누리,,2022,1,1,0.0,0,1,0,0,unknown,0.667,0,0,0,0,1,low_data_completeness
87c7513bc5a6d917,경기,경기도 광주시 경안동,,10100,41610,1125110795,,단독주택,2022,0,1,16.07,1,0,1,0,unknown,0.833,0,0,0,0,0,
87df01e314ae72b7,경기,경기도 김포시 북변동 200-6번지,경기도 김포시 봉화로 164-4 (북변동),10100,41570,1000000000000002665914,MU빌리지,,2023,1,1,0.0,0,1,0,0,unknown,0.667,0,0,0,0,1,low_data_completeness
87e58a8d87efb6ce,서울,서울특별시 강남구 역삼동 601-4번지,서울특별시 강남구 봉은사로2길 5 (역삼동),10100,11680,10241100241309,,일반음식점,2014,0,2,393.48,1,0,1,0,unknown,0.833,0,1,0,0,1,non_residential_main_use
87f7227fe9a572c6,인천,인천광역시 연수구 옥련동 118-20번지,인천광역시 연수구 한진로72번길 32 (옥련동),10100,28185,105718333,,,2022,1,1,0.0,0,1,0,0,unknown,0.667,0,0,1,0,1,basement_or_unknown_floor|low_data_completeness
8818235d4c9dae0a,서울,서울특별시 강서구 공항동 2-85번지,서울특별시 강서구 방화대로23길 29 (공항동),10800,11500,1017190294,,다세대주택,2022,0,1,82.09,0,0,0,1,unknown,0.833,0,0,0,0,0,
8832c63bbbd14c19,인천,인천광역시 부평구 부평동 10-185번지,인천광역시 부평구 길주남로 98 (부평동),10100,28237,1059130610,태원빌딩,일반음식점,2002,0,2,555.87,1,0,1,0,unknown,0.833,1,1,0,0,1,old_building|non_residential_main_use
886d701c172c8eab,인천,인천광역시 미추홀구 숭의동 1-10번지,인천광역시 미추홀구 경인로 150 (숭의동),10100,28177,10561100237769,한우리,,2022,1,1,0.0,0,1,0,0,unknown,0.667,0,0,0,0,1,low_data_completeness
88826099aa8bfecd,인천,인천광역시 연수구 옥련동 93번지,인천광역시 연수구 옥골로 69 (옥련동),10100,28185,10571592,능허대중학교,중학교,2005,0,5,8530.78,1,0,1,0,unknown,0.833,1,1,0,0,1,old_building|non_residential_main_use
888fb51749d067c3,서울,서울특별시 관악구 봉천동 1-207번지,서울특별시 관악구 청림3길 79-5 (봉천동),10100,11620,10221122946,,,2022,1,1,0.0,0,1,0,0,unknown,0.667,0,0,0,0,1,low_data_completeness
88a704f17e728235,인천,인천광역시 부평구 부평동 10-254번지,인천광역시 부평구 주부토로104번길 18 (부평동),10100,28237,1059124329,부림주택,다세대주택,1991,0,1,0.0,1,0,0,0,unknown,0.833,1,0,0,0,1,old_building
88abda3280d0f016,인천,인천광역시 계양구 효성동 1-30번지,인천광역시 계양구 길마로 98 (효성동),10100,28245,1060113270,삼성하이츠맨션,,2023,1,1,0.0,0,1,0,0,unknown,0.667,0,0,0,0,1,low_data_completeness
88b4e040c1c69fdd,경기,경기도 고양시 일산서구 일산동 551-21번지,경기도 고양시 일산서구 일중로55번길 28 (일산동),10100,41287,11041324489,,,2022,1,1,0.0,0,1,0,0,unknown,0.667,0,0,0,0,1,low_data_completeness
88c59ef8b20e6008,서울,서울특별시 도봉구 쌍문동 11-3번지,서울특별시 도봉구 도봉로139길 80-9 (쌍문동),10500,11320,10111100193048,,,2022,1,1,0.0,0,1,0,0,unknown,0.667,0,0,0,0,1,low_data_completeness
88d1313a5091c1f2,인천,인천광역시 중구 중앙동1가 10-3번지,인천광역시 중구 신포로27번길 89-1 (중앙동1가),10100,28110,10541609,,단독주택,2007,0,2,89.35,1,0,1,0,unknown,0.833,0,0,0,0,0,
88db20bc4ed91bc2,경기,경기도 광주시 경안동 10-24번지,경기도 광주시 광주대로71번길 6 (경안동),10100,41610,11251100247148,,,2022,1,1,0.0,0,1,0,0,unknown,0.667,0,0,0,0,1,low_data_completeness
88e73d5e2377404d,서울,서울특별시 도봉구 쌍문동 13-2번지,서울특별시 도봉구 도당로 18 (쌍문동),10500,11320,1011117104,,,2022,1,1,0.0,0,1,0,0,unknown,0.667,0,0,0,0,1,low_data_completeness
88ee13fc1c333a42,서울,서울특별시 광진구 중곡동 18-45번지,서울특별시 광진구 용마산로26길 10 (중곡동),10100,11215,10061762,,근린생활시설,1998,0,1,0.0,1,0,0,0,unknown,0.833,1,1,0,0,1,old_building|non_residential_main_use
89016663ec2a7b0c,서울,서울특별시 관악구 봉천동 1-492번지,서울특별시 관악구 청림5길 72-10 (봉천동),10100,11620,1022127655,,단독주택,1970,0,1,0.0,1,0,0,0,unknown,0.833,1,0,0,0,1,old_building
8906e99daa0f7bcc,서울,서울특별시 강서구 염창동 20-145번지,서울특별시 강서구 양천로63길 42-36 (염창동),10100,11500,10171100218717,솔트나인,고시원,2011,0,9,1453.73,1,0,1,0,unknown,0.833,0,1,0,0,1,non_residential_main_use
89081c28518ff12c,서울,서울특별시 강북구 미아동 3-231번지,서울특별시 강북구 도봉로18다길 21-5 (미아동),10100,11305,10101895,,단독주택(다가구주택 8가구),1996,0,1,149.0,1,0,0,0,unknown,0.833,1,0,0,0,1,old_building
8910926d43f9472f,경기,경기도 고양시 덕양구 주교동 273-1번지,경기도 고양시 덕양구 원당로59번길 120 (주교동),10100,41281,11041103858,예중파크뷰아파트,,2022,1,1,0.0,0,1,0,0,unknown,0.667,0,0,0,0,1,low_data_completeness
891802fc4a0802aa,서울,서울특별시 금천구 가산동 40-14번지,서울특별시 금천구 벚꽃로42길 7 (가산동),10100,11545,1019151427,,,2022,1,1,0.0,0,1,0,0,unknown,0.667,0,0,0,0,1,low_data_completeness
892cfccd81c6c7fb,인천,인천광역시 연수구 옥련동 81-68번지,인천광역시 연수구 독배로 111 (옥련동),10100,28185,105718105,,,2022,1,1,0.0,0,1,0,0,unknown,0.667,0,0,1,0,1,basement_or_unknown_floor|low_data_completeness
893eb21fe5f9b1a1,경기,경기도 광명시 광명동 24-26번지,경기도 광명시 광삼로13번길 28 (광명동),10100,41210,1098117375,,,2022,1,1,0.0,0,1,0,0,unknown,0.667,0,0,1,0,1,basement_or_unknown_floor|low_data_completeness
8944becdccaab4a2,경기,경기도 가평군 가평읍 읍내리 214번지,경기도 가평군 가평제방길 233 (가평읍 읍내리),25021,41820,1000000000000002714658,힐스테이트 가평 더뉴클래스,,2023,1,1,0.0,0,1,0,0,unknown,0.667,0,0,0,0,1,low_data_completeness
895c1c784fd07bec,경기,경기도 광명시 광명동 25-10번지,경기도 광명시 광명로928번길 41-6 (광명동),10100,41210,1098117436,,,2022,1,1,0.0,0,1,0,0,unknown,0.667,0,0,0,0,1,low_data_completeness
896c179de370d8e7,인천,인천광역시 동구 만석동 5-22번지,인천광역시 동구 인중로 442 (만석동),10100,28140,1055112143,서해빌라,,2022,1,1,0.0,0,1,0,0,unknown,0.667,0,0,1,0,1,basement_or_unknown_floor|low_data_completeness
89b615f0c3344e42,경기,경기도 구리시 갈매동 510번지,경기도 구리시 갈매순환로204번길 65 (갈매동),10100,41310,11091100207196,구리 스마트벤처타워,,2022,1,1,0.0,0,1,0,0,unknown,0.667,0,0,0,0,1,low_data_completeness
89c09d121d1b0a75,경기,경기도 광주시 경안동 10-24번지,경기도 광주시 광주대로71번길 6 (경안동),10100,41610,11251100247143,,,2022,1,1,0.0,0,1,0,0,unknown,0.667,0,0,0,0,1,low_data_completeness
89de2a5b296be957,서울,서울특별시 광진구 중곡동 18-24번지,서울특별시 광진구 용마산로24길 13 (중곡동),10100,11215,1006127585,신향빌라,,2022,1,1,0.0,0,1,0,0,unknown,0.667,0,0,0,0,1,low_data_completeness
89f456427c72ff3d,경기,경기도 고양시 일산동구 식사동 13-8번지,,10100,41285,11041100436805,저장고(탄21),교정및군사시설,1976,0,1,652295.0,1,0,0,0,unknown,0.833,1,1,0,0,1,old_building|non_residential_main_use
8a0646b0435daf28,서울,서울특별시 관악구 봉천동 1-70번지,서울특별시 관악구 청림3다길 12 (봉천동),10100,11620,1022197281,,,2022,1,1,0.0,0,1,0,0,unknown,0.667,0,0,0,0,1,low_data_completeness
8a1518e931949779,서울,서울특별시 강서구 염창동 57번지,서울특별시 강서구 양천로67길 50-33 (염창동),10100,11500,1017171444,지오빌,,2022,1,1,0.0,0,1,0,0,unknown,0.667,0,0,0,0,1,low_data_completeness
8a49d3d3f2928dc7,경기,경기도 구리시 갈매동 510번지,경기도 구리시 갈매순환로204번길 65 (갈매동),10100,41310,11091100207207,구리 스마트벤처타워,,2022,1,1,0.0,0,1,0,0,unknown,0.667,0,0,0,0,1,low_data_completeness
8a5ed49397ad8302,경기,경기도 김포시 북변동 171번지,경기도 김포시 김포대로1127번길 129 (북변동),10100,41570,1000000000000000599382,,"제1,2종근린생활시설",2022,0,1,0.0,1,0,0,0,unknown,0.833,0,1,0,0,1,non_residential_main_use
8a69d65264d2d920,경기,경기도 구리시 갈매동 137-34번지,경기도 구리시 갈매순환로 245-12 (갈매동),10100,41310,11091264,,사무소,2002,0,1,311.0,1,0,1,0,unknown,0.833,1,1,0,0,1,old_building|non_residential_main_use
8a84f8c870d2e815,경기,경기도 김포시 북변동 200-12번지,경기도 김포시 봉화로 164-14 (북변동),10100,41570,112313654,,주택,2022,0,1,278.0,1,0,0,0,unknown,0.833,0,0,0,0,0,
8a89b2ce44351d2f,서울,서울특별시 강서구 염창동 65번지,서울특별시 강서구 양천로67길 71-3 (염창동),10100,11500,10171100318484,진영리버타운,,2022,1,1,0.0,0,1,0,0,unknown,0.667,0,0,0,0,1,low_data_completeness
8a8a75d5a1067538,서울,서울특별시 강서구 마곡동 5-1번지,서울특별시 강서구 양천로47길 104-5 (마곡동),10500,11500,10171100295818,갤럭시오피스텔마곡2,오피스텔,2022,0,3,42.83,0,0,0,1,unknown,0.833,0,0,1,0,1,basement_or_unknown_floor
8aa27431a356f638,인천,인천광역시 미추홀구 숭의동 1-10번지,인천광역시 미추홀구 경인로 150 (숭의동),10100,28177,10561100237755,한우리,,2022,1,1,0.0,0,1,0,0,unknown,0.667,0,0,0,0,1,low_data_completeness
8ab2346a4d913958,인천,인천광역시 부평구 부평동 10-99번지,인천광역시 부평구 길주남로 97 (부평동),10100,28237,1059123927,,수리점,1994,0,2,152.238,1,0,1,0,unknown,0.833,1,1,0,0,1,old_building|non_residential_main_use
8ad3b4d038d3f5d5,경기,경기도 과천시 문원동 15-38번지,경기도 과천시 공원마을3길 38 (문원동),10200,41290,11081100179157,현대빌라,,2022,1,1,0.0,0,1,0,0,unknown,0.667,0,0,0,0,1,low_data_completeness
8ae8a2cf003f1e6f,인천,인천광역시 계양구 효성동 11-12번지,인천광역시 계양구 봉오대로601번길 5-3 (효성동),10100,28245,106011120,,주택,1979,0,1,0.0,1,0,0,0,unknown,0.833,1,0,0,0,1,old_building
8b08233daea041cd,서울,서울특별시 강서구 내발산동 647번지,서울특별시 강서구 강서로52길 43 (내발산동),10600,11500,1000000000000002238180,DH647,의원,2023,0,2,277.82,0,0,0,1,unknown,0.833,0,1,0,0,1,non_residential_main_use
8b10594bd9c91826,경기,경기도 광주시 경안동 20-16번지,경기도 광주시 광주대로 31 (경안동),10100,41610,1000000000000002747849,지에이타워,,2023,1,1,0.0,0,1,0,0,unknown,0.667,0,0,0,0,1,low_data_completeness
8b12417e31645e39,서울,서울특별시 강서구 마곡동 5-1번지,서울특별시 강서구 양천로47길 104-5 (마곡동),10500,11500,10171100295820,갤럭시오피스텔마곡2,오피스텔,2022,0,3,42.83,0,0,0,1,unknown,0.833,0,0,1,0,1,basement_or_unknown_floor
8b1cb4b903336f2e,서울,서울특별시 강북구 미아동 3-57번지,서울특별시 강북구 오현로 38 (미아동),10100,11305,10101782,,단독주택(물치),1969,0,1,0.0,1,0,0,0,unknown,0.833,1,0,0,0,1,old_building
8b575807ab15920d,경기,경기도 구리시 갈매동 137-56번지,경기도 구리시 갈매순환로 235-6 (갈매동),10100,41310,11091100202384,,단독주택,2018,0,1,152.0,1,0,0,0,unknown,0.833,0,0,0,0,0,
8b876c6861b9c029,서울,서울특별시 금천구 가산동 41-7번지,서울특별시 금천구 벚꽃로42길 18 (가산동),10100,11545,1019146398,,,2022,1,1,0.0,0,1,0,0,unknown,0.667,0,0,0,0,1,low_data_completeness
8b8f3e6c41bc2090,서울,서울특별시 강동구 명일동 47-17번지,서울특별시 강동구 동남로75길 13-21 (명일동),10100,11740,102613715,,"근린생활시설, 교육연구시설, 위락시설",1993,0,1,896.4,1,0,0,0,unknown,0.833,1,1,0,0,1,old_building|non_residential_main_use
8b90a8f87857882b,서울,서울특별시 관악구 봉천동 1-472번지,서울특별시 관악구 청림3바길 10 (봉천동),10100,11620,1022129673,,단독주택,1993,0,1,81.32,1,0,0,0,unknown,0.833,1,0,0,0,1,old_building
8ba94b7225a1509d,인천,인천광역시 강화군 강화읍 신문리 2-43번지,인천광역시 강화군 강화대로403번길 4 (강화읍 신문리),25021,28710,106217692,,근린생활시설,1974,0,1,0.0,1,0,0,0,unknown,0.833,1,1,0,0,1,old_building|non_residential_main_use
8baa493f5dfde7dc,서울,서울특별시 강북구 미아동 3-9번지,서울특별시 강북구 오현로9길 23 (미아동),10100,11305,1010130817,,다세대주택,2022,1,3,64.89,0,1,0,1,unknown,0.833,0,0,1,0,1,basement_or_unknown_floor
8bb4f4e17b5a362b,서울,서울특별시 강서구 염창동 95번지,서울특별시 강서구 양천로73길 49 (염창동),10100,11500,1017113825,,"근린생활시설, 주택",1991,0,1,135.43,1,0,0,0,unknown,0.833,1,0,0,0,1,old_building
8bbe4b6538fd940a,경기,경기도 과천시 문원동 15-39번지,경기도 과천시 공원마을4길 39 (문원동),10200,41290,110813621,우리빌,,2022,1,1,0.0,0,1,0,0,unknown,0.667,0,0,0,0,1,low_data_completeness
8bc8a2d328279036,서울,서울특별시 광진구 중곡동 18-23번지,서울특별시 광진구 용마산로 138 (중곡동),10100,11215,1006127447,,,2022,1,1,0.0,0,1,0,0,unknown,0.667,0,0,0,0,1,low_data_completeness
8bce7622d13c9df7,경기,경기도 과천시 문원동 15-29번지,경기도 과천시 공원마을3길 41 (문원동),10200,41290,11081180,,주택,1994,0,1,248.0,1,0,0,0,unknown,0.833,1,0,0,0,1,old_building
8be482ff10153204,서울,서울특별시 도봉구 쌍문동 13-2번지,서울특별시 도봉구 도당로 18 (쌍문동),10500,11320,1011117162,,,2022,1,1,0.0,0,1,0,0,unknown,0.667,0,0,0,0,1,low_data_completeness
8bf166decb0b3bc3,경기,경기도 고양시 일산동구 식사동 236-6번지,경기도 고양시 일산동구 견달산로210번길 45-11 (식사동),10100,41285,11041100218304,루미나리,,2022,1,1,0.0,0,1,0,0,unknown,0.667,0,0,0,0,1,low_data_completeness
8bfbd1b2823e40a9,경기,경기도 가평군 가평읍 읍내리 214번지,경기도 가평군 가평제방길 233 (가평읍 읍내리),25021,41820,1000000000000002714957,힐스테이트 가평 더뉴클래스,,2023,1,1,0.0,0,1,0,0,unknown,0.667,0,0,0,0,1,low_data_completeness
8c0401accc4580d4,서울,서울특별시 강동구 명일동 15번지,서울특별시 강동구 고덕로 210 (명일동),10100,11740,1026138815,삼익그린맨션,,2022,1,1,0.0,0,1,0,0,unknown,0.667,0,0,0,0,1,low_data_completeness
8c1521dd53e9ced7,인천,인천광역시 중구 중앙동3가 4-8번지,인천광역시 중구 홍예문로 7 (중앙동3가),10300,28110,1054115449,,,2022,1,1,0.0,0,1,0,0,unknown,0.667,0,0,0,0,1,low_data_completeness
8c19a8906db613f6,서울,서울특별시 강북구 미아동 3-46번지,서울특별시 강북구 오패산로30길 57-3 (미아동),10100,11305,10101775,,단독주택,1993,0,1,92.64,1,0,0,0,unknown,0.833,1,0,0,0,1,old_building
8c2e249c18cc32b2,서울,서울특별시 구로구 신도림동 280-6번지,서울특별시 구로구 신도림로11라길 44 (신도림동),10100,11530,1018118318,,"공장, 사무실",1974,0,1,0.0,1,0,0,0,unknown,0.833,1,1,0,0,1,old_building|non_residential_main_use
8c40ad4327f344fe,경기,경기도 고양시 일산서구 일산동 524-16번지,경기도 고양시 일산서구 일중로 17 (일산동),10100,41287,11041325939,포오스프라자,,2022,1,1,0.0,0,1,0,0,unknown,0.667,0,0,0,0,1,low_data_completeness
8c543ef84844fa95,서울,서울특별시 노원구 월계동 12번지,서울특별시 노원구 마들로 127 (월계동),10200,11350,10121195208,,,2022,1,1,0.0,0,1,0,0,unknown,0.667,0,0,0,0,1,low_data_completeness
8c7d96ac8767edca,경기,경기도 가평군 가평읍 읍내리 118-9번지,경기도 가평군 잎너비길 34 (가평읍 읍내리),25021,41820,113012009,,마을창고,2001,0,1,160.0,1,0,0,0,unknown,0.833,1,1,0,0,1,old_building|non_residential_main_use
8c833f0c4f123b1d,서울,서울특별시 강서구 염창동 66-9번지,서울특별시 강서구 양천로67길 77 (염창동),10100,11500,10171106591,염창동우성아파트,,2022,1,1,0.0,0,1,0,0,unknown,0.667,0,0,0,0,1,low_data_completeness
8c8662d61e7dc2f6,경기,경기도 광주시 경안동 10-23번지,경기도 광주시 중앙로154번길 26 (경안동),10100,41610,11251100232551,,,2022,1,1,0.0,0,1,0,0,unknown,0.667,0,0,0,0,1,low_data_completeness
8c964836a1909322,서울,서울특별시 강남구 역삼동 713-11번지,서울특별시 강남구 역삼로 307 (역삼동),10100,11680,1024124872,역삼 I'PARK,,2022,1,1,0.0,0,1,0,0,unknown,0.667,0,0,0,0,1,low_data_completeness
8cc48413a35f168e,인천,인천광역시 부평구 부평동 10-225번지,인천광역시 부평구 길주남로 112-17 (부평동),10100,28237,10591133686,삼성빌라,,2022,1,1,0.0,0,1,0,0,unknown,0.667,0,0,0,0,1,low_data_completeness
8cc99c2daf164098,경기,경기도 고양시 일산동구 식사동 13-8번지,,10100,41285,11041100436803,저장고(탄19),교정및군사시설,1976,0,1,652295.0,1,0,0,0,unknown,0.833,1,1,0,0,1,old_building|non_residential_main_use
8cd249fc085b5b38,경기,경기도 광주시 경안동 9-14번지,경기도 광주시 광주대로71번길 9 (경안동),10100,41610,1125119942,,기타제1종근린생활시설,1986,0,2,182.4,1,0,1,0,unknown,0.833,1,1,0,0,1,old_building|non_residential_main_use
8cd7986ce63d31e2,서울,서울특별시 관악구 봉천동 1-485번지,서울특별시 관악구 청림3길 60 (봉천동),10100,11620,1022188225,,,2022,1,1,0.0,0,1,0,0,unknown,0.667,0,0,0,0,1,low_data_completeness
8cddbdc5731201bb,인천,인천광역시 중구 중앙동3가 4-8번지,인천광역시 중구 홍예문로 7 (중앙동3가),10300,28110,1054115595,,,2022,1,1,0.0,0,1,0,0,unknown,0.667,0,0,0,0,1,low_data_completeness
8ce00d15b6d052e4,서울,서울특별시 구로구 신도림동 271-25번지,서울특별시 구로구 신도림로19길 144 (신도림동),10100,11530,10181100189254,신도림삼성쉐르빌 1,,2022,1,1,0.0,0,1,0,0,unknown,0.667,0,0,0,0,1,low_data_completeness
8ce69dad55b3f2b6,인천,인천광역시 남동구 구월동 3-45번지,인천광역시 남동구 석산로222번길 21-3 (구월동),10100,28200,105811851,,단독주택,1981,0,1,0.0,1,0,0,0,unknown,0.833,1,0,0,0,1,old_building
8cf1399d81a8c19b,경기,경기도 광주시 경안동 11-57번지,경기도 광주시 중앙로154번길 25 (경안동),10100,41610,1125125657,,주택,1984,0,1,0.0,1,0,0,0,unknown,0.833,1,0,0,0,1,old_building
8cf55a5178cd7646,인천,인천광역시 옹진군 백령면 진촌리 959-4번지,인천광역시 옹진군 백령로278번길 133-20 (백령면 진촌리),33021,28720,10631100209090,백령 공공실버 마을,,2022,1,1,0.0,0,1,0,0,unknown,0.667,0,0,0,0,1,low_data_completeness
8cf733e3e2b34cb3,인천,인천광역시 계양구 효성동 1-12번지,인천광역시 계양구 길마로88번길 7 (효성동),10100,28245,1060113213,원익그린맨션,,2022,1,1,0.0,0,1,0,0,unknown,0.667,0,0,0,0,1,low_data_completeness
8d084df30f5dee12,서울,서울특별시 관악구 봉천동 1-304번지,서울특별시 관악구 관악로 294-7 (봉천동),10100,11620,1022129564,,단독주택,1970,0,1,0.0,1,0,0,0,unknown,0.833,1,0,0,0,1,old_building
8d0d88f473f40901,경기,경기도 구리시 갈매동 510번지,경기도 구리시 갈매순환로204번길 65 (갈매동),10100,41310,11091100207192,구리 스마트벤처타워,,2022,1,1,0.0,0,1,0,0,unknown,0.667,0,0,0,0,1,low_data_completeness
8d31a0f2605e9f5f,인천,인천광역시 중구 중앙동2가 3-3번지,인천광역시 중구 제물량로206번길 17 (중앙동2가),10200,28110,10541635,,근린생활시설,2022,0,1,0.0,1,0,0,0,unknown,0.833,0,1,0,0,1,non_residential_main_use
8d40c3665d160290,서울,서울특별시 강북구 미아동 3-216번지,서울특별시 강북구 도봉로18다길 21-12 (미아동),10100,11305,10101886,,단독주택,1968,0,1,0.0,1,0,0,0,unknown,0.833,1,0,0,0,1,old_building
8d485a3a755562c0,경기,경기도 김포시 북변동 169-1번지,경기도 김포시 중봉로115번길 44 (북변동),10100,41570,11231100207779,,단독주택,2010,0,1,1498.0,1,0,0,0,unknown,0.833,0,0,0,0,0,
8d49054fd8fb979f,경기,경기도 가평군 가평읍 읍내리 214번지,경기도 가평군 가평제방길 233 (가평읍 읍내리),25021,41820,1000000000000002714904,힐스테이트 가평 더뉴클래스,,2023,1,1,0.0,0,1,0,0,unknown,0.667,0,0,0,0,1,low_data_completeness
8d54421ef26290d8,인천,인천광역시 연수구 옥련동 116-30번지,인천광역시 연수구 비류대로150번길 9 (옥련동),10100,28185,10571625,,주택,1985,0,1,0.0,1,0,0,0,unknown,0.833,1,0,0,0,1,old_building
8d6a583d69a31365,서울,서울특별시 강동구 명일동 15번지,서울특별시 강동구 고덕로 210 (명일동),10100,11740,1026138427,삼익그린맨션,,2022,1,1,0.0,0,1,0,0,unknown,0.667,0,0,0,0,1,low_data_completeness
8d7bf5b22c6e9ef8,경기,경기도 광명시 광명동 24-21번지,경기도 광명시 광삼로13번길 28-3 (광명동),10100,41210,1098117367,,,2022,1,1,0.0,0,1,0,0,unknown,0.667,0,0,1,0,1,basement_or_unknown_floor|low_data_completeness
8d8554bcf205cbdc,서울,서울특별시 강북구 미아동 3-37번지,서울특별시 강북구 오현로9길 41 (미아동),10100,11305,1010130884,,,2022,1,1,0.0,0,1,0,0,unknown,0.667,0,0,0,0,1,low_data_completeness
8d89551746c0bac0,서울,서울특별시 도봉구 쌍문동 13-2번지,서울특별시 도봉구 도당로 18 (쌍문동),10500,11320,1011117061,,,2022,1,1,0.0,0,1,0,0,unknown,0.667,0,0,0,0,1,low_data_completeness
8d8dcd6800765dc8,경기,경기도 광명시 광명동 24-36번지,경기도 광명시 광삼로13번길 30-17 (광명동),10100,41210,1098117391,,,2022,1,1,0.0,0,1,0,0,unknown,0.667,0,0,0,0,1,low_data_completeness
8d9a2ca1923eb9d4,경기,경기도 광명시 광명동 25-13번지,경기도 광명시 광명로928번길 42-3 (광명동),10100,41210,1098117444,,,2022,1,1,0.0,0,1,0,0,unknown,0.667,0,0,0,0,1,low_data_completeness
8d9a341bb012ee24,서울,서울특별시 구로구 신도림동 271-25번지,서울특별시 구로구 신도림로19길 144 (신도림동),10100,11530,10181100189262,신도림삼성쉐르빌 1,,2022,1,1,0.0,0,1,0,0,unknown,0.667,0,0,0,0,1,low_data_completeness
8db53ced8649ee08,경기,경기도 가평군 가평읍 읍내리 81-5번지,경기도 가평군 잎너비길 17-106 (가평읍 읍내리),25021,41820,11301100265613,,단독주택,2019,0,2,562.08,1,0,1,0,unknown,0.833,0,0,0,0,0,
8dc076597c9e2fe9,인천,인천광역시 서구 백석동 블록,인천광역시 서구 한들로 33 (백석동),10100,28260,1000000000000002032610,검암역 로열파크씨티 푸르지오 1단지,,2023,1,1,0.0,0,1,0,0,unknown,0.667,0,0,0,0,1,low_data_completeness
8dcd1c6b95ae96e5,서울,서울특별시 강서구 마곡동 4-2번지,서울특별시 강서구 양천로47길 106-1 (마곡동),10500,11500,10171100249994,청솔씨티빌,다세대주택,2022,0,2,60.62,0,0,0,1,unknown,0.833,0,0,1,0,1,basement_or_unknown_floor
8dd5d3f351828d68,경기,경기도 가평군 가평읍 읍내리 214번지,경기도 가평군 가평제방길 233 (가평읍 읍내리),25021,41820,1000000000000002714880,힐스테이트 가평 더뉴클래스,,2023,1,1,0.0,0,1,0,0,unknown,0.667,0,0,0,0,1,low_data_completeness
8dea55f5dfe5251a,서울,서울특별시 구로구 신도림동 281-9번지,서울특별시 구로구 신도림로15길 82 (신도림동),10100,11530,101814677,,공장,1976,0,1,0.0,1,0,0,0,unknown,0.833,1,1,0,0,1,old_building|non_residential_main_use
8dede8277d23e306,서울,서울특별시 금천구 가산동 5-35번지,서울특별시 금천구 벚꽃로 340-3 (가산동),10100,11545,1019116025,,다가구주택,1992,0,2,81.66,1,0,1,0,unknown,0.833,1,0,0,0,1,old_building
8e08a182c63b9656,서울,서울특별시 강서구 염창동 56-2번지,서울특별시 강서구 양천로67길 96-20 (염창동),10100,11500,101712435,,사무소,1996,0,2,203.48,1,0,1,0,unknown,0.833,1,1,0,0,1,old_building|non_residential_main_use
8e3590e89967a810,서울,서울특별시 광진구 중곡동 18-45번지,서울특별시 광진구 용마산로26길 10 (중곡동),10100,11215,10061761,,교회,1985,0,1,0.0,1,0,0,0,unknown,0.833,1,1,0,0,1,old_building|non_residential_main_use
8e42aab15fc28ed2,서울,서울특별시 도봉구 쌍문동 13-2번지,서울특별시 도봉구 도당로 18 (쌍문동),10500,11320,1011117198,,,2022,1,1,0.0,0,1,0,0,unknown,0.667,0,0,0,0,1,low_data_completeness
8e593998d1e3fedf,인천,인천광역시 서구 백석동 블록,인천광역시 서구 한들로 73 (백석동),10100,28260,1000000000000002036841,검암역 로열파크씨티 푸르지오 2단지,,2023,1,1,0.0,0,1,0,0,unknown,0.667,0,0,0,0,1,low_data_completeness
8e89e3ed0c85a392,인천,인천광역시 강화군 강화읍 신문리 63-2번지,인천광역시 강화군 남문안길 14 (강화읍 신문리),25021,28710,1062126602,,근린생활시설,1981,0,1,0.0,1,0,0,0,unknown,0.833,1,1,0,0,1,old_building|non_residential_main_use
8e96b00f18ec789f,경기,경기도 고양시 일산서구 일산동 551-3번지,경기도 고양시 일산서구 일중로55번길 21 (일산동),10100,41287,11041235761,,단독주택,2003,0,1,163.0,1,0,0,0,unknown,0.833,1,0,0,0,1,old_building
8eab7ebbeba78bc4,서울,서울특별시 노원구 월계동 12번지,서울특별시 노원구 마들로 127 (월계동),10200,11350,101212702,,아파트,1987,0,14,7806.0,1,0,1,0,unknown,0.833,1,0,0,0,1,old_building
8eb3eb2e1c01b206,서울,서울특별시 금천구 가산동 32-58번지,서울특별시 금천구 벚꽃로50길 6 (가산동),10100,11545,1019113189,,다가구용단독주택,1991,0,1,87.9,1,0,0,0,unknown,0.833,1,0,0,0,1,old_building
8ebdb68aa656193b,인천,인천광역시 연수구 옥련동 118-15번지,인천광역시 연수구 비류대로144번길 24-5 (옥련동),10100,28185,105718313,,,2022,1,1,0.0,0,1,0,0,unknown,0.667,0,0,1,0,1,basement_or_unknown_floor|low_data_completeness
8ec76aa93787addd,서울,서울특별시 강서구 공항동 2-85번지,서울특별시 강서구 방화대로23길 29 (공항동),10800,11500,1017190291,,다세대주택,2022,0,1,82.09,0,0,0,1,unknown,0.833,0,0,0,0,0,
8ec930ab8ef9c492,인천,인천광역시 서구 백석동 49-10번지,인천광역시 서구 아라로51번길 65 (백석동),10100,28260,10611100195506,,기타창고시설,2009,0,1,435.93,1,0,1,0,unknown,0.833,0,1,0,0,1,non_residential_main_use
8eca401ffe7aa0ae,인천,인천광역시 중구 중앙동2가 20-2번지,인천광역시 중구 신포로27번길 67 (중앙동2가),10200,28110,10541100220109,,"제2종근린생활시설, 단독주택",2017,0,1,122.3,1,0,0,0,unknown,0.833,0,0,0,0,0,
8ed96f909febe03a,인천,인천광역시 미추홀구 숭의동 1-10번지,인천광역시 미추홀구 경인로 150 (숭의동),10100,28177,10561100237782,한우리,,2022,1,1,0.0,0,1,0,0,unknown,0.667,0,0,0,0,1,low_data_completeness
8ed9b2034f3f9b66,서울,서울특별시 광진구 중곡동 18-16번지,서울특별시 광진구 용마산로28길 24 (중곡동),10100,11215,1006127419,,,2022,1,1,0.0,0,1,0,0,unknown,0.667,0,0,0,0,1,low_data_completeness
8edd7c538376b60d,경기,경기도 고양시 일산서구 일산동 543-12번지,경기도 고양시 일산서구 일중로 29 (일산동),10100,41287,11041233773,,근린생활시설,1983,0,1,579.0,1,0,0,0,unknown,0.833,1,1,0,0,1,old_building|non_residential_main_use
8eddf048b58db359,경기,경기도 가평군 가평읍 읍내리 133-2번지,경기도 가평군 잎너비길 55 (가평읍 읍내리),25021,41820,113012015,,농가주택,1999,0,1,701.0,1,0,0,0,unknown,0.833,1,0,0,0,1,old_building
8ee34c69732fa7fb,서울,서울특별시 광진구 중곡동 18-16번지,서울특별시 광진구 용마산로28길 24 (중곡동),10100,11215,1006127414,,,2022,1,1,0.0,0,1,0,0,unknown,0.667,0,0,0,0,1,low_data_completeness
8eec5a7b33c75630,경기,경기도 군포시 당동 14-1번지,경기도 군포시 공단로 149 (당동),10100,41410,111319553,아이밸리 군포,,2022,1,1,0.0,0,1,0,0,unknown,0.667,0,0,1,0,1,basement_or_unknown_floor|low_data_completeness
8f028dc2b5be7ff0,서울,서울특별시 금천구 가산동 32-27번지,서울특별시 금천구 벚꽃로 334-6 (가산동),10100,11545,1019111670,다가구주택,다가구주택(9가구),2006,0,1,107.1,1,0,0,0,unknown,0.833,0,0,0,0,0,
8f126f11364dfee8,서울,서울특별시 강북구 미아동 3-37번지,서울특별시 강북구 오현로9길 41 (미아동),10100,11305,1010130881,,,2022,1,1,0.0,0,1,0,0,unknown,0.667,0,0,0,0,1,low_data_completeness
8f19f15f3eece370,경기,경기도 고양시 덕양구 주교동 38-13번지,경기도 고양시 덕양구 원당로 112 (주교동),10100,41281,11041100458220,고양 엘림프라자,,2022,1,1,0.0,0,1,0,0,unknown,0.667,0,0,0,0,1,low_data_completeness
8f3c2d1ee6cd96fe,경기,경기도 광명시 광명동 24-45번지,경기도 광명시 광삼로13번길 30-6 (광명동),10100,41210,10981743,,단독주택,1990,0,1,116.67,1,0,0,0,unknown,0.833,1,0,0,0,1,old_building
8f548e5f187a8cb7,인천,인천광역시 강화군 강화읍 신문리 205-5번지,인천광역시 강화군 강화대로 429 (강화읍 신문리),25021,28710,1062135899,중앙시장,,2022,1,1,0.0,0,1,0,0,unknown,0.667,0,0,1,0,1,basement_or_unknown_floor|low_data_completeness
8f558675a736dd28,서울,서울특별시 강북구 미아동 3-10번지,서울특별시 강북구 오현로9길 19 (미아동),10100,11305,1010112842,,연립주택,1993,0,4,1170.24,1,0,1,0,unknown,0.833,1,0,0,0,1,old_building
8f60d1c71797db53,서울,서울특별시 금천구 가산동 4-7번지,서울특별시 금천구 벚꽃로 344 (가산동),10100,11545,1019115612,,단독주택,2001,0,1,172.01,1,0,1,0,unknown,0.833,1,0,0,0,1,old_building
8f6aba1e07429646,서울,서울특별시 금천구 가산동 29-6번지,서울특별시 금천구 벚꽃로56길 76 (가산동),10100,11545,10191100195717,가산차고지,자동차관련시설,2011,0,1,3038.0,1,0,0,0,unknown,0.833,0,1,0,0,1,non_residential_main_use
8f6f4a009ead8319,경기,경기도 고양시 일산동구 식사동 210-1번지,경기도 고양시 일산동구 사리현로 24-75 (식사동),10100,41285,11041204933,,,2022,1,1,0.0,0,1,0,0,unknown,0.667,0,0,1,0,1,basement_or_unknown_floor|low_data_completeness
8f70b0473bb84ad5,서울,서울특별시 도봉구 쌍문동 7-21번지,서울특별시 도봉구 도봉로139길 65 (쌍문동),10500,11320,10111100204644,와이앤캐슬,,2022,1,1,0.0,0,1,0,0,unknown,0.667,0,0,0,0,1,low_data_completeness
8f7c34f17725d1f3,서울,서울특별시 강서구 염창동 98번지,서울특별시 강서구 양천로71길 61 (염창동),10100,11500,1000000000000001338797,염창 한강 스테이,"오피스텔, 다세대주택, 근린생활시설",2023,0,1,559.0,1,0,0,0,unknown,0.833,0,0,0,0,0,
8f8bad559e19cd7b,서울,서울특별시 구로구 신도림동 271-25번지,서울특별시 구로구 신도림로19길 144 (신도림동),10100,11530,10181100189246,신도림삼성쉐르빌 1,,2022,1,1,0.0,0,1,0,0,unknown,0.667,0,0,0,0,1,low_data_completeness
8f90277c0ac575fa,서울,서울특별시 광진구 중곡동 18-11번지,서울특별시 광진구 용마산로 158 (중곡동),10100,11215,10061739,,소매점,1989,0,4,819.71,1,0,1,0,unknown,0.833,1,1,0,0,1,old_building|non_residential_main_use
8f9057d0e38d3da6,경기,경기도 고양시 일산동구 식사동 231-1번지,경기도 고양시 일산동구 견달산로210번길 47-5 (식사동),10100,41285,11041100324902,드림팰리스,,2022,1,1,0.0,0,1,0,0,unknown,0.667,0,0,0,0,1,low_data_completeness
8f9b21d843daae4a,인천,인천광역시 동구 만석동 5-23번지,인천광역시 동구 화도진로198번길 7 (만석동),10100,28140,1055112152,삼성빌라,,2022,1,1,0.0,0,1,0,0,unknown,0.667,0,0,0,0,1,low_data_completeness
8fa14e4f50357c5a,경기,경기도 광명시 광명동 24-73번지,경기도 광명시 연서일로17번길 29-20 (광명동),10100,41210,1098117415,,,2022,1,1,0.0,0,1,0,0,unknown,0.667,0,0,0,0,1,low_data_completeness
8fab7e7518348c84,경기,경기도 군포시 당동 115-14번지,경기도 군포시 산본로179번길 11 (당동),10100,41410,11131542,,근린생활시설 및 주택,1994,0,1,66.0,1,0,0,0,unknown,0.833,1,0,0,0,1,old_building
8fac3741fb877df2,인천,인천광역시 연수구 옥련동 117-38번지,,10100,28185,10571654,,주택,1985,0,1,0.0,1,0,0,0,unknown,0.833,1,0,0,0,1,old_building
8fb56d3c4b8a2109,경기,경기도 고양시 일산동구 식사동 2-33번지,경기도 고양시 일산동구 사리현로 107 (식사동),10100,41285,1000000000000003633234,,기타종교집회장,2024,0,1,174.0,1,0,1,0,unknown,0.833,0,1,0,0,1,non_residential_main_use
8fd3fa2a307a2e8d,인천,인천광역시 연수구 옥련동 118-20번지,인천광역시 연수구 한진로72번길 32 (옥련동),10100,28185,105718335,,,2022,1,1,0.0,0,1,0,0,unknown,0.667,0,0,1,0,1,basement_or_unknown_floor|low_data_completeness
8fe22a455b9390af,경기,경기도 고양시 일산서구 일산동 524-16번지,경기도 고양시 일산서구 일중로 17 (일산동),10100,41287,11041325940,포오스프라자,,2022,1,1,0.0,0,1,0,0,unknown,0.667,0,0,0,0,1,low_data_completeness
9009c52b482bc76d,경기,경기도 광명시 광명동 24-73번지,경기도 광명시 연서일로17번길 29-20 (광명동),10100,41210,1098117412,,,2022,1,1,0.0,0,1,0,0,unknown,0.667,0,0,0,0,1,low_data_completeness
9010b9e94a9dbfb5,서울,서울특별시 강동구 명일동 15번지,서울특별시 강동구 명일로 375 (명일동),10100,11740,1026137885,삼익그린맨션,,2022,1,1,0.0,0,1,0,0,unknown,0.667,0,0,0,0,1,low_data_completeness
901ea605223a5a26,경기,경기도 김포시 북변동 200-6번지,경기도 김포시 봉화로 164-4 (북변동),10100,41570,1000000000000002665905,MU빌리지,,2023,1,1,0.0,0,1,0,0,unknown,0.667,0,0,0,0,1,low_data_completeness
901f854901177b91,인천,인천광역시 옹진군 북도면 모도리 267-1번지,인천광역시 옹진군 모도로140번길 19-16 (북도면 모도리),31023,28720,1000000000000001872493,모도파라다이스,,2023,1,1,0.0,0,1,0,0,unknown,0.667,0,0,0,0,1,low_data_completeness
903aeed24e61552d,경기,경기도 과천시 문원동 15-20번지,경기도 과천시 공원마을2길 51 (문원동),10200,41290,11081839,로즈빌2,"공동주택,다세대주택",2004,0,1,248.0,1,0,0,0,unknown,0.833,1,0,0,0,1,old_building
905871cf7ac15603,인천,인천광역시 옹진군 북도면 모도리 267-1번지,인천광역시 옹진군 모도로140번길 19-16 (북도면 모도리),31023,28720,1000000000000001872424,모도파라다이스,,2023,1,1,0.0,0,1,0,0,unknown,0.667,0,0,0,0,1,low_data_completeness
905a2189f4e5c5ff,인천,인천광역시 동구 만석동 5-22번지,인천광역시 동구 인중로 442 (만석동),10100,28140,1055112136,서해빌라,,2022,1,1,0.0,0,1,0,0,unknown,0.667,0,0,1,0,1,basement_or_unknown_floor|low_data_completeness
90632378e010d363,서울,서울특별시 강동구 명일동 48-4번지,서울특별시 강동구 동남로73길 13 (명일동),10100,11740,10261100250086,엔피타워,"제1,2종근린생활시설,교육연구시설",2019,0,1,775.0,1,0,0,0,unknown,0.833,0,1,0,0,1,non_residential_main_use
9067716b8b846038,경기,경기도 구리시 갈매동 510번지,경기도 구리시 갈매순환로204번길 65 (갈매동),10100,41310,11091100207136,구리 스마트벤처타워,,2022,1,1,0.0,0,1,0,0,unknown,0.667,0,0,0,0,1,low_data_completeness
907067ef3cba8168,서울,서울특별시 강북구 미아동 3-91번지,서울특별시 강북구 오현로 42-5 (미아동),10100,11305,10101802,,단독주택,1968,0,1,0.0,1,0,0,0,unknown,0.833,1,0,0,0,1,old_building
90759eedb8dc9b15,서울,서울특별시 노원구 월계동 13번지,서울특별시 노원구 마들로 59 (월계동),10200,11350,101211602,,아파트,1986,0,1,0.0,1,0,0,0,unknown,0.833,1,0,0,0,1,old_building
90874cd569712b9e,서울,서울특별시 노원구 월계동 13번지,서울특별시 노원구 마들로 111 (월계동),10200,11350,101211575,,중간기계실,1986,0,1,0.0,1,0,0,0,unknown,0.833,1,1,1,0,1,old_building|non_residential_main_use|basement_or_unknown_floor
908909c040a5981e,인천,인천광역시 부평구 부평동 10-251번지,인천광역시 부평구 주부토로104번길 13 (부평동),10100,28237,1059119180,명신빌라,다세대주택,1991,0,1,0.0,1,0,0,0,unknown,0.833,1,0,0,0,1,old_building
90981f0ebbb38aff,경기,경기도 군포시 당동 14-1번지,경기도 군포시 공단로 149 (당동),10100,41410,111319560,아이밸리 군포,,2022,1,1,0.0,0,1,0,0,unknown,0.667,0,0,1,0,1,basement_or_unknown_floor|low_data_completeness
90b06e85f1df43af,서울,서울특별시 강남구 역삼동 601-23번지,서울특별시 강남구 봉은사로4길 9 (역삼동),10100,11680,10241100239727,,다세대주택,2022,0,2,36.39,0,0,0,1,unknown,0.833,0,0,1,0,1,basement_or_unknown_floor
90b699617eab0469,인천,인천광역시 옹진군 북도면 신도리 514-2번지,인천광역시 옹진군 신도로896번길 31 (북도면 신도리),31022,28720,106318376,영광빌라,,2022,1,1,0.0,0,1,0,0,unknown,0.667,0,0,0,0,1,low_data_completeness
90c3ece6e1fe3c76,인천,인천광역시 서구 백석동 28-11번지,인천광역시 서구 아라로51번길 72-8 (백석동),10100,28260,10611100195005,,창고,2009,0,1,450.0,1,0,1,0,unknown,0.833,0,1,0,0,1,non_residential_main_use
90d647ab676d62fc,서울,서울특별시 관악구 봉천동 1-549번지,서울특별시 관악구 청림3다길 10 (봉천동),10100,11620,1022131596,,단독주택,1970,0,1,89.0,1,0,0,0,unknown,0.833,1,0,0,0,1,old_building
90d7ab6ede2c9b88,경기,경기도 광명시 광명동 24-26번지,경기도 광명시 광삼로13번길 28 (광명동),10100,41210,1098117372,,,2022,1,1,0.0,0,1,0,0,unknown,0.667,0,0,1,0,1,basement_or_unknown_floor|low_data_completeness
90d9729773981492,인천,인천광역시 계양구 효성동 1-30번지,인천광역시 계양구 길마로 98 (효성동),10100,28245,1060113261,삼성하이츠맨션,,2023,1,1,0.0,0,1,0,0,unknown,0.667,0,0,0,0,1,low_data_completeness
90df3c63f6ea9566,서울,서울특별시 금천구 가산동 4-6번지,서울특별시 금천구 벚꽃로56길 14 (가산동),10100,11545,1019112831,,기타제1종근린생활시설,1969,0,2,196.22,1,0,1,0,unknown,0.833,1,1,0,0,1,old_building|non_residential_main_use
90eb94cce7b8bed2,서울,서울특별시 강남구 대치동 511번지,서울특별시 강남구 삼성로 150 (대치동),10600,11680,1024125561,한보미도맨션209동,,2022,1,1,0.0,0,1,0,0,unknown,0.667,0,0,0,0,1,low_data_completeness
90f5f095c1c273f6,서울,서울특별시 도봉구 쌍문동 20-5번지,서울특별시 도봉구 해등로 198 (쌍문동),10500,11320,10111560,,근린생활시설,1989,0,1,613.46,1,0,0,0,unknown,0.833,1,1,0,0,1,old_building|non_residential_main_use
9100a6cf92f875af,경기,경기도 광주시 경안동 10-23번지,경기도 광주시 중앙로154번길 26 (경안동),10100,41610,11251100232549,,,2022,1,1,0.0,0,1,0,0,unknown,0.667,0,0,0,0,1,low_data_completeness
9106106c34cd47d1,경기,경기도 과천시 문원동 15-14번지,경기도 과천시 공원마을1길 42 (문원동),10200,41290,11081169,문원동 15-14번지 주택신축,"단독주택,다가구주택",2004,0,1,248.0,1,0,0,0,unknown,0.833,1,0,0,0,1,old_building
91186e2111a5043b,인천,인천광역시 동구 만석동 1-52번지,인천광역시 동구 보세로26번길 24-50 (만석동),10100,28140,10551100186183,해양조선,공장,2019,0,1,2344.2,1,0,0,0,unknown,0.833,0,1,0,0,1,non_residential_main_use
911ef039222f3e80,인천,인천광역시 연수구 옥련동 81-19번지,인천광역시 연수구 독배로 109 (옥련동),10100,28185,105718096,,,2022,1,1,0.0,0,1,0,0,unknown,0.667,0,0,1,0,1,basement_or_unknown_floor|low_data_completeness
9158a90872ceaa4e,서울,서울특별시 강서구 개화동 425-20번지,서울특별시 강서구 개화동로5길 3-18 (개화동),11000,11500,10171100238166,개화동 경동미르웰,다세대주택,2022,0,1,30.95,0,0,0,1,unknown,0.833,0,0,0,0,0,
9179672cfa78b847,경기,경기도 고양시 덕양구 주교동 38-13번지,경기도 고양시 덕양구 원당로 112 (주교동),10100,41281,11041100458216,고양 엘림프라자,,2022,1,1,0.0,0,1,0,0,unknown,0.667,0,0,0,0,1,low_data_completeness
917cb39b36b27ebc,인천,인천광역시 동구 만석동 1-67번지,인천광역시 동구 만석부두로7번길 15-24 (만석동),10100,28140,10551100182221,,공장,2014,0,1,408.1,1,0,0,0,unknown,0.833,0,1,0,0,1,non_residential_main_use
919331549a04cfb2,서울,서울특별시 구로구 신도림동 276-5번지,서울특별시 구로구 신도림로19길 116 (신도림동),10100,11530,10181100229839,리버스타운,도시형생활주택(단지형다세대주택-10세대) 및 2종근린생활시설(사무소-6호),2016,0,1,690.0,1,0,0,0,unknown,0.833,0,0,0,0,0,
91c3041f4115e88e,인천,인천광역시 계양구 효성동 1-12번지,인천광역시 계양구 길마로88번길 7 (효성동),10100,28245,1060113212,원익그린맨션,,2022,1,1,0.0,0,1,0,0,unknown,0.667,0,0,0,0,1,low_data_completeness
91cb151f5ba0d800,경기,경기도 고양시 덕양구 주교동 107-1번지,,10100,41281,1104110710,,단독주택,2022,0,1,70.05,1,0,1,0,unknown,0.833,0,0,0,0,0,
91df0b8a2173ef46,인천,인천광역시 강화군 강화읍 신문리 205-5번지,인천광역시 강화군 강화대로 429 (강화읍 신문리),25021,28710,1062135754,중앙시장,,2022,1,1,0.0,0,1,0,0,unknown,0.667,0,0,1,0,1,basement_or_unknown_floor|low_data_completeness
91ee5e9fdaf201c8,서울,서울특별시 노원구 월계동 13번지,서울특별시 노원구 마들로 111 (월계동),10200,11350,101211577,,"관리사무실,체육관",1986,0,1,0.0,1,0,0,0,unknown,0.833,1,1,0,0,1,old_building|non_residential_main_use
91f295970869fde9,경기,경기도 고양시 덕양구 주교동 38-13번지,경기도 고양시 덕양구 원당로 112 (주교동),10100,41281,11041100458193,고양 엘림프라자,,2022,1,1,0.0,0,1,0,0,unknown,0.667,0,0,0,0,1,low_data_completeness
91f73aac15d64eca,인천,인천광역시 남동구 구월동 3-21번지,인천광역시 남동구 석산로228번길 19 (구월동),10100,28200,10581100321245,하누리,,2022,1,1,0.0,0,1,0,0,unknown,0.667,0,0,0,0,1,low_data_completeness
91f99c8190ba7acb,서울,서울특별시 강서구 방화동 128-3번지,서울특별시 강서구 방화대로52가길 32 (방화동),10900,11500,10171128597,,다세대주택,2022,0,3,81.34,0,0,0,1,unknown,0.833,0,0,1,0,1,basement_or_unknown_floor
91faedde814daae0,서울,서울특별시 강북구 미아동 3-105번지,서울특별시 강북구 오패산로30가길 9-4 (미아동),10100,11305,10101807,,단독주택(다가구주택),1994,0,1,78.35,1,0,0,0,unknown,0.833,1,0,0,0,1,old_building
92099f0a5adbd889,인천,인천광역시 부평구 부평동 10-43번지,인천광역시 부평구 길주남로102번길 11-11 (부평동),10100,28237,1000000000000004483926,부평동세창주택1차,,2024,1,1,0.0,0,1,0,0,unknown,0.667,0,0,0,0,1,low_data_completeness
922dfc1bc5ba3ec7,인천,인천광역시 미추홀구 숭의동 1-10번지,인천광역시 미추홀구 경인로 150 (숭의동),10100,28177,10561100237785,한우리,,2022,1,1,0.0,0,1,0,0,unknown,0.667,0,0,0,0,1,low_data_completeness
924475d1556f45f6,인천,인천광역시 강화군 강화읍 신문리 2-45번지,인천광역시 강화군 강화대로403번길 4-2 (강화읍 신문리),25021,28710,1062130209,,"근린생활시설, 숙박시설",1985,0,1,176.0,1,0,0,0,unknown,0.833,1,1,0,0,1,old_building|non_residential_main_use
9245f2dad893a15b,경기,경기도 고양시 일산서구 일산동 524-16번지,경기도 고양시 일산서구 일중로 17 (일산동),10100,41287,11041325941,포오스프라자,,2022,1,1,0.0,0,1,0,0,unknown,0.667,0,0,0,0,1,low_data_completeness
925b0107ca082c78,경기,경기도 과천시 문원동 15-53번지,경기도 과천시 공원마을6길 29 (문원동),10200,41290,110813641,우리빌,,2022,1,1,0.0,0,1,0,0,unknown,0.667,0,0,0,0,1,low_data_completeness
9263988795e0d8a6,서울,서울특별시 관악구 봉천동 1-618번지,서울특별시 관악구 청림3다길 17 (봉천동),10100,11620,1022178538,,,2022,1,1,0.0,0,1,0,0,unknown,0.667,0,0,0,0,1,low_data_completeness
9272254b2282fa28,경기,경기도 고양시 덕양구 주교동,,10100,41281,110411535,,단독주택,2022,0,1,85.92,1,0,1,0,unknown,0.833,0,0,0,0,0,
9278f5e8575fe859,서울,서울특별시 금천구 가산동 32-49번지,서울특별시 금천구 벚꽃로50길 3 (가산동),10100,11545,1019113157,,다가구용단독주택(3가구),1992,0,1,0.0,1,0,0,0,unknown,0.833,1,0,0,0,1,old_building
927d80a311f8e991,서울,서울특별시 노원구 월계동 12번지,서울특별시 노원구 마들로 127 (월계동),10200,11350,10121113067,,,2022,1,1,0.0,0,1,0,0,unknown,0.667,0,0,0,0,1,low_data_completeness
9291d6f6b0671743,경기,경기도 구리시 갈매동 8-10번지,경기도 구리시 금강로 164 (갈매동),10100,41310,11091100209169,갈매동 제설작업 전진기지,일반창고,2019,0,2,5225.32,1,0,1,0,unknown,0.833,0,1,0,0,1,non_residential_main_use
9292cf0b70dd14fc,서울,서울특별시 강북구 미아동 3-14번지,서울특별시 강북구 오현로9길 7 (미아동),10100,11305,10101762,,다가구주택,1994,0,4,1109.12,1,0,1,0,unknown,0.833,1,0,0,0,1,old_building
92a2ad77959682e7,서울,서울특별시 강남구 역삼동 603번지,서울특별시 강남구 봉은사로 130 (역삼동),10100,11680,102419340,,숙박시설 업무시설 운동시설 위락시설 근린생활시설,1993,0,1,6228.9,1,0,0,0,unknown,0.833,1,1,0,0,1,old_building|non_residential_main_use
92acb7c56beb44a6,경기,경기도 광명시 광명동 25-10번지,경기도 광명시 광명로928번길 41-6 (광명동),10100,41210,1098117435,,,2022,1,1,0.0,0,1,0,0,unknown,0.667,0,0,0,0,1,low_data_completeness
92dd8421a22a1891,서울,서울특별시 강북구 미아동 3-83번지,서울특별시 강북구 오패산로30가길 5-5 (미아동),10100,11305,10101794,,단독주택,1968,0,1,0.0,1,0,0,0,unknown,0.833,1,0,0,0,1,old_building
92f03f259904c6d1,서울,서울특별시 노원구 월계동 12번지,서울특별시 노원구 마들로 127 (월계동),10200,11350,10121182579,,,2022,1,1,0.0,0,1,0,0,unknown,0.667,0,0,0,0,1,low_data_completeness
92f1fa9969dd1dde,경기,경기도 광주시 경안동 11-32번지,경기도 광주시 중앙로154번길 17-1 (경안동),10100,41610,1125127318,,주택,1995,0,1,106.0,1,0,0,0,unknown,0.833,1,0,0,0,1,old_building
92f713cd7331afa2,서울,서울특별시 구로구 신도림동 271-25번지,서울특별시 구로구 신도림로19길 144 (신도림동),10100,11530,10181100189182,신도림삼성쉐르빌 1,,2022,1,1,0.0,0,1,0,0,unknown,0.667,0,0,0,0,1,low_data_completeness
92fcdd8532799a09,경기,경기도 군포시 당동 134-38번지,경기도 군포시 공단로 107 (당동),10100,41410,11131100200672,청풍엔지니어링 군포공장,공장,2016,0,1,859.0,1,0,0,0,unknown,0.833,0,1,0,0,1,non_residential_main_use
93146a3e99bca0bd,경기,경기도 김포시 북변동 200-6번지,경기도 김포시 봉화로 164-4 (북변동),10100,41570,1000000000000002665903,MU빌리지,,2023,1,1,0.0,0,1,0,0,unknown,0.667,0,0,0,0,1,low_data_completeness
9319a6405811f088,인천,인천광역시 미추홀구 숭의동 1-38번지,,10100,28177,10561100305878,,주택,1985,0,1,0.0,1,0,0,0,unknown,0.833,1,0,0,0,1,old_building
932d6f60f1a28ef7,경기,경기도 고양시 일산서구 일산동 524-16번지,경기도 고양시 일산서구 일중로 17 (일산동),10100,41287,11041325930,포오스프라자,,2022,1,1,0.0,0,1,0,0,unknown,0.667,0,0,0,0,1,low_data_completeness
9338f5964088608b,서울,서울특별시 강동구 명일동 15번지,서울특별시 강동구 고덕로 210 (명일동),10100,11740,1026138619,삼익그린맨션,,2022,1,1,0.0,0,1,0,0,unknown,0.667,0,0,0,0,1,low_data_completeness
933b20b37ac9d6cf,서울,서울특별시 강서구 염창동 113번지,,10100,11500,101714263,,주택,2022,0,1,0.0,1,0,0,0,unknown,0.833,0,0,0,0,0,
9348a6ae8c78e4c2,서울,서울특별시 노원구 월계동 18번지,서울특별시 노원구 마들로 31 (월계동),10200,11350,101213215,그랑빌아파트,공동주택(아파트),2002,0,1,0.0,1,0,0,0,unknown,0.833,1,0,0,0,1,old_building
9354a046d721db9d,서울,서울특별시 광진구 중곡동 18-33번지,서울특별시 광진구 용마산로26길 16-3 (중곡동),10100,11215,10061100222273,한강Ss클래스,공동주택(도시형생활주택 단지형다세대16세대),2015,0,1,359.5,1,0,0,0,unknown,0.833,0,0,0,0,0,
93560a7973272f34,경기,경기도 군포시 당동 159-4번지,경기도 군포시 봉성로 40-12 (당동),10100,41410,11131586,세양전자(주),공장,2004,0,1,1615.0,1,0,0,0,unknown,0.833,1,1,0,0,1,old_building|non_residential_main_use
93765dc0157655cd,경기,경기도 고양시 일산서구 일산동 368번지,,10100,41287,11041239444,,단독주택,2022,0,1,36.15,1,0,1,0,unknown,0.833,0,0,0,0,0,
937829384d8c7375,서울,서울특별시 구로구 신도림동 271-25번지,서울특별시 구로구 신도림로19길 144 (신도림동),10100,11530,10181100189221,신도림삼성쉐르빌 1,,2022,1,1,0.0,0,1,0,0,unknown,0.667,0,0,0,0,1,low_data_completeness
937b18ebe5fdd5b7,경기,경기도 광주시 경안동 12-6번지,경기도 광주시 광주대로71번길 19-5 (경안동),10100,41610,1125122657,,주택.변소및헛간,1980,0,1,0.0,1,0,0,0,unknown,0.833,1,0,0,0,1,old_building
937b5bf8b79235d5,경기,경기도 가평군 가평읍 읍내리 103-1번지,경기도 가평군 잎너비길 35-113 (가평읍 읍내리),25021,41820,113012001,,"주택, 정미소",1985,0,1,0.0,1,0,0,0,unknown,0.833,1,0,0,0,1,old_building
9389d0f05eb7df0a,서울,서울특별시 광진구 중곡동 18-27번지,서울특별시 광진구 용마산로 134 (중곡동),10100,11215,10061748,,"업무시설, 사무실",1986,0,1,0.0,1,0,0,0,unknown,0.833,1,1,0,0,1,old_building|non_residential_main_use
939bcaeee6e969d2,인천,인천광역시 서구 백석동 49-7번지,인천광역시 서구 아라로51번길 63-1 (백석동),10100,28260,10611100194002,,소매점,2009,0,1,526.8,1,0,1,0,unknown,0.833,0,1,0,0,1,non_residential_main_use
93b110c8fdd62f4c,인천,인천광역시 계양구 효성동 1-30번지,인천광역시 계양구 길마로 98 (효성동),10100,28245,1060113259,삼성하이츠맨션,,2023,1,1,0.0,0,1,0,0,unknown,0.667,0,0,0,0,1,low_data_completeness
93b210794b651c6a,인천,인천광역시 남동구 구월동 3-40번지,인천광역시 남동구 당좌로 45 (구월동),10100,28200,105811847,,단독주택,1991,0,1,0.0,1,0,0,0,unknown,0.833,1,0,0,0,1,old_building
93b3da6ff9428c04,인천,인천광역시 부평구 부평동 10-228번지,인천광역시 부평구 길주남로 112-19 (부평동),10100,28237,10591142140,,,2022,1,1,0.0,0,1,0,0,unknown,0.667,0,0,0,0,1,low_data_completeness
93c857b203ee259b,경기,경기도 김포시 북변동 200-6번지,경기도 김포시 봉화로 164-4 (북변동),10100,41570,1000000000000002665906,MU빌리지,,2023,1,1,0.0,0,1,0,0,unknown,0.667,0,0,0,0,1,low_data_completeness
93d483f5159f9d00,인천,인천광역시 계양구 효성동 11-4번지,인천광역시 계양구 봉오대로601번길 13 (효성동),10100,28245,106011111,,주택,1990,0,1,207.0,1,0,0,0,unknown,0.833,1,0,0,0,1,old_building
93e81410bf3d023b,서울,서울특별시 노원구 월계동 12번지,서울특별시 노원구 마들로 127 (월계동),10200,11350,10121170242,,,2022,1,1,0.0,0,1,0,0,unknown,0.667,0,0,0,0,1,low_data_completeness
9408f090a3ceb2c8,경기,경기도 구리시 갈매동 510번지,경기도 구리시 갈매순환로204번길 65 (갈매동),10100,41310,11091100207161,구리 스마트벤처타워,,2022,1,1,0.0,0,1,0,0,unknown,0.667,0,0,0,0,1,low_data_completeness
940c6b9f6794a3ca,서울,서울특별시 노원구 월계동 13번지,서울특별시 노원구 마들로 111 (월계동),10200,11350,101211592,,아파트,1986,0,1,0.0,1,0,0,0,unknown,0.833,1,0,0,0,1,old_building
941d5fbf75d7b50f,서울,서울특별시 구로구 신도림동 281-68번지,서울특별시 구로구 신도림로11라길 59-7 (신도림동),10100,11530,1018115724,,주택,1976,0,1,0.0,1,0,0,0,unknown,0.833,1,0,0,0,1,old_building
9423b9fd093385c3,서울,서울특별시 금천구 가산동 35-5번지,서울특별시 금천구 벚꽃로48길 8 (가산동),10100,11545,1019144632,가산빌라,,2022,1,1,0.0,0,1,0,0,unknown,0.667,0,0,0,0,1,low_data_completeness
943212936a262368,서울,서울특별시 강남구 대치동 511번지,서울특별시 강남구 삼성로 150 (대치동),10600,11680,1024125292,한보미도맨션212동,,2022,1,1,0.0,0,1,0,0,unknown,0.667,0,0,0,0,1,low_data_completeness
94462fbc108dbdd6,경기,경기도 군포시 당동 14-1번지,경기도 군포시 공단로 149 (당동),10100,41410,111319555,아이밸리 군포,,2022,1,1,0.0,0,1,0,0,unknown,0.667,0,0,1,0,1,basement_or_unknown_floor|low_data_completeness
944f8c288ec94cd4,인천,인천광역시 남동구 구월동 3-14번지,인천광역시 남동구 석산로228번길 7-1 (구월동),10100,28200,1058127535,동부주택2동,,2022,1,1,0.0,0,1,0,0,unknown,0.667,0,0,0,0,1,low_data_completeness
945dbc45b67772a8,경기,경기도 고양시 덕양구 주교동 273-1번지,경기도 고양시 덕양구 원당로59번길 120 (주교동),10100,41281,11041103840,예중파크뷰아파트,,2022,1,1,0.0,0,1,0,0,unknown,0.667,0,0,0,0,1,low_data_completeness
946e603aa0374a78,인천,인천광역시 미추홀구 숭의동 1-10번지,인천광역시 미추홀구 경인로 150 (숭의동),10100,28177,10561100237788,한우리,,2022,1,1,0.0,0,1,0,0,unknown,0.667,0,0,0,0,1,low_data_completeness
94766b9ce3f29cbd,서울,서울특별시 강동구 명일동 15번지,서울특별시 강동구 고덕로 210 (명일동),10100,11740,102611208,삼익그린맨션,아파트,1983,0,1,0.0,1,0,0,0,unknown,0.833,1,0,0,0,1,old_building
9478c4e184c21e08,서울,서울특별시 광진구 중곡동 18-23번지,서울특별시 광진구 용마산로 138 (중곡동),10100,11215,1006127437,,,2022,1,1,0.0,0,1,0,0,unknown,0.667,0,0,0,0,1,low_data_completeness
948651e4f9a8ef49,인천,인천광역시 중구 중앙동2가 8번지,,10200,28110,10541642,,주택,2022,0,1,0.0,1,0,0,0,unknown,0.833,0,0,0,0,0,
9495675807941f4a,인천,인천광역시 계양구 효성동,,10100,28245,106011867,,단독주택,1957,0,1,33.72,1,0,1,0,unknown,0.833,1,0,0,0,1,old_building
94ac056026d9b555,인천,인천광역시 남동구 구월동 4-1번지,인천광역시 남동구 석산로228번길 35 (구월동),10100,28200,105811897,,"근린생활시설, 주택",1983,0,1,0.0,1,0,0,0,unknown,0.833,1,0,0,0,1,old_building
94afa2e8c8258002,경기,경기도 광주시 경안동 19-7번지,경기도 광주시 광주대로55번길 7-4 (경안동),10100,41610,1125171979,,,2022,1,1,0.0,0,1,0,0,unknown,0.667,0,0,1,0,1,basement_or_unknown_floor|low_data_completeness
94b4d87c6d46e473,인천,인천광역시 남동구 구월동 3-26번지,인천광역시 남동구 석산로228번길 29 (구월동),10100,28200,10581100331200,삼성주택,,2022,1,1,0.0,0,1,0,0,unknown,0.667,0,0,0,0,1,low_data_completeness
94c24923a39336f1,경기,경기도 고양시 덕양구 주교동 197-1번지,경기도 고양시 덕양구 고양대로 1303 (주교동),10100,41281,1000000000000005031686,삼원주유소,위험물저장및처리시설(주유소-기계식세차장),2025,0,1,774.0,1,0,0,0,unknown,0.833,0,1,0,0,1,non_residential_main_use
94d083e6d43abf60,인천,인천광역시 계양구 효성동 1-29번지,인천광역시 계양구 새벌로 189 (효성동),10100,28245,1060113254,그린파크,,2022,1,1,0.0,0,1,0,0,unknown,0.667,0,0,0,0,1,low_data_completeness
94dc6c83abc13829,경기,경기도 구리시 갈매동 142-1번지,경기도 구리시 금강로 123 (갈매동),10100,41310,11091267,,동물관련시설(축사),1998,0,1,2050.0,1,0,0,0,unknown,0.833,1,1,0,0,1,old_building|non_residential_main_use
9500a29f86da56b9,서울,서울특별시 강북구 미아동 3-10번지,서울특별시 강북구 오현로9길 19 (미아동),10100,11305,1010130840,,연립주택,2022,1,1,39.69,0,1,0,1,unknown,0.833,0,0,0,0,0,
95143b6896dd6c1f,인천,인천광역시 남동구 구월동 3-5번지,인천광역시 남동구 석산로 230-3 (구월동),10100,28200,1058127527,조은그린빌,,2022,1,1,0.0,0,1,0,0,unknown,0.667,0,0,0,0,1,low_data_completeness
95207e4a5a0d25c4,경기,경기도 고양시 덕양구 주교동 273-1번지,경기도 고양시 덕양구 원당로59번길 120 (주교동),10100,41281,11041103814,예중파크뷰아파트,,2022,1,1,0.0,0,1,0,0,unknown,0.667,0,0,0,0,1,low_data_completeness
952aee39f34e4359,경기,경기도 과천시 문원동 15-50번지,경기도 과천시 공원마을6길 33 (문원동),10200,41290,11081100178883,문원동 15-50 공동주택(힐탑빌),,2022,1,1,0.0,0,1,0,0,unknown,0.667,0,0,0,0,1,low_data_completeness
95306a92bc5a8c1b,서울,서울특별시 관악구 봉천동 1-1124번지,서울특별시 관악구 청림3길 82 (봉천동),10100,11620,1022185309,,,2022,1,1,0.0,0,1,0,0,unknown,0.667,0,0,0,0,1,low_data_completeness
95319423cc11f3be,경기,경기도 고양시 일산동구 식사동 210-1번지,경기도 고양시 일산동구 사리현로 24-75 (식사동),10100,41285,11041204939,,,2022,1,1,0.0,0,1,0,0,unknown,0.667,0,0,1,0,1,basement_or_unknown_floor|low_data_completeness
9537aafba81c4ee8,서울,서울특별시 관악구 봉천동 1-552번지,서울특별시 관악구 청림3길 51-3 (봉천동),10100,11620,102214266,,단독주택,1991,0,1,0.0,1,0,0,0,unknown,0.833,1,0,0,0,1,old_building
95411c1859d153d0,인천,인천광역시 서구 백석동 21번지,인천광역시 서구 독정로 16-28 (백석동),10100,28260,106112217,,단독주택,1951,0,1,77.69,1,0,1,0,unknown,0.833,1,0,0,0,1,old_building
9543a08834bd354f,경기,경기도 광명시 광명동 24-26번지,경기도 광명시 광삼로13번길 28 (광명동),10100,41210,1098117376,,,2022,1,1,0.0,0,1,0,0,unknown,0.667,0,0,1,0,1,basement_or_unknown_floor|low_data_completeness
95532b7764ebb756,인천,인천광역시 연수구 옥련동 118-3번지,인천광역시 연수구 비류대로144번길 23-2 (옥련동),10100,28185,105718283,,,2022,1,1,0.0,0,1,0,0,unknown,0.667,0,0,1,0,1,basement_or_unknown_floor|low_data_completeness
9555577fba7b7e1c,서울,서울특별시 강서구 내발산동 647번지,서울특별시 강서구 강서로52길 43 (내발산동),10600,11500,1000000000000002238223,DH647,다세대주택,2023,0,4,90.81,0,0,0,1,unknown,0.833,0,0,1,0,1,basement_or_unknown_floor
955cb3c8277bf68e,경기,경기도 고양시 일산동구 식사동 13-8번지,,10100,41285,11041100436796,저장고(탄14),교정및군사시설,1973,0,1,652295.0,1,0,0,0,unknown,0.833,1,1,0,0,1,old_building|non_residential_main_use
9563d07d6c7db0b7,서울,서울특별시 구로구 신도림동 271-25번지,서울특별시 구로구 신도림로19길 144 (신도림동),10100,11530,10181100189289,신도림삼성쉐르빌 1,,2022,1,1,0.0,0,1,0,0,unknown,0.667,0,0,0,0,1,low_data_completeness
957d6a0e12f94d40,인천,인천광역시 옹진군 북도면 신도리 451-2번지,인천광역시 옹진군 신도로 842 (북도면 신도리),31022,28720,10631100171492,,,2022,1,1,0.0,0,1,0,0,unknown,0.667,0,0,0,0,1,low_data_completeness
9583fdc57c705ce1,인천,인천광역시 미추홀구 숭의동 1-89번지,인천광역시 미추홀구 경인로144번길 54 (숭의동),10100,28177,105612193,,단독주택(3가구용),1990,0,1,0.0,1,0,0,0,unknown,0.833,1,0,0,0,1,old_building
958a9c65e05d74fe,서울,서울특별시 강북구 미아동 3-9번지,서울특별시 강북구 오현로9길 23 (미아동),10100,11305,1010112841,,다세대주택,2002,0,5,1051.54,1,0,1,0,unknown,0.833,1,0,0,0,1,old_building
95ac0e3e97c03f4d,경기,경기도 김포시 북변동 200-6번지,경기도 김포시 봉화로 164-4 (북변동),10100,41570,1000000000000002665912,MU빌리지,,2023,1,1,0.0,0,1,0,0,unknown,0.667,0,0,0,0,1,low_data_completeness
95c41ba3bee9d913,서울,서울특별시 관악구 봉천동 1-52번지,서울특별시 관악구 청림3마길 28-8 (봉천동),10100,11620,1022129397,,단독주택,1991,0,2,144.39,1,0,1,0,unknown,0.833,1,0,0,0,1,old_building
95c51dccd7c508a6,서울,서울특별시 강남구 삼성동 122-7번지,서울특별시 강남구 봉은사로72길 33 (삼성동),10500,11680,1024124406,삼성 더 힐스,,2022,1,1,0.0,0,1,0,0,unknown,0.667,0,0,0,0,1,low_data_completeness
95da11a05b043a26,서울,서울특별시 강동구 명일동 15번지,서울특별시 강동구 고덕로 210 (명일동),10100,11740,1026138730,삼익그린맨션,,2022,1,1,0.0,0,1,0,0,unknown,0.667,0,0,0,0,1,low_data_completeness
95da220faff67821,서울,서울특별시 강서구 방화동 129-2번지,서울특별시 강서구 양천로27길 115-9 (방화동),10900,11500,10171100247762,소담밸리,다세대주택,2022,0,2,33.76,0,0,0,1,unknown,0.833,0,0,1,0,1,basement_or_unknown_floor
95ea16690da01e02,인천,인천광역시 중구 중앙동1가 16-3번지,인천광역시 중구 제물량로232번안길 9 (중앙동1가),10100,28110,10541621,,주택,2022,0,1,0.0,1,0,0,0,unknown,0.833,0,0,0,0,0,
95eeef7693149672,인천,인천광역시 미추홀구 숭의동 1-11번지,인천광역시 미추홀구 경인로 148 (숭의동),10100,28177,10561100237050,다우림,,2022,1,1,0.0,0,1,0,0,unknown,0.667,0,0,0,0,1,low_data_completeness
95f11170c8e49227,경기,경기도 구리시 갈매동 510번지,경기도 구리시 갈매순환로204번길 65 (갈매동),10100,41310,11091100207149,구리 스마트벤처타워,,2022,1,1,0.0,0,1,0,0,unknown,0.667,0,0,0,0,1,low_data_completeness
95fcb23093c815a0,인천,인천광역시 옹진군 북도면 시도리 136-2번지,인천광역시 옹진군 시도로104번길 105-29 (북도면 시도리),31021,28720,10631100182935,,제2종근린생활시설,2013,0,1,496.0,1,0,0,0,unknown,0.833,0,1,0,0,1,non_residential_main_use
95fea8a894ec3147,인천,인천광역시 미추홀구 숭의동 1-10번지,인천광역시 미추홀구 경인로 150 (숭의동),10100,28177,10561100237776,한우리,,2022,1,1,0.0,0,1,0,0,unknown,0.667,0,0,0,0,1,low_data_completeness
9601a8ad1ed50573,서울,서울특별시 관악구 봉천동 1-210번지,서울특별시 관악구 청림3길 65 (봉천동),10100,11620,1022114619,,단독주택,1970,0,2,165.95,1,0,1,0,unknown,0.833,1,0,0,0,1,old_building
960d3d7a4dd81f52,경기,경기도 고양시 덕양구 주교동 265-1번지,경기도 고양시 덕양구 고양대로1315번길 71 (주교동),10100,41281,1104118729,주교동 행정복지센터,공공업무시설(동사무소),1997,0,1,1484.0,1,0,0,0,unknown,0.833,1,1,0,0,1,old_building|non_residential_main_use
960f5b720615c396,인천,인천광역시 미추홀구 숭의동 1-100번지,인천광역시 미추홀구 수봉로21번길 31 (숭의동),10100,28177,105612201,,주택,2022,0,1,0.0,1,0,0,0,unknown,0.833,0,0,0,0,0,
962f0ae424bb5b8e,인천,인천광역시 계양구 효성동 1-11번지,인천광역시 계양구 길마로88번길 5 (효성동),10100,28245,1060113200,원익그린맨션,,2022,1,1,0.0,0,1,0,0,unknown,0.667,0,0,0,0,1,low_data_completeness
9634f0ca8eb49e62,경기,경기도 김포시 북변동 200-19번지,경기도 김포시 봉화로 164 (북변동),10100,41570,1123140608,한터하이빌,,2022,1,1,0.0,0,1,0,0,unknown,0.667,0,0,0,0,1,low_data_completeness
9635f5d6c700ee27,서울,서울특별시 강남구 역삼동 601-23번지,서울특별시 강남구 봉은사로4길 9 (역삼동),10100,11680,10241100239728,,다세대주택,2022,0,2,36.39,0,0,0,1,unknown,0.833,0,0,1,0,1,basement_or_unknown_floor
963b1db377e02438,경기,경기도 가평군 가평읍 읍내리 214번지,경기도 가평군 가평제방길 233 (가평읍 읍내리),25021,41820,1000000000000002714585,힐스테이트 가평 더뉴클래스,,2023,1,1,0.0,0,1,0,0,unknown,0.667,0,0,0,0,1,low_data_completeness
963b56db41041e95,경기,경기도 고양시 일산서구 일산동 542-21번지,경기도 고양시 일산서구 일중로 53 (일산동),10100,41287,11041236204,,근린생활시설,1987,0,1,0.0,1,0,0,0,unknown,0.833,1,1,0,0,1,old_building|non_residential_main_use
96458494bbdaef38,인천,인천광역시 옹진군 북도면 시도리 116-1번지,,31021,28720,10631582,,창고시설,2022,0,1,0.0,1,0,0,0,unknown,0.833,0,1,0,0,1,non_residential_main_use
965c71f1c2262619,경기,경기도 고양시 덕양구 주교동 197-2번지,경기도 고양시 덕양구 고양대로 1301 (주교동),10100,41281,1104116196,,주택및부속사,1994,0,1,229.0,1,0,0,0,unknown,0.833,1,0,0,0,1,old_building
965e8fc459682215,서울,서울특별시 노원구 월계동 12번지,서울특별시 노원구 마들로 127 (월계동),10200,11350,10121134201,,,2022,1,1,0.0,0,1,0,0,unknown,0.667,0,0,0,0,1,low_data_completeness
967267cc18847c3b,인천,인천광역시 옹진군 북도면 시도리 46-8번지,인천광역시 옹진군 시도로86번길 291-94 (북도면 시도리),31021,28720,10631100193427,,사무소,2016,0,2,649.35,1,0,1,0,unknown,0.833,0,1,0,0,1,non_residential_main_use
96a57c6d543b0d8c,인천,인천광역시 서구 백석동 블록,인천광역시 서구 한들로 33 (백석동),10100,28260,1000000000000002032697,검암역 로열파크씨티 푸르지오 1단지,,2023,1,1,0.0,0,1,0,0,unknown,0.667,0,0,0,0,1,low_data_completeness
96afc2d55ccd102b,인천,인천광역시 강화군 강화읍 신문리 4-1번지,인천광역시 강화군 강화대로393번길 9 (강화읍 신문리),25021,28710,1062114014,,자동차관련시설,1994,0,1,1086.0,1,0,0,0,unknown,0.833,1,1,0,0,1,old_building|non_residential_main_use
96baaa0c2f80e094,서울,서울특별시 금천구 가산동 50-3번지,서울특별시 금천구 벚꽃로 298 (가산동),10100,11545,10191100191242,대륭 포스트타워 6차,,2022,1,1,0.0,0,1,0,0,unknown,0.667,0,0,0,0,1,low_data_completeness
96cefc8c94174734,경기,경기도 고양시 일산동구 식사동,,10100,41285,11041126977,,기타묘지관련시설,2022,0,1,9.72,1,0,1,0,unknown,0.833,0,1,0,0,1,non_residential_main_use
96d0130b11cca104,경기,경기도 고양시 덕양구 주교동 211-3번지,경기도 고양시 덕양구 고양대로1315번길 5 (주교동),10100,41281,11041100337064,,"제1,2종근린생활시설",2018,0,1,139.0,1,0,0,0,unknown,0.833,0,1,0,0,1,non_residential_main_use
96f5067546b1d633,서울,서울특별시 강서구 내발산동 647번지,서울특별시 강서구 강서로52길 43 (내발산동),10600,11500,1000000000000002238239,DH647,다세대주택,2023,0,4,90.81,0,0,0,1,unknown,0.833,0,0,1,0,1,basement_or_unknown_floor
96f600250c412e7d,서울,서울특별시 구로구 신도림동 281-99번지,,10100,11530,1018115061,,창고,1991,0,1,0.0,1,0,0,0,unknown,0.833,1,1,0,0,1,old_building|non_residential_main_use
9712942525fe7142,서울,서울특별시 노원구 월계동 12번지,서울특별시 노원구 마들로 127 (월계동),10200,11350,1012141576,,,2022,1,1,0.0,0,1,0,0,unknown,0.667,0,0,0,0,1,low_data_completeness
97293d12a2a15e0e,인천,인천광역시 옹진군 북도면 시도리 53-1번지,인천광역시 옹진군 시도로86번길 217-37 (북도면 시도리),31021,28720,10631100175612,,다가구주택,2010,0,1,567.7,1,0,1,0,unknown,0.833,0,0,0,0,0,
972c0014b498ab60,경기,경기도 고양시 일산서구 일산동 524-16번지,경기도 고양시 일산서구 일중로 17 (일산동),10100,41287,11041100246714,포오스프라자,,2022,1,1,0.0,0,1,0,0,unknown,0.667,0,0,0,0,1,low_data_completeness
9731c49dd01baf3e,경기,경기도 과천시 문원동 15-30번지,경기도 과천시 공원마을3길 45 (문원동),10200,41290,11081181,,다가구주택,2002,0,1,248.0,1,0,0,0,unknown,0.833,1,0,0,0,1,old_building
97397a83d8126d5d,인천,인천광역시 옹진군 북도면 모도리 267-1번지,인천광역시 옹진군 모도로140번길 19-16 (북도면 모도리),31023,28720,1000000000000001872483,모도파라다이스,,2023,1,1,0.0,0,1,0,0,unknown,0.667,0,0,0,0,1,low_data_completeness
973e16a3f9bbc24a,경기,경기도 고양시 덕양구 주교동 273-1번지,경기도 고양시 덕양구 원당로59번길 120 (주교동),10100,41281,11041103861,예중파크뷰아파트,,2022,1,1,0.0,0,1,0,0,unknown,0.667,0,0,0,0,1,low_data_completeness
97486e9cbb96480c,경기,경기도 고양시 일산동구 식사동 13-8번지,,10100,41285,11041100436820,저장고(탄31),국방ㆍ군사시설,1970,0,1,652544.48,1,0,1,0,unknown,0.833,1,1,0,0,1,old_building|non_residential_main_use
974ed448f9f767dc,서울,서울특별시 강남구 역삼동 601-23번지,서울특별시 강남구 봉은사로4길 9 (역삼동),10100,11680,102417745,,다세대주택,2002,0,1,302.7,1,0,0,0,unknown,0.833,1,0,0,0,1,old_building
975bee814b5d4962,경기,경기도 가평군 가평읍 읍내리 214번지,경기도 가평군 가평제방길 233 (가평읍 읍내리),25021,41820,1000000000000002714912,힐스테이트 가평 더뉴클래스,,2023,1,1,0.0,0,1,0,0,unknown,0.667,0,0,0,0,1,low_data_completeness
9762b6eec86e7d67,서울,서울특별시 강남구 대치동 511번지,서울특별시 강남구 삼성로 150 (대치동),10600,11680,1024125750,한보미도맨션208동,,2022,1,1,0.0,0,1,0,0,unknown,0.667,0,0,0,0,1,low_data_completeness
9769462ca3ad8548,서울,서울특별시 관악구 봉천동 1-260번지,서울특별시 관악구 청림3마길 21 (봉천동),10100,11620,102213422,,단독주택,1989,0,1,0.0,1,0,0,0,unknown,0.833,1,0,0,0,1,old_building
978053cbe09c5636,인천,인천광역시 강화군 강화읍 신문리 5-6번지,인천광역시 강화군 강화대로 387 (강화읍 신문리),25021,28710,1062122408,,근린생활시설,1995,0,1,517.0,1,0,0,0,unknown,0.833,1,1,0,0,1,old_building|non_residential_main_use
9780e30efe01df99,인천,인천광역시 강화군 강화읍 신문리 1-2번지,인천광역시 강화군 강화대로 403 (강화읍 신문리),25021,28710,106218240,,기타제1종근린생활시설,1977,0,2,120.42,1,0,1,0,unknown,0.833,1,1,0,0,1,old_building|non_residential_main_use
97920378f46533a0,서울,서울특별시 강서구 염창동 65번지,서울특별시 강서구 양천로67길 71-3 (염창동),10100,11500,10171100318497,진영리버타운,,2022,1,1,0.0,0,1,0,0,unknown,0.667,0,0,0,0,1,low_data_completeness
97a109e1fb2ee949,경기,경기도 고양시 일산동구 식사동 231-1번지,경기도 고양시 일산동구 견달산로210번길 47-5 (식사동),10100,41285,11041100324897,드림팰리스,,2022,1,1,0.0,0,1,0,0,unknown,0.667,0,0,0,0,1,low_data_completeness
97b41fbdc24d161c,서울,서울특별시 관악구 봉천동 1-72번지,서울특별시 관악구 청림3다길 8 (봉천동),10100,11620,1022115157,,다세대주택,1986,0,2,248.85,1,0,1,0,unknown,0.833,1,0,0,0,1,old_building
97b7abdea69a0f85,인천,인천광역시 부평구 부평동 10-246번지,인천광역시 부평구 주부토로104번길 31 (부평동),10100,28237,1059131354,미래빌라,다세대주택(10세대),1997,0,1,265.0,1,0,0,0,unknown,0.833,1,0,0,0,1,old_building
97d631c1244b076f,인천,인천광역시 계양구 효성동 1-13번지,인천광역시 계양구 길마로88번길 9 (효성동),10100,28245,1060113223,원익그린맨션,,2022,1,1,0.0,0,1,0,0,unknown,0.667,0,0,0,0,1,low_data_completeness
97e6afa6e9da0c8a,서울,서울특별시 강서구 염창동 57번지,서울특별시 강서구 양천로67길 50-33 (염창동),10100,11500,1017171442,지오빌,아파트,2022,1,2,100.29,0,1,0,1,unknown,0.833,0,0,1,0,1,basement_or_unknown_floor
97e8309a4c4a8738,인천,인천광역시 계양구 효성동 1-17번지,인천광역시 계양구 새벌로 191 (효성동),10100,28245,1060113248,그린파크,,2022,1,1,0.0,0,1,0,0,unknown,0.667,0,0,0,0,1,low_data_completeness
980afcaf60fde78a,경기,경기도 과천시 문원동 15-38번지,경기도 과천시 공원마을3길 38 (문원동),10200,41290,11081100179158,현대빌라,,2022,1,1,0.0,0,1,0,0,unknown,0.667,0,0,0,0,1,low_data_completeness
980b6a0dcef5962f,서울,서울특별시 강남구 대치동 511번지,서울특별시 강남구 삼성로 150 (대치동),10600,11680,1024125829,한보미도맨션202동,,2022,1,1,0.0,0,1,0,0,unknown,0.667,0,0,0,0,1,low_data_completeness
981a54b846573293,경기,경기도 과천시 문원동 15-40번지,경기도 과천시 공원마을4길 41 (문원동),10200,41290,110813625,우리빌,,2022,1,1,0.0,0,1,0,0,unknown,0.667,0,0,0,0,1,low_data_completeness
981b1162b4a7b49d,서울,서울특별시 강서구 방화동 129-2번지,서울특별시 강서구 양천로27길 115-9 (방화동),10900,11500,10171100247770,소담밸리,다세대주택,2022,0,2,33.76,0,0,0,1,unknown,0.833,0,0,1,0,1,basement_or_unknown_floor
981f58140de6c4a5,인천,인천광역시 중구 중앙동3가 4-8번지,인천광역시 중구 홍예문로 7 (중앙동3가),10300,28110,1054115494,,,2022,1,1,0.0,0,1,0,0,unknown,0.667,0,0,0,0,1,low_data_completeness
9822b4c0f3505e89,인천,인천광역시 옹진군 북도면 시도리 46-12번지,인천광역시 옹진군 시도로86번길 291-90 (북도면 시도리),31021,28720,10631100194519,,일반음식점,2016,0,2,557.32,1,0,1,0,unknown,0.833,0,1,0,0,1,non_residential_main_use
9824d06ab0498b21,경기,경기도 고양시 일산서구 일산동 551-16번지,경기도 고양시 일산서구 고양대로 701-6 (일산동),10100,41287,11041100176581,대명아트빌,,2022,1,1,0.0,0,1,0,0,unknown,0.667,0,0,0,0,1,low_data_completeness
982ca326c50f03c0,인천,인천광역시 남동구 구월동 3-90번지,인천광역시 남동구 석산로222번길 3 (구월동),10100,28200,105811881,,단독주택,1994,0,1,164.6,1,0,0,0,unknown,0.833,1,0,0,0,1,old_building
98390abb485efcf0,서울,서울특별시 구로구 신도림동 271-25번지,서울특별시 구로구 신도림로19길 144 (신도림동),10100,11530,10181100189303,신도림삼성쉐르빌 1,,2022,1,1,0.0,0,1,0,0,unknown,0.667,0,0,0,0,1,low_data_completeness
983bd44ba1a76e67,경기,경기도 군포시 당동 14-1번지,경기도 군포시 공단로 149 (당동),10100,41410,111319607,아이밸리 군포,,2022,1,1,0.0,0,1,0,0,unknown,0.667,0,0,1,0,1,basement_or_unknown_floor|low_data_completeness
983fe69c5cf953c3,인천,인천광역시 동구 만석동 1-59번지,인천광역시 동구 보세로26번길 24-37 (만석동),10100,28140,10551100184222,,공장,2016,0,1,364.0,1,0,0,0,unknown,0.833,0,1,0,0,1,non_residential_main_use
9842031d94adcda7,경기,경기도 가평군 가평읍 읍내리 131번지,경기도 가평군 잎너비길 45 (가평읍 읍내리),25021,41820,11301100189097,,단독주택,2010,0,1,476.0,1,0,0,0,unknown,0.833,0,0,0,0,0,
98445e102a40dc0c,인천,인천광역시 강화군 강화읍 신문리 4-2번지,인천광역시 강화군 강화대로393번길 10 (강화읍 신문리),25021,28710,1062137456,,,2022,1,1,0.0,0,1,0,0,unknown,0.667,0,0,0,0,1,low_data_completeness
984eb5df69658789,경기,경기도 군포시 당동 14-1번지,경기도 군포시 공단로 149 (당동),10100,41410,111319546,아이밸리 군포,,2022,1,1,0.0,0,1,0,0,unknown,0.667,0,0,1,0,1,basement_or_unknown_floor|low_data_completeness
984ec2bf043f1d23,서울,서울특별시 구로구 신도림동 281-74번지,서울특별시 구로구 구로중앙로42길 128-1 (신도림동),10100,11530,1018114049,,근린생활시설,1992,0,1,231.0,1,0,0,0,unknown,0.833,1,1,0,0,1,old_building|non_residential_main_use
98793337733595fd,인천,인천광역시 계양구 효성동 1-11번지,인천광역시 계양구 길마로88번길 5 (효성동),10100,28245,1060113197,원익그린맨션,,2022,1,1,0.0,0,1,0,0,unknown,0.667,0,0,0,0,1,low_data_completeness
989ba734cc71d26b,인천,인천광역시 계양구 효성동 1-4번지,인천광역시 계양구 새벌로171번길 4 (효성동),10100,28245,106011102,인천효성동초등학교,학교,2022,0,1,37.5,1,0,1,0,unknown,0.833,0,1,0,0,1,non_residential_main_use
989c2c7340b9e8f4,인천,인천광역시 연수구 옥련동 118-16번지,인천광역시 연수구 한진로72번길 30 (옥련동),10100,28185,105718320,,,2022,1,1,0.0,0,1,0,0,unknown,0.667,0,0,1,0,1,basement_or_unknown_floor|low_data_completeness
98a5b12b4245d14d,인천,인천광역시 중구 중앙동3가 4-8번지,인천광역시 중구 홍예문로 7 (중앙동3가),10300,28110,1054115566,,,2022,1,1,0.0,0,1,0,0,unknown,0.667,0,0,0,0,1,low_data_completeness
98a797e01e0d7c68,경기,경기도 김포시 북변동 200-40번지,경기도 김포시 봉화로 162-2 (북변동),10100,41570,11231100515354,,,2022,1,1,0.0,0,1,0,0,unknown,0.667,0,0,0,0,1,low_data_completeness
98b901535e81f54a,인천,인천광역시 동구 만석동 1-75번지,인천광역시 동구 보세로26번길 24-25 (만석동),10100,28140,10551100182320,,공장,2014,0,1,474.6,1,0,0,0,unknown,0.833,0,1,0,0,1,non_residential_main_use
98be2b614b405058,인천,인천광역시 중구 중앙동2가 19-2번지,인천광역시 중구 제물량로232번안길 33 (중앙동2가),10200,28110,10541662,,"제2종근린생활시설, 주택",2022,0,1,72.7,1,0,0,0,unknown,0.833,0,0,0,0,0,
98c52d7813b9a3b8,인천,인천광역시 서구 백석동 6번지,인천광역시 서구 독정로 28-8 (백석동),10100,28260,106112213,,축사,1985,0,1,299.2,1,0,1,0,unknown,0.833,1,1,0,0,1,old_building|non_residential_main_use
98c8028d80f30695,경기,경기도 광주시 경안동 20-16번지,경기도 광주시 광주대로 31 (경안동),10100,41610,1000000000000002748029,지에이타워,,2023,1,1,0.0,0,1,0,0,unknown,0.667,0,0,0,0,1,low_data_completeness
98d065662089a19a,서울,서울특별시 강남구 역삼동 606-12번지,서울특별시 강남구 논현로105길 10 (역삼동),10100,11680,102417040,,근린생활시설,1992,0,1,248.2,1,0,0,0,unknown,0.833,1,1,0,0,1,old_building|non_residential_main_use
98e3b43b1ec89b20,서울,서울특별시 도봉구 쌍문동 23-17번지,서울특별시 도봉구 방학로3길 114-9 (쌍문동),10500,11320,10111581,,단독주택(다가구주택),1985,0,1,172.0,1,0,0,0,unknown,0.833,1,0,0,0,1,old_building
98efaefacc633ae5,인천,인천광역시 중구 중앙동1가 10-2번지,인천광역시 중구 신포로27번길 89-2 (중앙동1가),10100,28110,10541608,,일반음식점,2022,0,2,85.46,1,0,1,0,unknown,0.833,0,1,0,0,1,non_residential_main_use
98f19ac888122c57,경기,경기도 고양시 일산서구 일산동 524-23번지,경기도 고양시 일산서구 일중로15번길 7 (일산동),10100,41287,11041228160,,기타제2종근린생활시설,2022,0,1,12.96,1,0,1,0,unknown,0.833,0,1,0,0,1,non_residential_main_use
9901aba73a812c4a,인천,인천광역시 중구 중앙동1가 15-2번지,인천광역시 중구 신포로23번길 98 (중앙동1가),10100,28110,1054115413,중앙파크빌,,2022,1,1,0.0,0,1,0,0,unknown,0.667,0,0,0,0,1,low_data_completeness
9902eace5fc3dea3,경기,경기도 고양시 일산서구 일산동 524-16번지,경기도 고양시 일산서구 일중로 17 (일산동),10100,41287,11041325927,포오스프라자,,2022,1,1,0.0,0,1,0,0,unknown,0.667,0,0,0,0,1,low_data_completeness
990cb3ed33a33b5f,인천,인천광역시 남동구 구월동 3-23번지,인천광역시 남동구 당좌로 39 (구월동),10100,28200,10581100316229,나라사랑주택,,2022,1,1,0.0,0,1,0,0,unknown,0.667,0,0,0,0,1,low_data_completeness
992ccfdc798e766e,인천,인천광역시 서구 백석동 블록,인천광역시 서구 한들로 73 (백석동),10100,28260,1000000000000002036382,검암역 로열파크씨티 푸르지오 2단지,,2023,1,1,0.0,0,1,0,0,unknown,0.667,0,0,0,0,1,low_data_completeness
992da74573177cbe,인천,인천광역시 옹진군 북도면 모도리 267-1번지,인천광역시 옹진군 모도로140번길 19-16 (북도면 모도리),31023,28720,1000000000000001872486,모도파라다이스,,2023,1,1,0.0,0,1,0,0,unknown,0.667,0,0,0,0,1,low_data_completeness
9940c567bae941d3,인천,인천광역시 옹진군 북도면 모도리 267-1번지,인천광역시 옹진군 모도로140번길 19-16 (북도면 모도리),31023,28720,1000000000000001872417,모도파라다이스,,2023,1,1,0.0,0,1,0,0,unknown,0.667,0,0,0,0,1,low_data_completeness
9944fb4683e6a138,경기,경기도 가평군 가평읍 읍내리 214번지,경기도 가평군 가평제방길 233 (가평읍 읍내리),25021,41820,1000000000000002714787,힐스테이트 가평 더뉴클래스,,2023,1,1,0.0,0,1,0,0,unknown,0.667,0,0,0,0,1,low_data_completeness
9954d86c34c33426,인천,인천광역시 계양구 효성동 1-4번지,인천광역시 계양구 새벌로171번길 4 (효성동),10100,28245,10601100190866,인천효성동초등학교,초등학교,2012,0,2,125.78,1,0,1,0,unknown,0.833,0,1,1,0,1,non_residential_main_use|basement_or_unknown_floor
996ec19c6c3474bd,서울,서울특별시 광진구 중곡동 18-25번지,서울특별시 광진구 용마산로 142 (중곡동),10100,11215,100618040,,연립주택,1981,0,1,0.0,1,0,0,0,unknown,0.833,1,0,0,0,1,old_building
99a1dbb3227b06c9,서울,서울특별시 강서구 염창동 64-1번지,서울특별시 강서구 양천로67길 63 (염창동),10100,11500,101712994,염창동공장,공장,2003,0,1,3352.0,1,0,0,0,unknown,0.833,1,1,0,0,1,old_building|non_residential_main_use
99b8a76a8d2670b6,인천,인천광역시 강화군 강화읍 신문리 2-43번지,인천광역시 강화군 강화대로403번길 4 (강화읍 신문리),25021,28710,106217691,,"제2종근린생활시설, 창고시설",1973,0,1,0.0,1,0,0,0,unknown,0.833,1,1,0,0,1,old_building|non_residential_main_use
99bd9dda63a95c89,경기,경기도 군포시 당동 14-1번지,경기도 군포시 공단로 149 (당동),10100,41410,111319561,아이밸리 군포,,2022,1,1,0.0,0,1,0,0,unknown,0.667,0,0,1,0,1,basement_or_unknown_floor|low_data_completeness
99c0dcb49bf937f6,서울,서울특별시 강동구 명일동 15번지,서울특별시 강동구 고덕로 210 (명일동),10100,11740,1026138682,삼익그린맨션,아파트,2022,0,2,90.5,0,0,0,1,unknown,0.833,0,0,0,0,0,
99ce15e119084760,경기,경기도 구리시 갈매동 484번지,경기도 구리시 갈매길 113-9 (갈매동),10100,41310,11091100177888,,,2022,1,1,0.0,0,1,0,0,unknown,0.667,0,0,0,0,1,low_data_completeness
99d9c096de711a61,경기,경기도 과천시 문원동 15-40번지,경기도 과천시 공원마을4길 41 (문원동),10200,41290,110813624,우리빌,,2022,1,1,0.0,0,1,0,0,unknown,0.667,0,0,0,0,1,low_data_completeness
99da8b9859122acf,인천,인천광역시 연수구 옥련동 118-3번지,인천광역시 연수구 비류대로144번길 23-4 (옥련동),10100,28185,105718288,,,2022,1,1,0.0,0,1,0,0,unknown,0.667,0,0,1,0,1,basement_or_unknown_floor|low_data_completeness
99db75e6e2083d92,인천,인천광역시 계양구 효성동 21-11번지,인천광역시 계양구 안남로554번길 25 (효성동),10100,28245,106012092,현대아파트,유치원,1991,0,1,0.0,1,0,0,0,unknown,0.833,1,1,0,0,1,old_building|non_residential_main_use
99f2202d8f05ae04,인천,인천광역시 계양구 효성동 1-11번지,인천광역시 계양구 길마로88번길 5 (효성동),10100,28245,1060113201,원익그린맨션,,2022,1,1,0.0,0,1,0,0,unknown,0.667,0,0,0,0,1,low_data_completeness
9a0811edc6edc12f,서울,서울특별시 광진구 중곡동 18-55번지,서울특별시 광진구 용마산로 146-1 (중곡동),10100,11215,10061764,,제2종근린생활시설,1978,0,1,175.2,1,0,0,0,unknown,0.833,1,1,0,0,1,old_building|non_residential_main_use
9a0db8e73f27924e,서울,서울특별시 노원구 월계동 12번지,서울특별시 노원구 마들로 127 (월계동),10200,11350,10121100501,,,2022,1,1,0.0,0,1,0,0,unknown,0.667,0,0,0,0,1,low_data_completeness
9a12423e1d11ff7d,서울,서울특별시 금천구 가산동 40-11번지,서울특별시 금천구 벚꽃로42길 13 (가산동),10100,11545,10191100200305,휴먼빌,,2022,1,1,0.0,0,1,0,0,unknown,0.667,0,0,0,0,1,low_data_completeness
9a1a72a1129ea52d,서울,서울특별시 강서구 공항동 2-82번지,서울특별시 강서구 방화대로23길 29-7 (공항동),10800,11500,1017172465,주신빌라,다세대주택,2022,0,2,87.18,0,0,0,1,unknown,0.833,0,0,1,0,1,basement_or_unknown_floor
9a1e1cbfd8bad21c,서울,서울특별시 광진구 중곡동 18-32번지,서울특별시 광진구 용마산로26길 22-3 (중곡동),10100,11215,10061753,,주택,1979,0,1,0.0,1,0,0,0,unknown,0.833,1,0,0,0,1,old_building
9a21164a45c1b451,경기,경기도 고양시 일산서구 일산동 524-16번지,경기도 고양시 일산서구 일중로 17 (일산동),10100,41287,11041325947,포오스프라자,,2022,1,1,0.0,0,1,0,0,unknown,0.667,0,0,0,0,1,low_data_completeness
9a40a8a0d6b34c63,서울,서울특별시 강서구 염창동 112-31번지,서울특별시 강서구 양천로75길 69 (염창동),10100,11500,1017110916,(주)경인양행 중앙연구소,교육연구시설,1990,0,1,654.42,1,0,0,0,unknown,0.833,1,1,0,0,1,old_building|non_residential_main_use
9a44761802dd1771,경기,경기도 군포시 당동 48-9번지,경기도 군포시 공단로 133 (당동),10100,41410,11131100210340,(주)선우팜 군포 물류센터,기타창고시설,2019,0,5,8086.51,1,0,1,0,unknown,0.833,0,1,0,0,1,non_residential_main_use
9a4513946052dc34,인천,인천광역시 동구 만석동 1-57번지,인천광역시 동구 만석부두로7번길 15-28 (만석동),10100,28140,10551100179700,,공장,2011,0,1,852.5,1,0,0,0,unknown,0.833,0,1,0,0,1,non_residential_main_use
9a59b670285b3d44,인천,인천광역시 부평구 부평동 10-234번지,인천광역시 부평구 주부토로100번길 12 (부평동),10100,28237,10591181768,궁전빌라,,2022,1,1,0.0,0,1,0,0,unknown,0.667,0,0,0,0,1,low_data_completeness
9a605df64a4264aa,경기,경기도 과천시 문원동 15-46번지,경기도 과천시 공원마을5길 35 (문원동),10200,41290,110813630,,,2022,1,1,0.0,0,1,0,0,unknown,0.667,0,0,0,0,1,low_data_completeness
9a6dfd9e5e46b71c,서울,서울특별시 광진구 중곡동 18-3번지,서울특별시 광진구 용마산로28길 6 (중곡동),10100,11215,10061100205902,,,2022,1,1,0.0,0,1,0,0,unknown,0.667,0,0,0,0,1,low_data_completeness
9a8796c5eb14e4b5,경기,경기도 과천시 관문동 3번지,경기도 과천시 중앙로 294 (관문동),10100,41290,11081100178592,관문 실내체육관,기타운동시설,2001,0,1,51.21,1,0,1,0,unknown,0.833,1,1,0,0,1,old_building|non_residential_main_use
9a8e9528c524c23a,인천,인천광역시 옹진군 북도면 모도리 267-1번지,인천광역시 옹진군 모도로140번길 19-16 (북도면 모도리),31023,28720,1000000000000001872412,모도파라다이스,,2023,1,1,0.0,0,1,0,0,unknown,0.667,0,0,0,0,1,low_data_completeness
9a9cff1356a0e8ee,인천,인천광역시 남동구 구월동 3-41번지,인천광역시 남동구 석산로228번길 17-11 (구월동),10100,28200,105811848,,"단독주택, 근린생활시설",1980,0,1,0.0,1,0,0,0,unknown,0.833,1,0,0,0,1,old_building
9aa55ab794dcb336,경기,경기도 광명시 광명동 24-33번지,경기도 광명시 광삼로13번길 36 (광명동),10100,41210,10981733,,단독주택,1978,0,2,243.065,1,0,1,0,unknown,0.833,1,0,0,0,1,old_building
9ad39dc075923ad9,인천,인천광역시 강화군 강화읍 신문리 205-5번지,인천광역시 강화군 강화대로 429 (강화읍 신문리),25021,28710,1062135753,중앙시장,,2022,1,1,0.0,0,1,0,0,unknown,0.667,0,0,1,0,1,basement_or_unknown_floor|low_data_completeness
9ad9839a2531fe46,경기,경기도 광주시 경안동 11-33번지,경기도 광주시 중앙로154번길 18 (경안동),10100,41610,1125116251,,주택,1951,0,1,0.0,1,0,0,0,unknown,0.833,1,0,0,0,1,old_building
9ae38b0c5961b9db,인천,인천광역시 미추홀구 숭의동 1-11번지,인천광역시 미추홀구 경인로 148 (숭의동),10100,28177,10561100237068,다우림,,2022,1,1,0.0,0,1,0,0,unknown,0.667,0,0,0,0,1,low_data_completeness
9ae621348b4cca6a,서울,서울특별시 강서구 마곡동 5-1번지,서울특별시 강서구 양천로47길 104-5 (마곡동),10500,11500,10171100295802,갤럭시오피스텔마곡2,다세대주택,2022,0,3,39.16,0,0,0,1,unknown,0.833,0,0,1,0,1,basement_or_unknown_floor
9aefccf2058f6176,인천,인천광역시 부평구 부평동 10-234번지,인천광역시 부평구 주부토로100번길 12 (부평동),10100,28237,1059137171,궁전빌라,다세대주택,1994,0,1,290.0,1,0,0,0,unknown,0.833,1,0,0,0,1,old_building
9af7658cd3ec8edd,경기,경기도 김포시 북변동 181-1번지,,10100,41570,112313617,,주택,2022,0,1,0.0,1,0,0,0,unknown,0.833,0,0,0,0,0,
9affec57f0d4c3c5,인천,인천광역시 서구 백석동 58번지,,10100,28260,10611100253457,,제2종 근린생활시설,2012,0,1,0.0,1,0,0,0,unknown,0.833,0,1,0,0,1,non_residential_main_use
9b040791a4716735,경기,경기도 광명시 광명동 24-9번지,경기도 광명시 광삼로13번길 28-18 (광명동),10100,41210,10981715,,단독주택,1975,0,1,150.9,1,0,1,0,unknown,0.833,1,0,0,0,1,old_building
9b14acfbd04a8564,서울,서울특별시 구로구 신도림동 276-32번지,서울특별시 구로구 경인로67나길 45 (신도림동),10100,11530,10181100217914,골든애비뉴제1동,업무시설(오피스텔-97호),2014,0,1,0.0,1,0,0,0,unknown,0.833,0,0,0,0,0,
9b1d4af081700f8a,경기,경기도 광명시 광명동 25-9번지,경기도 광명시 광명로928번길 41-8 (광명동),10100,41210,1098117427,,,2022,1,1,0.0,0,1,0,0,unknown,0.667,0,0,1,0,1,basement_or_unknown_floor|low_data_completeness
9b221c796ac23ead,서울,서울특별시 도봉구 쌍문동 13-2번지,서울특별시 도봉구 도당로 18 (쌍문동),10500,11320,1011117063,,,2022,1,1,0.0,0,1,0,0,unknown,0.667,0,0,0,0,1,low_data_completeness
9b25e000e1a17b11,서울,서울특별시 관악구 봉천동 1-69번지,서울특별시 관악구 청림3길 49 (봉천동),10100,11620,1022188548,,,2022,1,1,0.0,0,1,0,0,unknown,0.667,0,0,0,0,1,low_data_completeness
9b3226bd5dc31182,서울,서울특별시 강서구 염창동 58번지,서울특별시 강서구 양천로67길 50-29 (염창동),10100,11500,1017191906,블래스밸리,,2022,1,1,0.0,0,1,0,0,unknown,0.667,0,0,0,0,1,low_data_completeness
9b3247b6df6a72af,서울,서울특별시 강북구 미아동 3-215번지,서울특별시 강북구 오패산로 199-5 (미아동),10100,11305,10101885,,단독주택,1968,0,1,0.0,1,0,0,0,unknown,0.833,1,0,0,0,1,old_building
9b52d64235a8d5b4,서울,서울특별시 관악구 봉천동 1-408번지,서울특별시 관악구 청림3다길 4 (봉천동),10100,11620,1022133788,,단독주택,1993,0,1,76.77,1,0,0,0,unknown,0.833,1,0,0,0,1,old_building
9b548f6da399ebea,경기,경기도 고양시 덕양구 주교동,,10100,41281,110411536,,단독주택,2022,0,1,41.76,1,0,1,0,unknown,0.833,0,0,0,0,0,
9b55d0c049b46cc6,서울,서울특별시 금천구 가산동 40-14번지,서울특별시 금천구 벚꽃로42길 7 (가산동),10100,11545,1019151428,,,2022,1,1,0.0,0,1,0,0,unknown,0.667,0,0,0,0,1,low_data_completeness
9b5d7e6ad84cf825,서울,서울특별시 강남구 대치동 511번지,서울특별시 강남구 삼성로 150 (대치동),10600,11680,1024125664,한보미도맨션208동,,2022,1,1,0.0,0,1,0,0,unknown,0.667,0,0,0,0,1,low_data_completeness
9b737f2cb62d71ff,경기,경기도 과천시 문원동 15-38번지,경기도 과천시 공원마을3길 38 (문원동),10200,41290,11081100179156,현대빌라,,2022,1,1,0.0,0,1,0,0,unknown,0.667,0,0,0,0,1,low_data_completeness
9b7e2a28821a32a3,서울,서울특별시 관악구 봉천동 1-69번지,서울특별시 관악구 청림3길 49 (봉천동),10100,11620,1022188547,,,2022,1,1,0.0,0,1,0,0,unknown,0.667,0,0,0,0,1,low_data_completeness
9b7f27186744a63f,인천,인천광역시 강화군 강화읍 신문리 63-1번지,인천광역시 강화군 강화대로403번길 16 (강화읍 신문리),25021,28710,1062119134,,"주택, 제2종근린생활시설",1935,0,1,0.0,1,0,0,0,unknown,0.833,1,0,0,0,1,old_building
9b8daabde57c14af,경기,경기도 구리시 갈매동 147-5번지,경기도 구리시 금강로 65 (갈매동),10100,41310,11091100172944,,"단독주택/제1,2종근린생활시설",2008,0,1,330.0,1,0,0,0,unknown,0.833,0,0,0,0,0,
9b948404bc29f555,서울,서울특별시 구로구 신도림동 271-25번지,서울특별시 구로구 신도림로19길 144 (신도림동),10100,11530,10181100189210,신도림삼성쉐르빌 1,,2022,1,1,0.0,0,1,0,0,unknown,0.667,0,0,0,0,1,low_data_completeness
9b9ab132a99d1cd0,경기,경기도 고양시 일산서구 일산동 524-16번지,경기도 고양시 일산서구 일중로 17 (일산동),10100,41287,11041325937,포오스프라자,,2022,1,1,0.0,0,1,0,0,unknown,0.667,0,0,0,0,1,low_data_completeness
9b9c5aa172e64602,경기,경기도 고양시 일산동구 식사동 2-33번지,경기도 고양시 일산동구 사리현로 107 (식사동),10100,41285,1000000000000003633232,,기타종교집회장,2024,0,1,198.0,1,0,1,0,unknown,0.833,0,1,0,0,1,non_residential_main_use
9b9d52a57e1a7821,경기,경기도 군포시 당동 67-3번지,경기도 군포시 군포로580번길 9 (당동),10100,41410,111312246,은성빌라,연립주택,1986,0,1,0.0,1,0,0,0,unknown,0.833,1,0,0,0,1,old_building
9b9fbf62731d334d,서울,서울특별시 강서구 염창동 58번지,서울특별시 강서구 양천로67길 50-29 (염창동),10100,11500,1017191903,블래스밸리,,2022,1,1,0.0,0,1,0,0,unknown,0.667,0,0,0,0,1,low_data_completeness
9bca58ca1da94456,서울,서울특별시 도봉구 쌍문동 7-22번지,서울특별시 도봉구 도봉로139길 63 (쌍문동),10500,11320,1011117023,,,2022,1,1,0.0,0,1,0,0,unknown,0.667,0,0,0,0,1,low_data_completeness
9bdc4c2c91b3dea8,서울,서울특별시 강동구 명일동 15번지,서울특별시 강동구 고덕로 210 (명일동),10100,11740,102611210,삼익그린맨션,아파트,1983,0,1,0.0,1,0,0,0,unknown,0.833,1,0,0,0,1,old_building
9be95be8c413596e,서울,서울특별시 강남구 역삼동 601-25번지,서울특별시 강남구 강남대로110길 19-4 (역삼동),10100,11680,1024179338,,다세대주택,2022,0,1,54.9,0,0,0,1,unknown,0.833,0,0,0,0,0,
9bec7fac4d55b9be,경기,경기도 고양시 일산서구 일산동 551-37번지,경기도 고양시 일산서구 일중로55번길 24 (일산동),10100,41287,11041236678,,"공동주택,근린생활시설",2004,0,1,283.0,1,0,0,0,unknown,0.833,1,0,0,0,1,old_building
9bfa02bbcbc4020b,서울,서울특별시 금천구 가산동 29-22번지,서울특별시 금천구 벚꽃로56길 72 (가산동),10100,11545,101914038,,(제2종)근린생활시설,1983,0,1,331.0,1,0,0,0,unknown,0.833,1,1,0,0,1,old_building|non_residential_main_use
9c024f25c260e164,경기,경기도 군포시 당동 135-1번지,경기도 군포시 공단로 97 (당동),10100,41410,111312258,동영벤처스텔,공장 및 근린생활시설,2000,0,1,690.0,1,0,0,0,unknown,0.833,1,1,0,0,1,old_building|non_residential_main_use
9c1c97a7ddc017b7,경기,경기도 고양시 일산서구 일산동 524-16번지,경기도 고양시 일산서구 일중로 17 (일산동),10100,41287,11041100318254,포오스프라자,,2022,1,1,0.0,0,1,0,0,unknown,0.667,0,0,0,0,1,low_data_completeness
9c36d0e01b0bc155,서울,서울특별시 금천구 가산동 5-14번지,서울특별시 금천구 벚꽃로 340-7 (가산동),10100,11545,101919741,,다가구주택,1992,0,2,120.24,1,0,1,0,unknown,0.833,1,0,0,0,1,old_building
9c386be8b4d8a10f,서울,서울특별시 광진구 중곡동 18-3번지,서울특별시 광진구 용마산로28길 6 (중곡동),10100,11215,10061100205905,,,2022,1,1,0.0,0,1,0,0,unknown,0.667,0,0,0,0,1,low_data_completeness
9c42da4744ac4475,인천,인천광역시 옹진군 북도면 시도리 133번지,인천광역시 옹진군 시도로104번길 105-53 (북도면 시도리),31021,28720,10631100190158,,제1종근린생활시설,2022,0,1,0.0,1,0,0,0,unknown,0.833,0,1,0,0,1,non_residential_main_use
9c587974b29af51a,경기,경기도 고양시 덕양구 주교동 102-2번지,,10100,41281,1104118487,,단독주택,2022,0,1,125.92,1,0,1,0,unknown,0.833,0,0,0,0,0,
9c599c8b10fc7e66,인천,인천광역시 부평구 부평동 10-228번지,인천광역시 부평구 길주남로 112-19 (부평동),10100,28237,10591142143,,,2022,1,1,0.0,0,1,0,0,unknown,0.667,0,0,0,0,1,low_data_completeness
9c6304575c34b5c3,경기,경기도 구리시 갈매동 510번지,경기도 구리시 갈매순환로204번길 65 (갈매동),10100,41310,11091100207187,구리 스마트벤처타워,,2022,1,1,0.0,0,1,0,0,unknown,0.667,0,0,0,0,1,low_data_completeness
9ca3ddb9c1382929,경기,경기도 광명시 광명동 24-73번지,경기도 광명시 연서일로17번길 29-20 (광명동),10100,41210,109815393,,다세대주택,1992,0,1,278.98,1,0,0,0,unknown,0.833,1,0,0,0,1,old_building
9ca799f430dab72f,경기,경기도 고양시 덕양구 주교동 218-18번지,경기도 고양시 덕양구 고양대로 1284 (주교동),10100,41281,11041100201222,,제2종근린생활시설,2010,0,1,635.0,1,0,0,0,unknown,0.833,0,1,0,0,1,non_residential_main_use
9cba6b74b4153daf,서울,서울특별시 구로구 신도림동 281-69번지,서울특별시 구로구 신도림로11라길 59-9 (신도림동),10100,11530,101816367,,근린생활시설,1992,0,1,197.0,1,0,0,0,unknown,0.833,1,1,0,0,1,old_building|non_residential_main_use
9cc0f77a58207e9c,경기,경기도 김포시 북변동 200-41번지,경기도 김포시 봉화로 162-3 (북변동),10100,41570,11231100515358,,"공동주택,업무시설",2022,0,1,404.0,1,0,0,0,unknown,0.833,0,0,0,0,0,
9cd51d4b6a506105,경기,경기도 김포시 북변동 200-19번지,경기도 김포시 봉화로 164 (북변동),10100,41570,1123140618,한터하이빌,,2022,1,1,0.0,0,1,0,0,unknown,0.667,0,0,0,0,1,low_data_completeness
9cd68f8f9ba91e52,인천,인천광역시 서구 백석동 블록,인천광역시 서구 한들로 73 (백석동),10100,28260,1000000000000002035228,검암역 로열파크씨티 푸르지오 2단지,,2023,1,1,0.0,0,1,0,0,unknown,0.667,0,0,0,0,1,low_data_completeness
9cdee1cdcd4804c7,서울,서울특별시 광진구 중곡동 18-24번지,서울특별시 광진구 용마산로24길 13 (중곡동),10100,11215,100618036,신향빌라,연립주택,1986,0,1,0.0,1,0,0,0,unknown,0.833,1,0,0,0,1,old_building
9ce2f3a40e988669,경기,경기도 과천시 문원동 15-39번지,경기도 과천시 공원마을4길 39 (문원동),10200,41290,11081841,우리빌,다세대주택(7세대),2002,0,1,242.0,1,0,0,0,unknown,0.833,1,0,0,0,1,old_building
9cede70d53b08311,경기,경기도 고양시 덕양구 주교동 38-13번지,경기도 고양시 덕양구 원당로 112 (주교동),10100,41281,11041100458212,고양 엘림프라자,,2022,1,1,0.0,0,1,0,0,unknown,0.667,0,0,0,0,1,low_data_completeness
9cf1b3f2f9d839d0,인천,인천광역시 연수구 옥련동 118-44번지,인천광역시 연수구 한진로 77 (옥련동),10100,28185,1000000000000005573153,송도역 서해그랑블 더파크,,2025,1,1,0.0,0,1,0,0,unknown,0.667,0,0,0,0,1,low_data_completeness
9cff539e3e04691e,인천,인천광역시 남동구 구월동 4-13번지,인천광역시 남동구 석산로222번길 43 (구월동),10100,28200,105811904,,단독주택,1984,0,1,0.0,1,0,0,0,unknown,0.833,1,0,0,0,1,old_building
9d0567b36b20aff1,서울,서울특별시 도봉구 쌍문동 7-2번지,서울특별시 도봉구 방학로5길 51 (쌍문동),10500,11320,10111535,,다가구주택,1992,0,3,360.41,1,0,1,0,unknown,0.833,1,0,0,0,1,old_building
9d2ca04604f7f8c1,인천,인천광역시 중구 중앙동2가 17-3번지,,10200,28110,10541656,,"차고, 주택",1975,0,1,0.0,1,0,0,0,unknown,0.833,1,0,0,0,1,old_building
9d3de8cb6a0790e2,인천,인천광역시 부평구 부평동 10-264번지,인천광역시 부평구 장제로205번길 37 (부평동),10100,28237,105918175,,"근린생활시설, 단독주택(3가구)",1996,0,1,159.0,1,0,0,0,unknown,0.833,1,0,0,0,1,old_building
9d438c22e2fddc10,경기,경기도 고양시 덕양구 주교동 197-7번지,경기도 고양시 덕양구 고양대로 1304 (주교동),10100,41281,110412878,,"소매점, 사무실",2000,0,1,0.0,1,0,0,0,unknown,0.833,1,1,0,0,1,old_building|non_residential_main_use
9d4fad2fff46cf3a,서울,서울특별시 도봉구 쌍문동 10-1번지,,10500,11320,1011117026,,,2022,1,1,0.0,0,1,0,0,unknown,0.667,0,0,0,0,1,low_data_completeness
9d606b3392d74812,인천,인천광역시 부평구 부평동 10-187번지,인천광역시 부평구 길주남로102번길 5 (부평동),10100,28237,10591100231694,백인빌딩,"제1,2종근린생활시설",2010,0,1,354.0,1,0,0,0,unknown,0.833,0,1,0,0,1,non_residential_main_use
9d6874e11d3965c7,경기,경기도 과천시 문원동 15-54번지,경기도 과천시 공원마을6길 27 (문원동),10200,41290,11081100186677,,,2022,1,1,0.0,0,1,0,0,unknown,0.667,0,0,0,0,1,low_data_completeness
9d6948cf54798816,인천,인천광역시 미추홀구 숭의동 1-11번지,인천광역시 미추홀구 경인로 148 (숭의동),10100,28177,10561100237085,다우림,,2022,1,1,0.0,0,1,0,0,unknown,0.667,0,0,0,0,1,low_data_completeness
9d7e4bfa93fefa68,서울,서울특별시 금천구 가산동 32-13번지,서울특별시 금천구 벚꽃로52길 4 (가산동),10100,11545,101913905,,다가구용단독주택(3가구),1992,0,1,0.0,1,0,0,0,unknown,0.833,1,0,0,0,1,old_building
9d7e7cd5f5c6098b,인천,인천광역시 남동구 구월동 3-68번지,인천광역시 남동구 석산로228번길 32 (구월동),10100,28200,105811871,,"점포, 주택, 근린생활시설",1981,0,1,112.2,1,0,0,0,unknown,0.833,1,0,0,0,1,old_building
9d7eaa751d64b4be,서울,서울특별시 노원구 월계동 18번지,서울특별시 노원구 마들로 31 (월계동),10200,11350,101213179,그랑빌아파트,공동주택(아파트),2002,0,1,0.0,1,0,0,0,unknown,0.833,1,0,0,0,1,old_building
9d85a630221d6db2,인천,인천광역시 남동구 구월동 3-5번지,인천광역시 남동구 석산로 230-3 (구월동),10100,28200,1058127528,조은그린빌,,2022,1,1,0.0,0,1,0,0,unknown,0.667,0,0,0,0,1,low_data_completeness
9da30c8f3f6471a5,서울,서울특별시 관악구 봉천동 1-258번지,서울특별시 관악구 청림3다길 30 (봉천동),10100,11620,1022124356,,단독주택,1992,0,1,0.0,1,0,0,0,unknown,0.833,1,0,0,0,1,old_building
9da5766f4fbc784f,서울,서울특별시 강남구 역삼동 606-8번지,서울특별시 강남구 봉은사로26길 7 (역삼동),10100,11680,10241100196088,,업무시설/근린생활시설,2009,0,1,296.2,1,0,0,0,unknown,0.833,0,1,0,0,1,non_residential_main_use
9da743c9d99e8248,경기,경기도 고양시 일산동구 식사동 5번지,경기도 고양시 일산동구 사리현로 69 (식사동),10100,41285,11041100238001,,정비공장,2013,0,1,120.0,1,0,1,0,unknown,0.833,0,1,0,0,1,non_residential_main_use
9dc487275d06a1b9,경기,경기도 광명시 광명동 25-13번지,경기도 광명시 광명로928번길 42-3 (광명동),10100,41210,1098117442,,,2022,1,1,0.0,0,1,0,0,unknown,0.667,0,0,0,0,1,low_data_completeness
9dc8d1526ace20fb,인천,인천광역시 미추홀구 숭의동 1-10번지,인천광역시 미추홀구 경인로 150 (숭의동),10100,28177,10561100237774,한우리,,2022,1,1,0.0,0,1,0,0,unknown,0.667,0,0,0,0,1,low_data_completeness
9dd15444a10069bc,서울,서울특별시 광진구 중곡동 18-24번지,서울특별시 광진구 용마산로24길 13 (중곡동),10100,11215,100618034,신향빌라,연립주택,1986,0,1,0.0,1,0,0,0,unknown,0.833,1,0,0,0,1,old_building
9e0400c4b8ef06ad,서울,서울특별시 강북구 미아동 3-223번지,서울특별시 강북구 도봉로18다길 21-21 (미아동),10100,11305,10101890,,단독주택,1971,0,1,0.0,1,0,0,0,unknown,0.833,1,0,0,0,1,old_building
9e05987ea92f3d6e,인천,인천광역시 남동구 구월동 3-39번지,인천광역시 남동구 석산로222번길 13 (구월동),10100,28200,105816257,무궁화빌라,공동주택,1993,0,1,408.9,1,0,0,0,unknown,0.833,1,0,0,0,1,old_building
9e534393660328d0,서울,서울특별시 강동구 명일동 15번지,서울특별시 강동구 고덕로 210 (명일동),10100,11740,1026138813,삼익그린맨션,,2022,1,1,0.0,0,1,0,0,unknown,0.667,0,0,0,0,1,low_data_completeness
9e812f3ebf94e70f,서울,서울특별시 강서구 등촌동 14-7번지,서울특별시 강서구 양천로 424 (등촌동),10200,11500,10171100352645,가양역 데시앙플렉스 지식산업센터,기타공장,2022,0,2,86.19,0,0,0,1,unknown,0.833,0,1,1,0,1,non_residential_main_use|basement_or_unknown_floor
9e85f9a578d3e622,인천,인천광역시 동구 만석동 5-6번지,인천광역시 동구 인중로 438 (만석동),10100,28140,1055112103,,,2022,1,1,0.0,0,1,0,0,unknown,0.667,0,0,0,0,1,low_data_completeness
9e8807998480c07c,서울,서울특별시 강남구 역삼동 606-33번지,서울특별시 강남구 논현로 563 (역삼동),10100,11680,10241100275094,언주타워,근린생활시설,2018,0,1,803.5,1,0,0,0,unknown,0.833,0,1,0,0,1,non_residential_main_use
9ea7ad171202661c,경기,경기도 과천시 관문동 47번지,경기도 과천시 중앙로 294 (관문동),10100,41290,11081134,,유치원,1960,0,1,97.32,1,0,1,0,unknown,0.833,1,1,0,0,1,old_building|non_residential_main_use
9eb193e2a63ba708,인천,인천광역시 계양구 효성동 21-11번지,인천광역시 계양구 길마로 70 (효성동),10100,28245,106012093,현대아파트,아파트,1991,0,1,0.0,1,0,0,0,unknown,0.833,1,0,0,0,1,old_building
9ec63e1692e1b667,경기,경기도 과천시 문원동 15-50번지,경기도 과천시 공원마을6길 33 (문원동),10200,41290,11081100178881,문원동 15-50 공동주택(힐탑빌),,2022,1,1,0.0,0,1,0,0,unknown,0.667,0,0,0,0,1,low_data_completeness
9ecab4d2b31a1c2d,경기,경기도 군포시 당동 116번지,,10100,41410,11131548,,주택및점포,1952,0,1,0.0,1,0,0,0,unknown,0.833,1,0,0,0,1,old_building
9ecb8772d46d3783,서울,서울특별시 광진구 중곡동 18-17번지,서울특별시 광진구 용마산로28길 14-7 (중곡동),10100,11215,1006127424,,,2022,1,1,0.0,0,1,0,0,unknown,0.667,0,0,0,0,1,low_data_completeness
9ecde52a42efb5f0,경기,경기도 광명시 광명동 25-9번지,경기도 광명시 광명로928번길 41-8 (광명동),10100,41210,1098117432,,,2022,1,1,0.0,0,1,0,0,unknown,0.667,0,0,1,0,1,basement_or_unknown_floor|low_data_completeness
9ecf685187494969,서울,서울특별시 강북구 미아동 3-45번지,서울특별시 강북구 오패산로30길 57-4 (미아동),10100,11305,10101774,,단독주택,1967,0,1,0.0,1,0,0,0,unknown,0.833,1,0,0,0,1,old_building
9edd2cae7df4ae2a,서울,서울특별시 노원구 월계동 12번지,서울특별시 노원구 마들로 127 (월계동),10200,11350,10121170293,,,2022,1,1,0.0,0,1,0,0,unknown,0.667,0,0,0,0,1,low_data_completeness
9eec220c1e562c72,서울,서울특별시 광진구 중곡동 18-3번지,서울특별시 광진구 용마산로28길 6 (중곡동),10100,11215,10061100205916,,,2022,1,1,0.0,0,1,0,0,unknown,0.667,0,0,0,0,1,low_data_completeness
9ef0ce4a01b8a056,서울,서울특별시 강서구 염창동 65번지,서울특별시 강서구 양천로67길 71-3 (염창동),10100,11500,10171100318479,진영리버타운,,2022,1,1,0.0,0,1,0,0,unknown,0.667,0,0,0,0,1,low_data_completeness
9f244e218e3002e3,서울,서울특별시 강동구 명일동 48-7번지,서울특별시 강동구 동남로 881 (명일동),10100,11740,10261100203611,서희스타힐스,"업무시설,제1·2종근린생활시설",2012,0,1,1536.0,1,0,0,0,unknown,0.833,0,1,0,0,1,non_residential_main_use
9f435022a24e2ccd,인천,인천광역시 계양구 효성동 1-11번지,인천광역시 계양구 길마로88번길 5 (효성동),10100,28245,1060113195,원익그린맨션,,2022,1,1,0.0,0,1,0,0,unknown,0.667,0,0,0,0,1,low_data_completeness
9f45133278cc48d0,인천,인천광역시 계양구 효성동 11-9번지,인천광역시 계양구 봉오대로601번길 7-1 (효성동),10100,28245,106011118,,주택,1979,0,1,0.0,1,0,0,0,unknown,0.833,1,0,0,0,1,old_building
9f48f963d068aacc,경기,경기도 고양시 덕양구 주교동 272-1번지,경기도 고양시 덕양구 원당로59번길 94-7 (주교동),10100,41281,11041117538,윤창아파트,,2022,1,1,0.0,0,1,0,0,unknown,0.667,0,0,1,0,1,basement_or_unknown_floor|low_data_completeness
9f52e78f3140066b,서울,서울특별시 강남구 역삼동 601-16번지,서울특별시 강남구 봉은사로4길 1 (역삼동),10100,11680,1024114189,,근린생활시설,1996,0,1,296.0,1,0,0,0,unknown,0.833,1,1,0,0,1,old_building|non_residential_main_use
9f74b291001c22b6,인천,인천광역시 중구 중앙동3가 4-8번지,인천광역시 중구 홍예문로 7 (중앙동3가),10300,28110,1054115438,,,2022,1,1,0.0,0,1,0,0,unknown,0.667,0,0,0,0,1,low_data_completeness
9f761adb999d3561,경기,경기도 광명시 광명동 24-36번지,경기도 광명시 광삼로13번길 30-17 (광명동),10100,41210,1098117392,,,2022,1,1,0.0,0,1,0,0,unknown,0.667,0,0,0,0,1,low_data_completeness
9f7c552b9b2d2bfe,서울,서울특별시 강서구 염창동 65번지,서울특별시 강서구 양천로67길 71-3 (염창동),10100,11500,10171100318483,진영리버타운,,2022,1,1,0.0,0,1,0,0,unknown,0.667,0,0,0,0,1,low_data_completeness
9f901e7ac6323931,경기,경기도 구리시 갈매동 510번지,경기도 구리시 갈매순환로204번길 65 (갈매동),10100,41310,11091100207146,구리 스마트벤처타워,,2022,1,1,0.0,0,1,0,0,unknown,0.667,0,0,0,0,1,low_data_completeness
9f928c68a1488df0,인천,인천광역시 계양구 효성동 1-74번지,인천광역시 계양구 새벌로 181-1 (효성동),10100,28245,106012071,삼성하이츠맨션,공동주택,2002,0,1,197.0,1,0,0,0,unknown,0.833,1,0,0,0,1,old_building
9f933a0258d6dcc2,서울,서울특별시 강서구 염창동 65번지,서울특별시 강서구 양천로67길 71-3 (염창동),10100,11500,10171100318504,진영리버타운,,2022,1,1,0.0,0,1,0,0,unknown,0.667,0,0,0,0,1,low_data_completeness
9f94fa356ad9dad7,인천,인천광역시 강화군 강화읍 신문리 205-5번지,인천광역시 강화군 강화대로 429 (강화읍 신문리),25021,28710,1062135755,중앙시장,,2022,1,1,0.0,0,1,0,0,unknown,0.667,0,0,1,0,1,basement_or_unknown_floor|low_data_completeness
9fd52af542d1ad38,서울,서울특별시 관악구 봉천동 1-69번지,서울특별시 관악구 청림3길 49 (봉천동),10100,11620,1022188549,,,2022,1,1,0.0,0,1,0,0,unknown,0.667,0,0,0,0,1,low_data_completeness
9fd5aee1fc6a9d91,경기,경기도 고양시 일산동구 식사동 236-6번지,경기도 고양시 일산동구 견달산로210번길 45-11 (식사동),10100,41285,11041100218292,루미나리,,2022,1,1,0.0,0,1,0,0,unknown,0.667,0,0,0,0,1,low_data_completeness
9fe613fc0dfdad39,서울,서울특별시 관악구 봉천동 1-484번지,서울특별시 관악구 청림3길 62 (봉천동),10100,11620,1022120534,,단독주택,1988,0,1,0.0,1,0,0,0,unknown,0.833,1,0,0,0,1,old_building
9febf164500f14aa,경기,경기도 광명시 광명동 24-48번지,경기도 광명시 광삼로13번길 30 (광명동),10100,41210,10981746,,다가구주택,1995,0,1,107.6,1,0,0,0,unknown,0.833,1,0,0,0,1,old_building
9fecad537bf16f25,인천,인천광역시 옹진군 북도면 모도리 267-1번지,인천광역시 옹진군 모도로140번길 19-16 (북도면 모도리),31023,28720,1000000000000001872411,모도파라다이스,,2023,1,1,0.0,0,1,0,0,unknown,0.667,0,0,0,0,1,low_data_completeness
9fed1fcc2679b370,경기,경기도 김포시 북변동 200-25번지,경기도 김포시 봉화로 156 (북변동),10100,41570,112313661,,근린생활시설,1997,0,1,67.0,1,0,0,0,unknown,0.833,1,1,0,0,1,old_building|non_residential_main_use
a0053b041da37cd1,서울,서울특별시 노원구 월계동 12번지,서울특별시 노원구 마들로 127 (월계동),10200,11350,10121113037,,,2022,1,1,0.0,0,1,0,0,unknown,0.667,0,0,0,0,1,low_data_completeness
a006d460cc3096b0,서울,서울특별시 강남구 역삼동 603-5번지,서울특별시 강남구 봉은사로 138 (역삼동),10100,11680,10241100249499,더스위트캐슬,오피스텔,2022,0,4,31.565,0,0,0,1,unknown,0.833,0,0,1,0,1,basement_or_unknown_floor
a007087e5e4ef7e1,경기,경기도 고양시 일산서구 일산동 524-16번지,경기도 고양시 일산서구 일중로 17 (일산동),10100,41287,11041325953,포오스프라자,,2022,1,1,0.0,0,1,0,0,unknown,0.667,0,0,0,0,1,low_data_completeness
a035f9532d109b7e,경기,경기도 고양시 덕양구 주교동 191-1번지,경기도 고양시 덕양구 고양대로1290번길 36 (주교동),10100,41281,1104113959,,단독주택,2022,0,1,199.5,1,0,1,0,unknown,0.833,0,0,0,0,0,
a04a27056ad3cf96,경기,경기도 광명시 광명동 24-78번지,경기도 광명시 광삼로13번길 30-12 (광명동),10100,41210,1098117417,부안빌라,,2022,1,1,0.0,0,1,0,0,unknown,0.667,0,0,1,0,1,basement_or_unknown_floor|low_data_completeness
a05e7fadf5e316f2,서울,서울특별시 광진구 중곡동 18-16번지,서울특별시 광진구 용마산로28길 24 (중곡동),10100,11215,1006127420,,,2022,1,1,0.0,0,1,0,0,unknown,0.667,0,0,0,0,1,low_data_completeness
a09ea879cf4343c0,서울,서울특별시 노원구 월계동 12번지,서울특별시 노원구 마들로 127 (월계동),10200,11350,10121134262,,,2022,1,1,0.0,0,1,0,0,unknown,0.667,0,0,0,0,1,low_data_completeness
a0c6eda00a5122a2,인천,인천광역시 동구 만석동 1-26번지,인천광역시 동구 보세로26번길 13 (만석동),10100,28140,10551100177500,,일반창고,2010,0,2,2270.06,1,0,1,0,unknown,0.833,0,1,0,0,1,non_residential_main_use
a0d765f761919fef,인천,인천광역시 강화군 강화읍 신문리 205-5번지,인천광역시 강화군 강화대로 429 (강화읍 신문리),25021,28710,1062135851,중앙시장,,2022,1,1,0.0,0,1,0,0,unknown,0.667,0,0,1,0,1,basement_or_unknown_floor|low_data_completeness
a0df1964a86cb495,인천,인천광역시 옹진군 북도면 시도리 15-5번지,인천광역시 옹진군 시도로86번길 336-1 (북도면 시도리),31021,28720,10631100176750,,다가구주택,2010,0,2,1392.38,1,0,1,0,unknown,0.833,0,0,0,0,0,
a108c6a140a2739f,서울,서울특별시 노원구 월계동 15-3번지,서울특별시 노원구 마들로 57-1 (월계동),10200,11350,1012112443,,근린공공시설,1988,0,1,0.0,1,0,0,0,unknown,0.833,1,1,0,0,1,old_building|non_residential_main_use
a113b4c6275879d4,경기,경기도 과천시 관문동 69-2번지,경기도 과천시 중앙로 301 (관문동),10100,41290,1000000000000001447835,,일반음식점,2023,0,3,561.43,1,0,1,0,unknown,0.833,0,1,0,0,1,non_residential_main_use
a11c972b8c8eefdc,서울,서울특별시 구로구 신도림동 281-100번지,서울특별시 구로구 구로중앙로42길 128 (신도림동),10100,11530,1018120610,,근린생활시설,1988,0,1,0.0,1,0,0,0,unknown,0.833,1,1,0,0,1,old_building|non_residential_main_use
a12c77dbe418699f,인천,인천광역시 동구 만석동 5-22번지,인천광역시 동구 인중로 442 (만석동),10100,28140,1055112132,서해빌라,,2022,1,1,0.0,0,1,0,0,unknown,0.667,0,0,1,0,1,basement_or_unknown_floor|low_data_completeness
a131d60632def75d,서울,서울특별시 강서구 공항동 8-5번지,서울특별시 강서구 방화대로19길 3 (공항동),10800,11500,1000000000000003188849,헬리그라프 마곡에디션,오피스텔,2024,0,4,56.48,0,0,0,1,unknown,0.833,0,0,1,0,1,basement_or_unknown_floor
a13fd0096263e2d4,인천,인천광역시 연수구 옥련동 81-68번지,인천광역시 연수구 독배로 111 (옥련동),10100,28185,105718107,,,2022,1,1,0.0,0,1,0,0,unknown,0.667,0,0,1,0,1,basement_or_unknown_floor|low_data_completeness
a1418919d468cfaf,인천,인천광역시 부평구 부평동,,10100,28237,1059112797,,단독주택,1955,0,1,42.31,1,0,1,0,unknown,0.833,1,0,0,0,1,old_building
a14189864f4640c8,서울,서울특별시 강동구 명일동 15번지,서울특별시 강동구 고덕로 210 (명일동),10100,11740,1026138225,삼익그린맨션,,2022,1,1,0.0,0,1,0,0,unknown,0.667,0,0,0,0,1,low_data_completeness
a14948a6b4d2ba2b,인천,인천광역시 연수구 옥련동 116-35번지,인천광역시 연수구 비류대로154번길 6 (옥련동),10100,28185,10571630,,주택,1985,0,1,0.0,1,0,0,0,unknown,0.833,1,0,0,0,1,old_building
a161ca5fd280cfec,경기,경기도 김포시 북변동 200-11번지,경기도 김포시 봉화로 164-16 (북변동),10100,41570,112313653,,주택,2022,0,1,278.0,1,0,0,0,unknown,0.833,0,0,0,0,0,
a1664e2694b399d2,경기,경기도 고양시 덕양구 주교동 273-1번지,경기도 고양시 덕양구 원당로59번길 120 (주교동),10100,41281,11041103824,예중파크뷰아파트,,2022,1,1,0.0,0,1,0,0,unknown,0.667,0,0,0,0,1,low_data_completeness
a18c548b1c6fcdc1,경기,경기도 광주시 경안동 9-4번지,경기도 광주시 광주대로71번길 5 (경안동),10100,41610,1125114986,,단독주택,1987,0,2,256.88,1,0,1,0,unknown,0.833,1,0,0,0,1,old_building
a19a87262718fc20,경기,경기도 고양시 덕양구 주교동 272-1번지,경기도 고양시 덕양구 원당로59번길 94-7 (주교동),10100,41281,11041117526,윤창아파트,,2022,1,1,0.0,0,1,0,0,unknown,0.667,0,0,1,0,1,basement_or_unknown_floor|low_data_completeness
a1a2c65932a97887,인천,인천광역시 동구 만석동 5-21번지,인천광역시 동구 인중로 440-1 (만석동),10100,28140,1055112124,서해빌라,,2022,1,1,0.0,0,1,0,0,unknown,0.667,0,0,1,0,1,basement_or_unknown_floor|low_data_completeness
a1a3b3cf8e1febf3,서울,서울특별시 강동구 명일동 15번지,서울특별시 강동구 고덕로 210 (명일동),10100,11740,1026138958,삼익그린맨션,,2022,1,1,0.0,0,1,0,0,unknown,0.667,0,0,0,0,1,low_data_completeness
a1b9107c178c1315,서울,서울특별시 강남구 역삼동 605-9번지,서울특별시 강남구 봉은사로24길 12 (역삼동),10100,11680,1024121535,,근린생활시설,1989,0,1,298.4,1,0,0,0,unknown,0.833,1,1,0,0,1,old_building|non_residential_main_use
a1c77d1b3375b92e,서울,서울특별시 강남구 대치동 511번지,서울특별시 강남구 삼성로 150 (대치동),10600,11680,1024125591,한보미도맨션209동,,2022,1,1,0.0,0,1,0,0,unknown,0.667,0,0,0,0,1,low_data_completeness
a1cbc1f39a70422c,경기,경기도 광명시 광명동 25-13번지,경기도 광명시 광명로928번길 42-3 (광명동),10100,41210,1098117439,,,2022,1,1,0.0,0,1,0,0,unknown,0.667,0,0,0,0,1,low_data_completeness
a1e0e2c66af24cd6,서울,서울특별시 노원구 월계동 18번지,서울특별시 노원구 마들로 31 (월계동),10200,11350,101213189,그랑빌아파트,경비실,2002,0,1,0.0,1,0,0,0,unknown,0.833,1,1,0,0,1,old_building|non_residential_main_use
a1f1e3c7c0831806,서울,서울특별시 관악구 봉천동 1-208번지,서울특별시 관악구 청림3길 69 (봉천동),10100,11620,1022114160,,다가구주택,1991,0,2,344.94,1,0,1,0,unknown,0.833,1,0,0,0,1,old_building
a206e63e28e61a06,인천,인천광역시 옹진군 북도면 모도리 267-1번지,인천광역시 옹진군 모도로140번길 19-16 (북도면 모도리),31023,28720,1000000000000001872482,모도파라다이스,,2023,1,1,0.0,0,1,0,0,unknown,0.667,0,0,0,0,1,low_data_completeness
a208ad2d03afe1df,인천,인천광역시 연수구 옥련동 118-19번지,인천광역시 연수구 비류대로144번길 23-6 (옥련동),10100,28185,105718326,,,2022,1,1,0.0,0,1,0,0,unknown,0.667,0,0,1,0,1,basement_or_unknown_floor|low_data_completeness
a208c33439218b6e,인천,인천광역시 서구 백석동 블록,인천광역시 서구 한들로 33 (백석동),10100,28260,1000000000000002031536,검암역 로열파크씨티 푸르지오 1단지,,2023,1,1,0.0,0,1,0,0,unknown,0.667,0,0,0,0,1,low_data_completeness
a22990a188b5f4f8,서울,서울특별시 광진구 중곡동 18-22번지,서울특별시 광진구 용마산로 146 (중곡동),10100,11215,10061745,,근린생활시설,1989,0,1,0.0,1,0,0,0,unknown,0.833,1,1,0,0,1,old_building|non_residential_main_use
a23cdb3c131bd8a8,인천,인천광역시 서구 백석동 1-75번지,인천광역시 서구 서곶로 708 (백석동),10100,28260,106112425,,축사,1992,0,2,95.35,1,0,1,0,unknown,0.833,1,1,0,0,1,old_building|non_residential_main_use
a2408b3084fd7d8e,서울,서울특별시 노원구 월계동 15-2번지,서울특별시 노원구 마들로 55 (월계동),10200,11350,1012115153,,,1990,0,1,0.0,1,0,0,0,unknown,0.667,1,0,0,0,1,old_building|low_data_completeness
a240ea7e33ee5ba8,서울,서울특별시 강서구 염창동 113번지,,10100,11500,101714267,,주택,2022,0,1,0.0,1,0,0,0,unknown,0.833,0,0,0,0,0,
a24698fda34f4801,서울,서울특별시 광진구 중곡동 18-17번지,서울특별시 광진구 용마산로28길 14-7 (중곡동),10100,11215,1006127428,,,2022,1,1,0.0,0,1,0,0,unknown,0.667,0,0,0,0,1,low_data_completeness
a24cc97050bf04bd,경기,경기도 고양시 덕양구 주교동 100번지,,10100,41281,110417427,,축사,2022,0,1,446.63,1,0,1,0,unknown,0.833,0,1,0,0,1,non_residential_main_use
a25261036f6ed4d6,인천,인천광역시 강화군 강화읍 신문리 1-9번지,인천광역시 강화군 강화대로 407 (강화읍 신문리),25021,28710,1062128732,,기타사무소,1971,0,2,211.74,1,0,1,0,unknown,0.833,1,1,0,0,1,old_building|non_residential_main_use
a25574ef682b85c6,경기,경기도 광명시 광명동 24-56번지,경기도 광명시 광삼로13번길 27 (광명동),10100,41210,1098117404,,,2022,1,1,0.0,0,1,0,0,unknown,0.667,0,0,1,0,1,basement_or_unknown_floor|low_data_completeness
a26923f26db85afe,서울,서울특별시 강북구 미아동 3-107번지,서울특별시 강북구 오패산로30가길 16 (미아동),10100,11305,10101809,,단독주택,1960,0,1,0.0,1,0,0,0,unknown,0.833,1,0,0,0,1,old_building
a269380d249f24a3,서울,서울특별시 강서구 염창동 65번지,서울특별시 강서구 양천로67길 71-3 (염창동),10100,11500,10171100318498,진영리버타운,,2022,1,1,0.0,0,1,0,0,unknown,0.667,0,0,0,0,1,low_data_completeness
a2857f6daa0e1855,인천,인천광역시 남동구 구월동 3-21번지,인천광역시 남동구 석산로228번길 19 (구월동),10100,28200,10581100321244,하누리,,2022,1,1,0.0,0,1,0,0,unknown,0.667,0,0,0,0,1,low_data_completeness
a28e8d2c1deea1fc,경기,경기도 군포시 당동 14-1번지,경기도 군포시 공단로 149 (당동),10100,41410,111319611,아이밸리 군포,,2022,1,1,0.0,0,1,0,0,unknown,0.667,0,0,1,0,1,basement_or_unknown_floor|low_data_completeness
a2c6adea95750254,서울,서울특별시 금천구 가산동 41-1번지,서울특별시 금천구 벚꽃로42길 20 (가산동),10100,11545,1019144679,,,2022,1,1,0.0,0,1,0,0,unknown,0.667,0,0,0,0,1,low_data_completeness
a2caba51f934e6aa,서울,서울특별시 광진구 중곡동 18-6번지,서울특별시 광진구 용마산로28길 14-8 (중곡동),10100,11215,10061735,,단독주택,1990,0,2,286.83,1,0,1,0,unknown,0.833,1,0,0,0,1,old_building
a2caffcfbe93780f,서울,서울특별시 강동구 명일동 47-4번지,서울특별시 강동구 동남로75길 19 (명일동),10100,11740,1026118860,,"일반업무시설, 근린생활시설",1991,0,1,0.0,1,0,0,0,unknown,0.833,1,1,0,0,1,old_building|non_residential_main_use
a2e3961c9f83df61,경기,경기도 가평군 가평읍 읍내리 214번지,경기도 가평군 가평제방길 233 (가평읍 읍내리),25021,41820,1000000000000002714772,힐스테이트 가평 더뉴클래스,,2023,1,1,0.0,0,1,0,0,unknown,0.667,0,0,0,0,1,low_data_completeness
a2f50a756d2714f4,서울,서울특별시 관악구 봉천동 1-265번지,서울특별시 관악구 관악로38길 23-2 (봉천동),10100,11620,1022126192,,단독주택,1984,0,1,0.0,1,0,0,0,unknown,0.833,1,0,0,0,1,old_building
a306f0bb1822e819,인천,인천광역시 미추홀구 숭의동 1-157번지,인천광역시 미추홀구 경인로142번길 21 (숭의동),10100,28177,105612229,,"점포, 주택",1974,0,1,0.0,1,0,0,0,unknown,0.833,1,0,0,0,1,old_building
a3290f3e2b76e8f8,서울,서울특별시 구로구 신도림동 271-25번지,서울특별시 구로구 신도림로19길 144 (신도림동),10100,11530,10181100189314,신도림삼성쉐르빌 1,,2022,1,1,0.0,0,1,0,0,unknown,0.667,0,0,0,0,1,low_data_completeness
a32a8efbb59417d9,서울,서울특별시 광진구 중곡동 18-9번지,서울특별시 광진구 용마산로26길 3-8 (중곡동),10100,11215,10061738,,단독주택,1990,0,3,443.37,1,0,1,0,unknown,0.833,1,0,0,0,1,old_building
a333ad652bee65d6,서울,서울특별시 강서구 염창동 57번지,서울특별시 강서구 양천로67길 50-33 (염창동),10100,11500,1017171435,지오빌,,2022,1,1,0.0,0,1,0,0,unknown,0.667,0,0,0,0,1,low_data_completeness
a337abeaee69cc35,서울,서울특별시 강서구 개화동 421-70번지,서울특별시 강서구 개화동로5길 9-11 (개화동),11000,11500,10171100238156,경동 미르웰,다세대주택,2022,0,1,31.47,0,0,0,1,unknown,0.833,0,0,0,0,0,
a350acd859aefbd7,서울,서울특별시 구로구 신도림동 271-25번지,서울특별시 구로구 신도림로19길 144 (신도림동),10100,11530,10181100189196,신도림삼성쉐르빌 1,,2022,1,1,0.0,0,1,0,0,unknown,0.667,0,0,0,0,1,low_data_completeness
a36e6fdc78c56435,인천,인천광역시 중구 중앙동3가 4-8번지,인천광역시 중구 홍예문로 7 (중앙동3가),10300,28110,1054115517,,,2022,1,1,0.0,0,1,0,0,unknown,0.667,0,0,0,0,1,low_data_completeness
a38074d4bf5dc0d9,인천,인천광역시 중구 중앙동3가 4-8번지,인천광역시 중구 홍예문로 7 (중앙동3가),10300,28110,1054115439,,,2022,1,1,0.0,0,1,0,0,unknown,0.667,0,0,0,0,1,low_data_completeness
a395645eab995957,서울,서울특별시 노원구 월계동 3-7번지,서울특별시 노원구 마들로 45 (월계동),10200,11350,101211083,서울한천초등학교,초등학교,1997,0,5,16582.7,1,0,1,0,unknown,0.833,1,1,1,0,1,old_building|non_residential_main_use|basement_or_unknown_floor
a39b041d03d51de7,인천,인천광역시 옹진군 북도면 모도리 267-1번지,인천광역시 옹진군 모도로140번길 19-16 (북도면 모도리),31023,28720,1000000000000001872423,모도파라다이스,,2023,1,1,0.0,0,1,0,0,unknown,0.667,0,0,0,0,1,low_data_completeness
a3afe905eeb00e00,서울,서울특별시 강동구 명일동 46-1번지,서울특별시 강동구 고덕로 256 (명일동),10100,11740,1026110088,명성프라자,"제1,2종근린생활시설 외1",2005,0,1,1431.8,1,0,0,0,unknown,0.833,1,1,0,0,1,old_building|non_residential_main_use
a3bc2b6076a9a9a3,경기,경기도 과천시 문원동 15-20번지,경기도 과천시 공원마을2길 51 (문원동),10200,41290,110813603,로즈빌2,,2022,1,1,0.0,0,1,0,0,unknown,0.667,0,0,0,0,1,low_data_completeness
a3bfa65b91263c86,인천,인천광역시 남동구 구월동 3-21번지,인천광역시 남동구 석산로228번길 19 (구월동),10100,28200,10581100321243,하누리,,2022,1,1,0.0,0,1,0,0,unknown,0.667,0,0,0,0,1,low_data_completeness
a3d38a9830347d26,인천,인천광역시 계양구 효성동 1-4번지,인천광역시 계양구 새벌로171번길 4 (효성동),10100,28245,10601100190865,인천효성동초등학교,초등학교,2012,0,1,31.5,1,0,1,0,unknown,0.833,0,1,0,0,1,non_residential_main_use
a3d7f4bfdb89e0cc,서울,서울특별시 관악구 봉천동 1-539번지,서울특별시 관악구 청림3마길 14-19 (봉천동),10100,11620,1022116602,,단독주택,1993,0,1,150.0,1,0,0,0,unknown,0.833,1,0,0,0,1,old_building
a3dcc3458d29fb22,인천,인천광역시 미추홀구 숭의동 1-10번지,인천광역시 미추홀구 경인로 150 (숭의동),10100,28177,10561100237777,한우리,,2022,1,1,0.0,0,1,0,0,unknown,0.667,0,0,0,0,1,low_data_completeness
a3dd57b7b6be44e0,서울,서울특별시 강남구 역삼동 601-29번지,서울특별시 강남구 강남대로110길 19-1 (역삼동),10100,11680,10241100302390,케이빌딩,일반음식점,2022,0,1,68.88,0,0,0,1,unknown,0.833,0,1,0,0,1,non_residential_main_use
a3ee5b0cbeb380d1,인천,인천광역시 부평구 부평동 10-233번지,인천광역시 부평구 주부토로100번길 20 (부평동),10100,28237,10591100263623,스마트빌,,2022,1,1,0.0,0,1,0,0,unknown,0.667,0,0,0,0,1,low_data_completeness
a3fff25874d507db,경기,경기도 광주시 경안동 10-24번지,경기도 광주시 광주대로71번길 6 (경안동),10100,41610,11251100247146,,,2022,1,1,0.0,0,1,0,0,unknown,0.667,0,0,0,0,1,low_data_completeness
a4001020b56e8597,서울,서울특별시 강서구 마곡동 5-1번지,서울특별시 강서구 양천로47길 104-5 (마곡동),10500,11500,10171100295814,갤럭시오피스텔마곡2,오피스텔,2022,0,3,33.2,0,0,0,1,unknown,0.833,0,0,1,0,1,basement_or_unknown_floor
a402b8ea4134c6c7,인천,인천광역시 서구 백석동 블록,인천광역시 서구 한중5로 45 (백석동),10100,28260,1000000000000006720368,한들타워3,,2025,1,1,0.0,0,1,0,0,unknown,0.667,0,0,0,0,1,low_data_completeness
a405c92c87d4096f,서울,서울특별시 도봉구 쌍문동 23-9번지,서울특별시 도봉구 도당로2길 46-12 (쌍문동),10500,11320,10111577,,단독주택,1986,0,1,134.14,1,0,0,0,unknown,0.833,1,0,0,0,1,old_building
a40d5ffdce705829,인천,인천광역시 연수구 옥련동 81-2번지,인천광역시 연수구 비류대로 142 (옥련동),10100,28185,1000000000000005018967,옹암체육센터,공중화장실,2025,0,2,42164.38,1,0,1,0,unknown,0.833,0,1,1,0,1,non_residential_main_use|basement_or_unknown_floor
a40df5b359c0c338,인천,인천광역시 연수구 옥련동 118-20번지,인천광역시 연수구 한진로72번길 32 (옥련동),10100,28185,105718330,,,2022,1,1,0.0,0,1,0,0,unknown,0.667,0,0,1,0,1,basement_or_unknown_floor|low_data_completeness
a41d9851e3ffd062,인천,인천광역시 동구 만석동 1-53번지,인천광역시 동구 보세로26번길 24-36 (만석동),10100,28140,10551100181549,,,2022,1,1,0.0,0,1,0,0,unknown,0.667,0,0,0,0,1,low_data_completeness
a421caee812ff935,인천,인천광역시 연수구 옥련동 116-43번지,인천광역시 연수구 비류대로154번길 9 (옥련동),10100,28185,10571636,,주택,1985,0,1,0.0,1,0,0,0,unknown,0.833,1,0,0,0,1,old_building
a454c3a5a324847e,인천,인천광역시 부평구 부평동 10번지,,10100,28237,105917358,,단독주택,2022,0,1,29.09,1,0,1,0,unknown,0.833,0,0,0,0,0,
a45c606a9d57fe90,경기,경기도 김포시 북변동 200-6번지,경기도 김포시 봉화로 164-4 (북변동),10100,41570,1000000000000002665916,MU빌리지,,2023,1,1,0.0,0,1,0,0,unknown,0.667,0,0,0,0,1,low_data_completeness
a45d72e786bbb47d,서울,서울특별시 노원구 월계동 13번지,서울특별시 노원구 마들로 59 (월계동),10200,11350,101211583,,상가,1986,0,1,0.0,1,0,0,0,unknown,0.833,1,1,0,0,1,old_building|non_residential_main_use
a46230fee314b675,인천,인천광역시 옹진군 북도면 시도리 56-2번지,인천광역시 옹진군 시도로86번길 217 (북도면 시도리),31021,28720,10631100197880,,제2종근린생활시설,2022,0,1,0.0,1,0,0,0,unknown,0.833,0,1,1,0,1,non_residential_main_use|basement_or_unknown_floor
a475a78c9ed8a771,서울,서울특별시 강남구 역삼동 754번지,서울특별시 강남구 역삼로 306 (역삼동),10100,11680,1024124772,개나리 래미안,,2022,1,1,0.0,0,1,0,0,unknown,0.667,0,0,0,0,1,low_data_completeness
a477c33b83a729b4,경기,경기도 고양시 일산동구 식사동 13-8번지,,10100,41285,11041100436794,저장고(탄12),국방ㆍ군사시설,1976,0,1,652544.48,1,0,1,0,unknown,0.833,1,1,0,0,1,old_building|non_residential_main_use
a48cf3bdf355f6ae,경기,경기도 군포시 당동 14-1번지,경기도 군포시 공단로 149 (당동),10100,41410,111319565,아이밸리 군포,,2022,1,1,0.0,0,1,0,0,unknown,0.667,0,0,1,0,1,basement_or_unknown_floor|low_data_completeness
a49964070fb00b2b,서울,서울특별시 강남구 역삼동 601-26번지,서울특별시 강남구 봉은사로6길 12 (역삼동),10100,11680,10241100261130,,근린생활시설,2017,0,1,235.7,1,0,0,0,unknown,0.833,0,1,0,0,1,non_residential_main_use
a4bb6ed296137382,인천,인천광역시 동구 만석동 2-23번지,인천광역시 동구 만석부두로 16-3 (만석동),10100,28140,10551236,12동,공장,2001,0,1,0.0,1,0,0,0,unknown,0.833,1,1,0,0,1,old_building|non_residential_main_use
a4c0e473fcb5b571,경기,경기도 김포시 북변동 200-6번지,경기도 김포시 봉화로 164-4 (북변동),10100,41570,1000000000000002665900,MU빌리지,,2023,1,1,0.0,0,1,0,0,unknown,0.667,0,0,0,0,1,low_data_completeness
a4c347f32923ffb3,서울,서울특별시 강서구 가양동 14-3번지,서울특별시 강서구 양천로 489 (가양동),10400,11500,10171120618,가양우성아파트,아파트,2022,0,1,104.49,0,0,0,1,unknown,0.833,0,0,0,0,0,
a4c731b241caa2ff,경기,경기도 구리시 갈매동 163-8번지,경기도 구리시 담터길 3 (갈매동),10100,41310,11091297,,제2종근린생활시설,1999,0,1,200.0,1,0,0,0,unknown,0.833,1,1,0,0,1,old_building|non_residential_main_use
a4db617614e07d7d,서울,서울특별시 노원구 월계동 12번지,서울특별시 노원구 마들로 127 (월계동),10200,11350,1012141626,,,2022,1,1,0.0,0,1,0,0,unknown,0.667,0,0,0,0,1,low_data_completeness
a4e4da908779d8f8,경기,경기도 고양시 덕양구 주교동 273-1번지,경기도 고양시 덕양구 원당로59번길 120 (주교동),10100,41281,11041103837,예중파크뷰아파트,,2022,1,1,0.0,0,1,0,0,unknown,0.667,0,0,0,0,1,low_data_completeness
a4fa202c5320bce0,서울,서울특별시 노원구 월계동 12번지,서울특별시 노원구 마들로 127 (월계동),10200,11350,10121182531,,,2022,1,1,0.0,0,1,0,0,unknown,0.667,0,0,0,0,1,low_data_completeness
a505f2f8c6cb6e63,경기,경기도 고양시 일산동구 식사동 210-1번지,경기도 고양시 일산동구 사리현로 24-75 (식사동),10100,41285,11041204924,,,2022,1,1,0.0,0,1,0,0,unknown,0.667,0,0,1,0,1,basement_or_unknown_floor|low_data_completeness
a5105e54460dd1ba,경기,경기도 김포시 북변동 200-41번지,경기도 김포시 봉화로 162-3 (북변동),10100,41570,11231100515366,,,2022,1,1,0.0,0,1,0,0,unknown,0.667,0,0,0,0,1,low_data_completeness
a516af29a97e8c0e,서울,서울특별시 금천구 가산동 40-8번지,서울특별시 금천구 벚꽃로42길 17 (가산동),10100,11545,1019142518,,,2022,1,1,0.0,0,1,0,0,unknown,0.667,0,0,0,0,1,low_data_completeness
a54dc40d5ad8a993,인천,인천광역시 중구 중앙동3가 4-8번지,인천광역시 중구 홍예문로 7 (중앙동3가),10300,28110,1054115550,,,2022,1,1,0.0,0,1,0,0,unknown,0.667,0,0,0,0,1,low_data_completeness
a55988b41d48c930,인천,인천광역시 동구 만석동 1-39번지,인천광역시 동구 만석부두로7번길 3 (만석동),10100,28140,10551100189203,,기타공장,2021,0,2,2548.44,1,0,1,0,unknown,0.833,0,1,0,0,1,non_residential_main_use
a55d60cd38d56e2d,서울,서울특별시 관악구 봉천동 1-69번지,서울특별시 관악구 청림3길 49 (봉천동),10100,11620,1022188555,,,2022,1,1,0.0,0,1,0,0,unknown,0.667,0,0,0,0,1,low_data_completeness
a569fcd18b002b5f,인천,인천광역시 연수구 옥련동 116-25번지,인천광역시 연수구 비류대로150번길 14 (옥련동),10100,28185,10571621,,주택,1985,0,1,0.0,1,0,0,0,unknown,0.833,1,0,0,0,1,old_building
a571770b3df41535,경기,경기도 과천시 문원동 15-23번지,경기도 과천시 공원마을2길 52 (문원동),10200,41290,110813610,,,2022,1,1,0.0,0,1,0,0,unknown,0.667,0,0,0,0,1,low_data_completeness
a57fe875e72ea004,서울,서울특별시 도봉구 쌍문동 13-2번지,서울특별시 도봉구 도당로 18 (쌍문동),10500,11320,1011117191,,,2022,1,1,0.0,0,1,0,0,unknown,0.667,0,0,0,0,1,low_data_completeness
a584e946134417f1,서울,서울특별시 노원구 월계동 12번지,서울특별시 노원구 마들로 127 (월계동),10200,11350,1012141625,,,2022,1,1,0.0,0,1,0,0,unknown,0.667,0,0,0,0,1,low_data_completeness
a59105883853c476,경기,경기도 고양시 덕양구 주교동 38-13번지,경기도 고양시 덕양구 원당로 112 (주교동),10100,41281,11041100458190,고양 엘림프라자,,2022,1,1,0.0,0,1,0,0,unknown,0.667,0,0,0,0,1,low_data_completeness
a59b9486cf1178ac,인천,인천광역시 미추홀구 숭의동 1-11번지,인천광역시 미추홀구 경인로 148 (숭의동),10100,28177,10561100237061,다우림,,2022,1,1,0.0,0,1,0,0,unknown,0.667,0,0,0,0,1,low_data_completeness
a5b131932f22029d,인천,인천광역시 동구 만석동 5-20번지,인천광역시 동구 인중로 440 (만석동),10100,28140,1055112111,서해그린빌라,,2022,1,1,0.0,0,1,0,0,unknown,0.667,0,0,1,0,1,basement_or_unknown_floor|low_data_completeness
a5bdb510265a8b9e,인천,인천광역시 중구 중앙동3가 4-8번지,인천광역시 중구 홍예문로 7 (중앙동3가),10300,28110,1054115587,,,2022,1,1,0.0,0,1,0,0,unknown,0.667,0,0,0,0,1,low_data_completeness
a5c4a2447927b22d,서울,서울특별시 강남구 대치동 511번지,서울특별시 강남구 삼성로 150 (대치동),10600,11680,1024125339,한보미도맨션211동,,2022,1,1,0.0,0,1,0,0,unknown,0.667,0,0,0,0,1,low_data_completeness
a5c8ba029e7f2ed1,경기,경기도 고양시 일산서구 일산동 524-16번지,경기도 고양시 일산서구 일중로 17 (일산동),10100,41287,11041325912,포오스프라자,,2022,1,1,0.0,0,1,0,0,unknown,0.667,0,0,0,0,1,low_data_completeness
a5d12fa1c84fa51a,인천,인천광역시 중구 중앙동3가 4-8번지,인천광역시 중구 홍예문로 7 (중앙동3가),10300,28110,1054115417,,,2022,1,1,0.0,0,1,0,0,unknown,0.667,0,0,0,0,1,low_data_completeness
a5fe40654d0744fa,인천,인천광역시 미추홀구 숭의동 1-10번지,인천광역시 미추홀구 경인로 150 (숭의동),10100,28177,10561100237756,한우리,,2022,1,1,0.0,0,1,0,0,unknown,0.667,0,0,0,0,1,low_data_completeness
a614dff8627117d2,경기,경기도 구리시 갈매동 128-9번지,경기도 구리시 경춘북로 344 (갈매동),10100,41310,11091100198174,,주유소,2017,0,1,1013.76,1,0,1,0,unknown,0.833,0,1,0,0,1,non_residential_main_use
a62e694b0d71b11d,서울,서울특별시 강남구 역삼동 754번지,서울특별시 강남구 역삼로 306 (역삼동),10100,11680,1024124713,개나리 래미안,,2022,1,1,0.0,0,1,0,0,unknown,0.667,0,0,0,0,1,low_data_completeness
a6426749babce510,경기,경기도 고양시 덕양구 주교동 38-13번지,경기도 고양시 덕양구 원당로 112 (주교동),10100,41281,11041100458188,고양 엘림프라자,,2022,1,1,0.0,0,1,0,0,unknown,0.667,0,0,0,0,1,low_data_completeness
a643d33e2daa996b,서울,서울특별시 강동구 명일동 15번지,서울특별시 강동구 고덕로 210 (명일동),10100,11740,1026139260,삼익그린맨션,,2022,1,1,0.0,0,1,0,0,unknown,0.667,0,0,0,0,1,low_data_completeness
a659194ef4334623,경기,경기도 구리시 갈매동 510번지,경기도 구리시 갈매순환로204번길 65 (갈매동),10100,41310,11091100207152,구리 스마트벤처타워,,2022,1,1,0.0,0,1,0,0,unknown,0.667,0,0,0,0,1,low_data_completeness
a65a514b3e6a8fd9,경기,경기도 가평군 가평읍 읍내리 102-3번지,경기도 가평군 잎너비길 35-85 (가평읍 읍내리),25021,41820,11301100179587,,단독주택,2008,0,1,747.36,1,0,1,0,unknown,0.833,0,0,0,0,0,
a661d0c4d34bc11b,서울,서울특별시 강서구 등촌동 14-7번지,서울특별시 강서구 양천로 424 (등촌동),10200,11500,10171100352360,가양역 데시앙플렉스 지식산업센터,기타공장,2022,0,2,131.85,0,0,0,1,unknown,0.833,0,1,1,0,1,non_residential_main_use|basement_or_unknown_floor
a670c80410554965,서울,서울특별시 구로구 신도림동 271-25번지,서울특별시 구로구 신도림로19길 144 (신도림동),10100,11530,10181100189325,신도림삼성쉐르빌 1,,2022,1,1,0.0,0,1,0,0,unknown,0.667,0,0,0,0,1,low_data_completeness
a6a4d1f6b68dd224,경기,경기도 과천시 문원동 15-40번지,경기도 과천시 공원마을4길 41 (문원동),10200,41290,110813626,우리빌,,2022,1,1,0.0,0,1,0,0,unknown,0.667,0,0,0,0,1,low_data_completeness
a6c75d0466bff1cb,인천,인천광역시 미추홀구 숭의동 1-11번지,인천광역시 미추홀구 경인로 148 (숭의동),10100,28177,10561100237024,다우림,,2022,1,1,0.0,0,1,0,0,unknown,0.667,0,0,0,0,1,low_data_completeness
a6e83804dc691c7c,경기,경기도 과천시 관문동 71번지,경기도 과천시 산마을길 34 (관문동),10100,41290,11081135,,단독주택,2005,0,2,528.24,1,0,1,0,unknown,0.833,1,0,0,0,1,old_building
a6f2d734c6746e42,서울,서울특별시 구로구 신도림동 280-24번지,서울특별시 구로구 신도림로11라길 54 (신도림동),10100,11530,101815446,삼일빌딩,"점포, 제2종근린생활시설",1982,0,1,0.0,1,0,0,0,unknown,0.833,1,1,0,0,1,old_building|non_residential_main_use
a6f5f37d8c3e4d6f,인천,인천광역시 중구 중앙동1가 2번지,인천광역시 중구 신포로27번길 83-1 (중앙동1가),10100,28110,10541593,,사무소,1997,0,5,1596.37,1,0,1,0,unknown,0.833,1,1,0,0,1,old_building|non_residential_main_use
a711e51d30898892,경기,경기도 군포시 당동 134-23번지,경기도 군포시 공단로 111 (당동),10100,41410,11131569,ok자동차공업사,자동차관련시설,2003,0,1,1082.0,1,0,0,0,unknown,0.833,1,1,0,0,1,old_building|non_residential_main_use
a7137d937e275edf,인천,인천광역시 중구 중앙동3가 4-8번지,인천광역시 중구 홍예문로 7 (중앙동3가),10300,28110,1054115541,,,2022,1,1,0.0,0,1,0,0,unknown,0.667,0,0,0,0,1,low_data_completeness
a71475744e1cab78,서울,서울특별시 강서구 염창동 20-98번지,서울특별시 강서구 양천로65길 41-31 (염창동),10100,11500,101719395,,사무소,1977,0,2,692.02,1,0,1,0,unknown,0.833,1,1,0,0,1,old_building|non_residential_main_use
a71953de48497a46,인천,인천광역시 계양구 효성동 1-14번지,인천광역시 계양구 길마로88번길 11 (효성동),10100,28245,1060113232,원익그린맨션,,2022,1,1,0.0,0,1,0,0,unknown,0.667,0,0,0,0,1,low_data_completeness
a7240e94e20a75ea,경기,경기도 가평군 가평읍 읍내리 78-1번지,경기도 가평군 잎너비길 17-120 (가평읍 읍내리),25021,41820,113011986,,단독주택,2004,0,1,636.0,1,0,1,0,unknown,0.833,1,0,0,0,1,old_building
a72bf07952b99f33,경기,경기도 고양시 일산서구 일산동 524-16번지,경기도 고양시 일산서구 일중로 17 (일산동),10100,41287,11041100237374,포오스프라자,,2022,1,1,0.0,0,1,0,0,unknown,0.667,0,0,0,0,1,low_data_completeness
a763fc881d8aaf43,경기,경기도 김포시 북변동 108-7번지,,10100,41570,112313579,,단독주택,2022,0,1,256.59,1,0,1,0,unknown,0.833,0,0,0,0,0,
a76845667d77e3d1,경기,경기도 가평군 가평읍 읍내리 75-6번지,경기도 가평군 잎너비길 17-194 (가평읍 읍내리),25021,41820,11301100221726,,다가구주택,2015,0,2,977.84,1,0,1,0,unknown,0.833,0,0,0,0,0,
a76e8bfb86f9ead4,인천,인천광역시 연수구 옥련동 93번지,인천광역시 연수구 옥골로 77 (옥련동),10100,28185,10571100252015,옥련여자고등학교,고등학교,2019,0,1,3.61,1,0,1,0,unknown,0.833,0,1,0,0,1,non_residential_main_use
a77d9134f2d87331,경기,경기도 광명시 광명동 24-78번지,경기도 광명시 광삼로13번길 30-12 (광명동),10100,41210,1098117418,부안빌라,,2022,1,1,0.0,0,1,0,0,unknown,0.667,0,0,1,0,1,basement_or_unknown_floor|low_data_completeness
a787a3f7f21d68ff,경기,경기도 고양시 덕양구 주교동 272-1번지,경기도 고양시 덕양구 원당로59번길 94-7 (주교동),10100,41281,11041117525,윤창아파트,,2022,1,1,0.0,0,1,0,0,unknown,0.667,0,0,1,0,1,basement_or_unknown_floor|low_data_completeness
a7939d999904e82c,인천,인천광역시 남동구 구월동 3-108번지,인천광역시 남동구 석산로222번길 15 (구월동),10100,28200,105811893,,단독주택,1989,0,1,0.0,1,0,0,0,unknown,0.833,1,0,0,0,1,old_building
a7a46687e86de4d2,인천,인천광역시 옹진군 북도면 시도리 147번지,인천광역시 옹진군 시도로104번길 105-1 (북도면 시도리),31021,28720,10631100175370,,제1종근린생활시설,2009,0,1,0.0,1,0,0,0,unknown,0.833,0,1,0,0,1,non_residential_main_use
a7ea7dd79756bc06,인천,인천광역시 옹진군 북도면 시도리 43번지,인천광역시 옹진군 시도로86번길 321 (북도면 시도리),31021,28720,10631100172048,,기타숙박시설,2008,0,3,1345.48,1,0,1,0,unknown,0.833,0,1,0,0,1,non_residential_main_use
a8073b58d656ccdd,경기,경기도 광주시 경안동 10-24번지,경기도 광주시 광주대로71번길 6 (경안동),10100,41610,11251100247156,,,2022,1,1,0.0,0,1,0,0,unknown,0.667,0,0,0,0,1,low_data_completeness
a80872151f06feaf,서울,서울특별시 광진구 중곡동 18-30번지,서울특별시 광진구 용마산로28길 14-6 (중곡동),10100,11215,10061751,,단독주택,1987,0,1,0.0,1,0,0,0,unknown,0.833,1,0,0,0,1,old_building
a8285b96fc799541,경기,경기도 과천시 문원동 15-39번지,경기도 과천시 공원마을4길 39 (문원동),10200,41290,110813616,우리빌,,2022,1,1,0.0,0,1,0,0,unknown,0.667,0,0,0,0,1,low_data_completeness
a835a5dfb15d33ba,인천,인천광역시 옹진군 북도면 시도리 116-1번지,,31021,28720,10631580,,창고시설,2022,0,1,0.0,1,0,0,0,unknown,0.833,0,1,0,0,1,non_residential_main_use
a843829c483a0fc5,경기,경기도 구리시 갈매동 53-46번지,경기도 구리시 구리포천고속도로 8 (갈매동),10100,41310,11091100198068,동구릉 영업소,기타일반업무시설,2017,0,2,3652.78,1,0,1,0,unknown,0.833,0,1,0,0,1,non_residential_main_use
a85d0f875ad3843b,서울,서울특별시 관악구 봉천동 1-165번지,서울특별시 관악구 청림5길 64-7 (봉천동),10100,11620,1022134326,,단독주택,1970,0,1,38.94,1,0,1,0,unknown,0.833,1,0,0,0,1,old_building
a86ab5d2e6324136,경기,경기도 고양시 일산서구 일산동 525-21번지,경기도 고양시 일산서구 고양대로 724-8 (일산동),10100,41287,11041320772,,,2022,1,1,0.0,0,1,0,0,unknown,0.667,0,0,0,0,1,low_data_completeness
a883b26444bd651f,서울,서울특별시 구로구 신도림동 281-35번지,서울특별시 구로구 신도림로15길 85 (신도림동),10100,11530,1018110566,,주택,1976,0,1,0.0,1,0,0,0,unknown,0.833,1,0,0,0,1,old_building
a8856ef77ee0c267,서울,서울특별시 강서구 염창동 96-7번지,서울특별시 강서구 양천로73길 59 (염창동),10100,11500,10171100304693,건우빌,공동주택(다세대주택) 및 근린생활시설,2017,0,1,195.59,1,0,0,0,unknown,0.833,0,0,0,0,0,
a8a29c5a82ff1a9f,경기,경기도 광명시 광명동 25-8번지,경기도 광명시 광삼로13번길 23-1 (광명동),10100,41210,1098117422,,,2022,1,1,0.0,0,1,0,0,unknown,0.667,0,0,0,0,1,low_data_completeness
a8b204b55e8ab23e,서울,서울특별시 강동구 명일동 48-12번지,서울특별시 강동구 동남로71길 38 (명일동),10100,11740,1026116531,,"근린생활시설, 교육연구시설, 아파트",1995,0,1,1181.3,1,0,0,0,unknown,0.833,1,0,0,0,1,old_building
a8bccd8fd6a90087,서울,서울특별시 강북구 미아동 3-108번지,서울특별시 강북구 오패산로30가길 8-4 (미아동),10100,11305,10101810,,다가구용 단독주택(3가구),1994,0,1,77.3,1,0,0,0,unknown,0.833,1,0,0,0,1,old_building
a8e3927710da8dd3,서울,서울특별시 강서구 방화동 129-2번지,서울특별시 강서구 양천로27길 115-9 (방화동),10900,11500,10171100247760,소담밸리,다세대주택,2022,0,2,44.83,0,0,0,1,unknown,0.833,0,0,1,0,1,basement_or_unknown_floor
a9025b159c836fde,경기,경기도 과천시 문원동 15-53번지,경기도 과천시 공원마을6길 29 (문원동),10200,41290,110813635,우리빌,,2022,1,1,0.0,0,1,0,0,unknown,0.667,0,0,0,0,1,low_data_completeness
a90c481b44c54daa,인천,인천광역시 강화군 강화읍 신문리 79번지,,25021,28710,1062120115,,근린생활시설,1935,0,1,0.0,1,0,0,0,unknown,0.833,1,1,0,0,1,old_building|non_residential_main_use
a922c3e8743044ec,경기,경기도 광주시 경안동 11-45번지,경기도 광주시 광주대로71번길 16 (경안동),10100,41610,1125121087,,주택,1960,0,1,0.0,1,0,0,0,unknown,0.833,1,0,0,0,1,old_building
a9312dcb815578c9,경기,경기도 고양시 일산서구 일산동 524-16번지,경기도 고양시 일산서구 일중로 17 (일산동),10100,41287,11041325938,포오스프라자,,2022,1,1,0.0,0,1,0,0,unknown,0.667,0,0,0,0,1,low_data_completeness
a934c2b375c13fe3,서울,서울특별시 강서구 염창동 183번지,서울특별시 강서구 양천로73길 36 (염창동),10100,11500,1017121036,,"근린생활시설, 주택",1995,0,1,108.59,1,0,0,0,unknown,0.833,1,0,0,0,1,old_building
a936ec33be9d849b,인천,인천광역시 계양구 효성동 1-14번지,인천광역시 계양구 길마로88번길 11 (효성동),10100,28245,1060113236,원익그린맨션,,2022,1,1,0.0,0,1,0,0,unknown,0.667,0,0,0,0,1,low_data_completeness
a93b7993ef5c4da7,서울,서울특별시 강동구 명일동 48-5번지,서울특별시 강동구 동남로73길 9 (명일동),10100,11740,1026113751,,근린생활시설,1993,0,1,717.6,1,0,0,0,unknown,0.833,1,1,0,0,1,old_building|non_residential_main_use
a94cf8ce326c62e9,경기,경기도 과천시 문원동 15-24번지,경기도 과천시 공원마을2길 48 (문원동),10200,41290,11081175,,"주택,창고,부속사",1982,0,1,0.0,1,0,0,0,unknown,0.833,1,0,0,0,1,old_building
a94d6890729c82f1,경기,경기도 고양시 덕양구 주교동 127번지,,10100,41281,110411541,,소매점,2022,0,1,59.18,1,0,1,0,unknown,0.833,0,1,0,0,1,non_residential_main_use
a95921b664da7e4c,인천,인천광역시 미추홀구 숭의동 1-11번지,인천광역시 미추홀구 경인로 148 (숭의동),10100,28177,10561100237056,다우림,,2022,1,1,0.0,0,1,0,0,unknown,0.667,0,0,0,0,1,low_data_completeness
a9659890f6c505e8,서울,서울특별시 강동구 명일동 47번지,서울특별시 강동구 고덕로62길 29 (명일동),10100,11740,102611104,명일삼환아파트,아파트,1992,0,1,0.0,1,0,0,0,unknown,0.833,1,0,0,0,1,old_building
a97694bf5fba0d3f,인천,인천광역시 중구 중앙동1가 9-4번지,인천광역시 중구 제물량로232번안길 11-1 (중앙동1가),10100,28110,10541605,,단독주택,2022,0,2,34.38,1,0,1,0,unknown,0.833,0,0,0,0,0,
a9769b3ea13aebe7,경기,경기도 과천시 관문동 71-11번지,경기도 과천시 산마을길 53 (관문동),10100,41290,1000000000000004129587,,단독주택,2024,0,3,598.38,1,0,1,0,unknown,0.833,0,0,0,0,0,
a97e3c78a21e0063,인천,인천광역시 미추홀구 숭의동 1-11번지,인천광역시 미추홀구 경인로 148 (숭의동),10100,28177,10561100237047,다우림,,2022,1,1,0.0,0,1,0,0,unknown,0.667,0,0,0,0,1,low_data_completeness
a992f8961b9f219e,인천,인천광역시 부평구 부평동 10-261번지,인천광역시 부평구 장제로205번길 47 (부평동),10100,28237,1059133249,그린하이빌,공동주택(다세대주택),2001,0,1,165.0,1,0,0,0,unknown,0.833,1,0,0,0,1,old_building
a99474c9ddb70629,인천,인천광역시 서구 백석동 블록,인천광역시 서구 한들로 73 (백석동),10100,28260,1000000000000002036690,검암역 로열파크씨티 푸르지오 2단지,,2023,1,1,0.0,0,1,0,0,unknown,0.667,0,0,0,0,1,low_data_completeness
a9999b8bd85ef47f,경기,경기도 고양시 일산서구 일산동 322번지,,10100,41287,11041229699,,단독주택,2022,0,1,47.05,1,0,1,0,unknown,0.833,0,0,0,0,0,
a9a09b08c362681e,인천,인천광역시 서구 백석동 58번지,인천광역시 서구 맑은누리로 10 (백석동),10100,28260,10611100246054,,분뇨.쓰레기처리시설,2011,0,1,0.0,1,0,0,0,unknown,0.833,0,1,0,0,1,non_residential_main_use
a9ab227a93e967cc,경기,경기도 과천시 문원동 15-39번지,경기도 과천시 공원마을4길 39 (문원동),10200,41290,110813620,우리빌,,2022,1,1,0.0,0,1,0,0,unknown,0.667,0,0,0,0,1,low_data_completeness
a9c02c09b225d0ac,경기,경기도 고양시 일산동구 식사동 231-1번지,경기도 고양시 일산동구 견달산로210번길 47-5 (식사동),10100,41285,11041100324887,드림팰리스,,2022,1,1,0.0,0,1,0,0,unknown,0.667,0,0,0,0,1,low_data_completeness
a9d3ebf6475631b2,경기,경기도 광명시 광명동 25-13번지,경기도 광명시 광명로928번길 42-3 (광명동),10100,41210,109815398,,다세대주택,1987,0,1,152.0,1,0,0,0,unknown,0.833,1,0,0,0,1,old_building
a9da9422e06048b3,경기,경기도 구리시 갈매동 510번지,경기도 구리시 갈매순환로204번길 65 (갈매동),10100,41310,11091100207260,구리 스마트벤처타워,,2022,1,1,0.0,0,1,0,0,unknown,0.667,0,0,0,0,1,low_data_completeness
a9e3ea0073e14a30,서울,서울특별시 관악구 봉천동 1-207번지,서울특별시 관악구 청림3길 79-5 (봉천동),10100,11620,10221122950,,,2022,1,1,0.0,0,1,0,0,unknown,0.667,0,0,0,0,1,low_data_completeness
aa07902caa1ae36e,경기,경기도 고양시 일산동구 식사동 13-8번지,,10100,41285,11041100436778,저장고(탄41),국방ㆍ군사시설,1976,0,1,652544.48,1,0,1,0,unknown,0.833,1,1,0,0,1,old_building|non_residential_main_use
aa1013ecfb011e05,경기,경기도 고양시 일산동구 식사동 13-8번지,,10100,41285,11041100436812,구.탄약검사장,교정및군사시설,1976,0,1,652295.0,1,0,0,0,unknown,0.833,1,1,0,0,1,old_building|non_residential_main_use
aa1beaf3b686f63d,서울,서울특별시 도봉구 쌍문동 8-21번지,서울특별시 도봉구 도당로6길 48 (쌍문동),10500,11320,10111546,,다가구주택,1999,0,3,236.82,1,0,1,0,unknown,0.833,1,0,0,0,1,old_building
aa2f6cc3aeac748b,경기,경기도 구리시 갈매동 140번지,경기도 구리시 갈매순환로 246 (갈매동),10100,41310,11091266,,우사,2000,0,1,1667.0,1,0,0,0,unknown,0.833,1,1,0,0,1,old_building|non_residential_main_use
aa3d9a68174a52b7,서울,서울특별시 관악구 봉천동 1-264번지,서울특별시 관악구 청림3다길 21 (봉천동),10100,11620,1022195478,,,2022,1,1,0.0,0,1,0,0,unknown,0.667,0,0,0,0,1,low_data_completeness
aa5d0983a6efb5ce,인천,인천광역시 강화군 강화읍 신문리 12-9번지,인천광역시 강화군 남문로 68 (강화읍 신문리),25021,28710,1062130014,,근린생활시설,1992,0,1,0.0,1,0,0,0,unknown,0.833,1,1,0,0,1,old_building|non_residential_main_use
aa62b283ac1f5652,경기,경기도 광주시 경안동 19-7번지,경기도 광주시 광주대로55번길 7-4 (경안동),10100,41610,1125171972,,,2022,1,1,0.0,0,1,0,0,unknown,0.667,0,0,1,0,1,basement_or_unknown_floor|low_data_completeness
aa71d5e3b980a6b4,인천,인천광역시 동구 만석동 1-37번지,인천광역시 동구 만석부두로7번길 15-1 (만석동),10100,28140,10551100178180,,일반공장,2010,0,4,2049.51,1,0,1,0,unknown,0.833,0,1,0,0,1,non_residential_main_use
aa73e29b792706b2,인천,인천광역시 연수구 옥련동 79-4번지,인천광역시 연수구 비류대로 92 (옥련동),10100,28185,10571582,,기타제2종근린생활시설,2006,0,2,684.52,1,0,1,0,unknown,0.833,0,1,0,0,1,non_residential_main_use
aa922fd1272da61d,경기,경기도 과천시 문원동 15-23번지,경기도 과천시 공원마을2길 52 (문원동),10200,41290,110813612,,,2022,1,1,0.0,0,1,0,0,unknown,0.667,0,0,0,0,1,low_data_completeness
aaa42c193fa36f13,서울,서울특별시 금천구 가산동 40-8번지,서울특별시 금천구 벚꽃로42길 17 (가산동),10100,11545,1019142513,,,2022,1,1,0.0,0,1,0,0,unknown,0.667,0,0,0,0,1,low_data_completeness
aaa445d217437c87,인천,인천광역시 중구 중앙동3가 4-8번지,인천광역시 중구 홍예문로 7 (중앙동3가),10300,28110,1054115426,,,2022,1,1,0.0,0,1,0,0,unknown,0.667,0,0,0,0,1,low_data_completeness
aae9b99155f83604,경기,경기도 고양시 일산서구 일산동 525-21번지,경기도 고양시 일산서구 고양대로 724-8 (일산동),10100,41287,11041320773,,,2022,1,1,0.0,0,1,0,0,unknown,0.667,0,0,0,0,1,low_data_completeness
aafdcc0b5d12b322,경기,경기도 광주시 경안동 10-22번지,경기도 광주시 중앙로154번길 24 (경안동),10100,41610,11251100232561,,,2022,1,1,0.0,0,1,0,0,unknown,0.667,0,0,0,0,1,low_data_completeness
aafeb1a39cab0917,인천,인천광역시 계양구 효성동 8-16번지,인천광역시 계양구 새벌로171번길 11 (효성동),10100,28245,106012083,대경넥스텔,공동주택,2002,0,1,0.0,1,0,0,0,unknown,0.833,1,0,0,0,1,old_building
ab1034074afd3c46,인천,인천광역시 연수구 옥련동 81-2번지,인천광역시 연수구 비류대로 142 (옥련동),10100,28185,1000000000000005018966,옹암체육센터,수영장,2025,0,1,44345.83,1,0,1,0,unknown,0.833,0,1,0,0,1,non_residential_main_use
ab1490cb9a31fbc4,서울,서울특별시 구로구 신도림동 271-25번지,서울특별시 구로구 신도림로19길 144 (신도림동),10100,11530,10181100189161,신도림삼성쉐르빌 1,,2022,1,1,0.0,0,1,0,0,unknown,0.667,0,0,0,0,1,low_data_completeness
ab278777d435b303,서울,서울특별시 광진구 중곡동 18-85번지,서울특별시 광진구 용마산로22길 5-28 (중곡동),10100,11215,10061100223772,제일스위트,공동주택(도시형생활주택 단지형다세대10세대),2015,0,1,215.9,1,0,0,0,unknown,0.833,0,0,0,0,0,
ab4ba0610cbeb680,경기,경기도 광명시 광명동 24-35번지,경기도 광명시 광삼로13번길 34-1 (광명동),10100,41210,10981735,,다가구주택,1992,0,2,288.1,1,0,1,0,unknown,0.833,1,0,0,0,1,old_building
ab7a92ca74ded775,경기,경기도 광명시 광명동 24-28번지,경기도 광명시 광삼로13번길 42 (광명동),10100,41210,10981730,,다가구주택,1993,0,4,376.0,1,0,1,0,unknown,0.833,1,0,0,0,1,old_building
ab85024e278826c7,인천,인천광역시 부평구 부평동 10-247번지,인천광역시 부평구 주부토로104번길 27 (부평동),10100,28237,10591100179498,대흥아이빌,공동주택,2008,0,1,331.0,1,0,0,0,unknown,0.833,0,0,0,0,0,
ab9a6a0f83f46c77,서울,서울특별시 광진구 중곡동 18-16번지,서울특별시 광진구 용마산로28길 24 (중곡동),10100,11215,1006127411,,,2022,1,1,0.0,0,1,0,0,unknown,0.667,0,0,0,0,1,low_data_completeness
ab9ebadeb940b81c,인천,인천광역시 남동구 구월동 3-2번지,인천광역시 남동구 당좌로 49-1 (구월동),10100,28200,105811820,,다가구주택,1995,0,3,335.98,1,0,1,0,unknown,0.833,1,0,0,0,1,old_building
aba0677f148dd508,경기,경기도 광주시 경안동 9-12번지,경기도 광주시 광주대로71번길 7-3 (경안동),10100,41610,1125129809,,단독주택,1997,0,2,636.32,1,0,1,0,unknown,0.833,1,0,0,0,1,old_building
aba6ffb55ce59e59,인천,인천광역시 연수구 옥련동 116-29번지,인천광역시 연수구 비류대로150번길 13 (옥련동),10100,28185,10571624,,근린생활시설,1985,0,1,184.0,1,0,0,0,unknown,0.833,1,1,0,0,1,old_building|non_residential_main_use
aba74d2f8f65ee00,서울,서울특별시 강남구 역삼동 601-23번지,서울특별시 강남구 봉은사로4길 9 (역삼동),10100,11680,10241119672,,다세대주택,2022,0,2,84.18,0,0,0,1,unknown,0.833,0,0,1,0,1,basement_or_unknown_floor
abb0a7afb6f1e911,인천,인천광역시 미추홀구 숭의동 1-11번지,인천광역시 미추홀구 경인로 148 (숭의동),10100,28177,10561100237025,다우림,,2022,1,1,0.0,0,1,0,0,unknown,0.667,0,0,0,0,1,low_data_completeness
abb398d90166e6da,경기,경기도 광주시 경안동 10-24번지,경기도 광주시 광주대로71번길 6 (경안동),10100,41610,11251100247140,,,2022,1,1,0.0,0,1,0,0,unknown,0.667,0,0,0,0,1,low_data_completeness
abb534ef3f9203cb,인천,인천광역시 강화군 강화읍 신문리 68-3번지,인천광역시 강화군 남문안길 18 (강화읍 신문리),25021,28710,1062111113,,주택,1935,0,1,679.0,1,0,0,0,unknown,0.833,1,0,0,0,1,old_building
abba363e73d6450e,인천,인천광역시 연수구 옥련동 118-44번지,인천광역시 연수구 한진로 77 (옥련동),10100,28185,1000000000000005573349,송도역 서해그랑블 더파크,,2025,1,1,0.0,0,1,0,0,unknown,0.667,0,0,0,0,1,low_data_completeness
abc1035da26fc35f,서울,서울특별시 강동구 명일동 47번지,서울특별시 강동구 고덕로62길 27 (명일동),10100,11740,102611105,명일삼환아파트,상가,1992,0,1,0.0,1,0,0,0,unknown,0.833,1,1,0,0,1,old_building|non_residential_main_use
abc516100290d456,서울,서울특별시 광진구 중곡동 18-87번지,서울특별시 광진구 용마산로24길 6 (중곡동),10100,11215,10061781,,"근린생활시설, 주택",1988,0,1,217.5,1,0,0,0,unknown,0.833,1,0,0,0,1,old_building
abc65ebf7ddd0058,서울,서울특별시 강남구 역삼동 713-11번지,서울특별시 강남구 역삼로 307 (역삼동),10100,11680,1024124831,역삼 I'PARK,,2022,1,1,0.0,0,1,0,0,unknown,0.667,0,0,0,0,1,low_data_completeness
abc6a37cc9b0aade,경기,경기도 고양시 덕양구 주교동 191-2번지,경기도 고양시 덕양구 고양대로1290번길 34 (주교동),10100,41281,11041100233575,,사무소,2012,0,1,328.98,1,0,1,0,unknown,0.833,0,1,0,0,1,non_residential_main_use
abcb3b7bf7672e59,서울,서울특별시 노원구 월계동 12번지,서울특별시 노원구 마들로 127 (월계동),10200,11350,10121112982,,,2022,1,1,0.0,0,1,0,0,unknown,0.667,0,0,0,0,1,low_data_completeness
abda3791a2dfaac8,서울,서울특별시 관악구 봉천동 1-70번지,서울특별시 관악구 청림3다길 12 (봉천동),10100,11620,1022197284,,,2022,1,1,0.0,0,1,0,0,unknown,0.667,0,0,0,0,1,low_data_completeness
abeaac5ceb481c12,경기,경기도 구리시 갈매동 484번지,경기도 구리시 갈매길 113-9 (갈매동),10100,41310,11091100177886,,,2022,1,1,0.0,0,1,0,0,unknown,0.667,0,0,0,0,1,low_data_completeness
ac0044a271c90acd,서울,서울특별시 관악구 봉천동 1-233번지,서울특별시 관악구 청림3마길 14-1 (봉천동),10100,11620,102217040,,단독주택,1987,0,1,0.0,1,0,0,0,unknown,0.833,1,0,0,0,1,old_building
ac09fc55cb490c62,경기,경기도 구리시 갈매동 484번지,경기도 구리시 갈매길 113-9 (갈매동),10100,41310,11091100177892,,,2022,1,1,0.0,0,1,0,0,unknown,0.667,0,0,0,0,1,low_data_completeness
ac0e7540556a0aae,경기,경기도 군포시 당동 2-5번지,경기도 군포시 공단로 175 (당동),10100,41410,11131100195151,경동택배,사무소,2014,0,1,622.53,1,0,1,0,unknown,0.833,0,1,0,0,1,non_residential_main_use
ac15effc2172cea6,인천,인천광역시 부평구 부평동 10-66번지,인천광역시 부평구 장제로221번길 23 (부평동),10100,28237,10591100251183,다온그린빌,,2022,1,1,0.0,0,1,0,0,unknown,0.667,0,0,0,0,1,low_data_completeness
ac23ceda5cb5d4b8,서울,서울특별시 강동구 명일동 15번지,서울특별시 강동구 고덕로 210 (명일동),10100,11740,10261100751,삼익그린맨션,아파트,2022,0,3,125.5,0,0,0,1,unknown,0.833,0,0,0,0,0,
ac29e757c84b2d4d,인천,인천광역시 남동구 구월동 3-27번지,인천광역시 남동구 석산로228번길 2 (구월동),10100,28200,1058127548,서해그린빌,,2022,1,1,0.0,0,1,0,0,unknown,0.667,0,0,0,0,1,low_data_completeness
ac30f71b301a6769,경기,경기도 고양시 일산서구 일산동 524-16번지,경기도 고양시 일산서구 일중로 17 (일산동),10100,41287,11041325909,포오스프라자,,2022,1,1,0.0,0,1,0,0,unknown,0.667,0,0,0,0,1,low_data_completeness
ac37197726e03ab4,경기,경기도 고양시 일산동구 식사동 13-8번지,,10100,41285,11041100436821,저장고(탄32),국방ㆍ군사시설,1973,0,1,652544.48,1,0,1,0,unknown,0.833,1,1,0,0,1,old_building|non_residential_main_use
ac38bad8d06f1155,경기,경기도 과천시 관문동 70-3번지,경기도 과천시 중앙로 295 (관문동),10100,41290,11081100188933,,일반음식점,2018,0,2,560.92,1,0,1,0,unknown,0.833,0,1,0,0,1,non_residential_main_use
ac3aebc8fb9fbe14,인천,인천광역시 남동구 구월동 4-14번지,인천광역시 남동구 석산로228번길 44 (구월동),10100,28200,10581100326732,다정한 집,연립주택(도시형생활주택),2019,0,1,954.7,1,0,0,0,unknown,0.833,0,0,0,0,0,
ac4225a0caaf5bcf,경기,경기도 광주시 경안동 9-5번지,,10100,41610,1125113726,,단독주택,1950,0,1,67.05,1,0,1,0,unknown,0.833,1,0,0,0,1,old_building
ac489380d0dce86f,인천,인천광역시 중구 중앙동1가 22번지,인천광역시 중구 신포로23번길 104 (중앙동1가),10100,28110,10541100175259,,"단독주택,제1종근린생활시설",2009,0,1,62.8,1,0,0,0,unknown,0.833,0,0,0,0,0,
ac57325482a2ab08,인천,인천광역시 동구 만석동 5-22번지,인천광역시 동구 인중로 442 (만석동),10100,28140,1055112133,서해빌라,,2022,1,1,0.0,0,1,0,0,unknown,0.667,0,0,1,0,1,basement_or_unknown_floor|low_data_completeness
ac6a8d45f30b7354,서울,서울특별시 구로구 신도림동 271-25번지,서울특별시 구로구 신도림로19길 144 (신도림동),10100,11530,10181100189217,신도림삼성쉐르빌 1,,2022,1,1,0.0,0,1,0,0,unknown,0.667,0,0,0,0,1,low_data_completeness
ac6b196c981af792,경기,경기도 광명시 광명동 24-5번지,경기도 광명시 광삼로13번길 28-22 (광명동),10100,41210,10981711,,단독주택,1975,0,1,164.26,1,0,1,0,unknown,0.833,1,0,0,0,1,old_building
ac77fd3e72eae762,인천,인천광역시 서구 백석동 58번지,인천광역시 서구 거월로 64 (백석동),10100,28260,106112433,,분뇨및쓰레기처리시설,2004,0,1,0.0,1,0,0,0,unknown,0.833,1,1,0,0,1,old_building|non_residential_main_use
ac7d7dd548d955c6,서울,서울특별시 강북구 미아동 3-37번지,서울특별시 강북구 오현로9길 41 (미아동),10100,11305,1010130882,,,2022,1,1,0.0,0,1,0,0,unknown,0.667,0,0,0,0,1,low_data_completeness
ac7e9816e87c08ac,경기,경기도 광명시 광명동 24-21번지,경기도 광명시 광삼로13번길 28-3 (광명동),10100,41210,1098117368,,,2022,1,1,0.0,0,1,0,0,unknown,0.667,0,0,1,0,1,basement_or_unknown_floor|low_data_completeness
ac7fb479aa67fcae,서울,서울특별시 강서구 개화동 418-174번지,서울특별시 강서구 개화동로7길 17-7 (개화동),11000,11500,10171100266756,,다세대주택,2022,0,2,49.06,0,0,0,1,unknown,0.833,0,0,0,0,0,
ac825baac0fd3002,경기,경기도 과천시 문원동 15-13번지,경기도 과천시 공원마을1길 44 (문원동),10200,41290,11081100186892,,다가구주택,2017,0,1,248.0,1,0,0,0,unknown,0.833,0,0,0,0,0,
ac9fe8f0562f259d,인천,인천광역시 옹진군 백령면 진촌리 959-4번지,인천광역시 옹진군 백령로278번길 133-20 (백령면 진촌리),33021,28720,10631100209061,백령 공공실버 마을,,2022,1,1,0.0,0,1,0,0,unknown,0.667,0,0,0,0,1,low_data_completeness
aca2795d872995f5,경기,경기도 가평군 가평읍 읍내리 133-4번지,경기도 가평군 잎너비길 55-7 (가평읍 읍내리),25021,41820,113012017,,"단독주택, 창고",2001,0,1,906.0,1,0,0,0,unknown,0.833,1,0,0,0,1,old_building
aca9149c2f741f05,경기,경기도 군포시 당동 14-1번지,경기도 군포시 공단로 149 (당동),10100,41410,111319605,아이밸리 군포,,2022,1,1,0.0,0,1,0,0,unknown,0.667,0,0,1,0,1,basement_or_unknown_floor|low_data_completeness
aca99caf025c0333,인천,인천광역시 동구 만석동 1-53번지,인천광역시 동구 보세로26번길 24-36 (만석동),10100,28140,10551100181553,,,2022,1,1,0.0,0,1,0,0,unknown,0.667,0,0,0,0,1,low_data_completeness
acb9317d617dee90,서울,서울특별시 구로구 신도림동 280-21번지,서울특별시 구로구 신도림로11라길 46 (신도림동),10100,11530,101819468,,"사무실, 점포",1975,0,1,0.0,1,0,0,0,unknown,0.833,1,1,0,0,1,old_building|non_residential_main_use
acd26e908b7a5f61,서울,서울특별시 광진구 중곡동 18-24번지,서울특별시 광진구 용마산로24길 13 (중곡동),10100,11215,100618030,신향빌라,연립주택,1986,0,1,0.0,1,0,0,0,unknown,0.833,1,0,0,0,1,old_building
acda926696e91cb2,서울,서울특별시 구로구 신도림동 271-25번지,서울특별시 구로구 신도림로19길 144 (신도림동),10100,11530,10181100189147,신도림삼성쉐르빌 1,,2022,1,1,0.0,0,1,0,0,unknown,0.667,0,0,0,0,1,low_data_completeness
ace6fd2f59daba33,경기,경기도 가평군 가평읍 읍내리 75-2번지,경기도 가평군 잎너비길 17-192 (가평읍 읍내리),25021,41820,11301100221546,,다가구주택,2015,0,2,787.79,1,0,1,0,unknown,0.833,0,0,0,0,0,
acef332ee9267668,경기,경기도 광명시 광명동 24-19번지,경기도 광명시 광삼로13번길 28-7 (광명동),10100,41210,10981725,,단독주택,1976,0,1,160.91,1,0,1,0,unknown,0.833,1,0,0,0,1,old_building
ad12bfacfbc12f50,인천,인천광역시 남동구 구월동 3-18번지,인천광역시 남동구 석산로228번길 17-8 (구월동),10100,28200,1058127541,,,2022,1,1,0.0,0,1,0,0,unknown,0.667,0,0,0,0,1,low_data_completeness
ad13bfaffd1b678d,인천,인천광역시 남동구 구월동 4-20번지,인천광역시 남동구 석산로222번길 53 (구월동),10100,28200,10581100317584,행복꿈터,다세대주택,2018,0,1,256.8,1,0,0,0,unknown,0.833,0,0,0,0,0,
ad15d04c4d0363d6,서울,서울특별시 강서구 염창동 113-3번지,서울특별시 강서구 양천로75길 34 (염창동),10100,11500,1017118956,,"근린생활시설, 다가구주택",1998,0,1,141.0,1,0,0,0,unknown,0.833,1,0,0,0,1,old_building
ad1c692e116b1367,인천,인천광역시 연수구 옥련동 81-19번지,인천광역시 연수구 독배로 109 (옥련동),10100,28185,105718094,,,2022,1,1,0.0,0,1,0,0,unknown,0.667,0,0,1,0,1,basement_or_unknown_floor|low_data_completeness
ad216cfbcde2ef19,경기,경기도 고양시 덕양구 주교동 18-1번지,경기도 고양시 덕양구 원당로141번길 52-4 (주교동),10100,41281,110419299,,기타종교집회장,2001,0,1,400.0,1,0,1,0,unknown,0.833,1,1,0,0,1,old_building|non_residential_main_use
ad21d0b398d252d8,인천,인천광역시 남동구 구월동 3-31번지,인천광역시 남동구 석산로222번길 7-2 (구월동),10100,28200,105811841,,단독주택,1974,0,1,0.0,1,0,0,0,unknown,0.833,1,0,0,0,1,old_building
ad3a6917f969cc6b,경기,경기도 고양시 덕양구 주교동 272-1번지,경기도 고양시 덕양구 원당로59번길 94-7 (주교동),10100,41281,11041117549,윤창아파트,,2022,1,1,0.0,0,1,0,0,unknown,0.667,0,0,1,0,1,basement_or_unknown_floor|low_data_completeness
ad505a68fd32bfaa,인천,인천광역시 부평구 부평동 10-259번지,인천광역시 부평구 장제로205번길 53 (부평동),10100,28237,1059123615,,"근린생활시설, 주택",1991,0,1,158.52,1,0,0,0,unknown,0.833,1,0,0,0,1,old_building
ad52f9cbc404e34e,서울,서울특별시 노원구 월계동 12번지,서울특별시 노원구 마들로 127 (월계동),10200,11350,1012141499,,,2022,1,1,0.0,0,1,0,0,unknown,0.667,0,0,0,0,1,low_data_completeness
ad589f7b1e4ccb10,서울,서울특별시 구로구 신도림동 271-25번지,서울특별시 구로구 신도림로19길 144 (신도림동),10100,11530,10181100189225,신도림삼성쉐르빌 1,,2022,1,1,0.0,0,1,0,0,unknown,0.667,0,0,0,0,1,low_data_completeness
ad6724c075d9d15c,서울,서울특별시 구로구 신도림동 276-52번지,서울특별시 구로구 신도림로11라길 71-9 (신도림동),10100,11530,1018111515,,공장,1977,0,1,0.0,1,0,0,0,unknown,0.833,1,1,0,0,1,old_building|non_residential_main_use
ad97e63edc63c79f,서울,서울특별시 관악구 봉천동 1-69번지,서울특별시 관악구 청림3길 49 (봉천동),10100,11620,1022188550,,,2022,1,1,0.0,0,1,0,0,unknown,0.667,0,0,0,0,1,low_data_completeness
ada5a22033f06d67,경기,경기도 광명시 광명동 24-31번지,경기도 광명시 광삼로13번길 38 (광명동),10100,41210,1098117381,공주빌라,,2022,1,1,0.0,0,1,0,0,unknown,0.667,0,0,1,0,1,basement_or_unknown_floor|low_data_completeness
adb498556af1275e,서울,서울특별시 강서구 개화동 421-70번지,서울특별시 강서구 개화동로5길 9-11 (개화동),11000,11500,10171100238159,경동 미르웰,다세대주택,2022,0,1,30.95,0,0,0,1,unknown,0.833,0,0,0,0,0,
adb4a657333965be,인천,인천광역시 옹진군 북도면 모도리 267-1번지,인천광역시 옹진군 모도로140번길 19-16 (북도면 모도리),31023,28720,1000000000000001872499,모도파라다이스,,2023,1,1,0.0,0,1,0,0,unknown,0.667,0,0,0,0,1,low_data_completeness
adc07e186c7c47c9,인천,인천광역시 중구 중앙동3가 4-8번지,인천광역시 중구 홍예문로 7 (중앙동3가),10300,28110,1054115565,,,2022,1,1,0.0,0,1,0,0,unknown,0.667,0,0,0,0,1,low_data_completeness
add530ed34a0c461,서울,서울특별시 금천구 가산동 50-3번지,서울특별시 금천구 벚꽃로 298 (가산동),10100,11545,10191100191226,대륭 포스트타워 6차,,2022,1,1,0.0,0,1,0,0,unknown,0.667,0,0,0,0,1,low_data_completeness
add8a5beeab294c8,경기,경기도 광명시 광명동 26-1번지,경기도 광명시 광명로928번길 42-4 (광명동),10100,41210,10981766,,"근린생활시설, 단독주택",1990,0,1,145.0,1,0,0,0,unknown,0.833,1,0,0,0,1,old_building
ade24f76408485fb,서울,서울특별시 강서구 염창동 65번지,서울특별시 강서구 양천로67길 71-3 (염창동),10100,11500,10171100318481,진영리버타운,,2022,1,1,0.0,0,1,0,0,unknown,0.667,0,0,0,0,1,low_data_completeness
adee2e3121c0a386,경기,경기도 고양시 덕양구 주교동 100-3번지,,10100,41281,110416582,,단독주택,2022,0,1,45.25,1,0,1,0,unknown,0.833,0,0,0,0,0,
ae13387a31a75cb1,서울,서울특별시 강서구 염창동 65번지,서울특별시 강서구 양천로67길 71-3 (염창동),10100,11500,10171100318514,진영리버타운,,2022,1,1,0.0,0,1,0,0,unknown,0.667,0,0,0,0,1,low_data_completeness
ae17acca30cc9b72,경기,경기도 광주시 경안동 20-16번지,경기도 광주시 광주대로 31 (경안동),10100,41610,1000000000000002747964,지에이타워,,2023,1,1,0.0,0,1,0,0,unknown,0.667,0,0,0,0,1,low_data_completeness
ae2234083262f331,인천,인천광역시 서구 백석동 블록,인천광역시 서구 한들로 73 (백석동),10100,28260,1000000000000002036441,검암역 로열파크씨티 푸르지오 2단지,,2023,1,1,0.0,0,1,0,0,unknown,0.667,0,0,0,0,1,low_data_completeness
ae2454639ddce8ee,경기,경기도 구리시 갈매동 510번지,경기도 구리시 갈매순환로204번길 65 (갈매동),10100,41310,11091100207189,구리 스마트벤처타워,,2022,1,1,0.0,0,1,0,0,unknown,0.667,0,0,0,0,1,low_data_completeness
ae293dffc5bd1123,인천,인천광역시 동구 만석동 1-52번지,인천광역시 동구 보세로26번길 24-50 (만석동),10100,28140,10551100186184,해양조선,공장,2019,0,1,2344.2,1,0,0,0,unknown,0.833,0,1,0,0,1,non_residential_main_use
ae2da602d201cc16,서울,서울특별시 구로구 신도림동 279-13번지,서울특별시 구로구 신도림로11라길 59-4 (신도림동),10100,11530,101817536,,창고,1975,0,1,0.0,1,0,0,0,unknown,0.833,1,1,0,0,1,old_building|non_residential_main_use
ae4d7e002a1e48eb,서울,서울특별시 금천구 가산동 41-7번지,서울특별시 금천구 벚꽃로42길 18 (가산동),10100,11545,1019146405,,,2022,1,1,0.0,0,1,0,0,unknown,0.667,0,0,0,0,1,low_data_completeness
ae56c4d5d97e59df,인천,인천광역시 부평구 부평동 10-22번지,인천광역시 부평구 주부토로94번길 9 (부평동),10100,28237,1059129644,,다가구주택,1983,0,2,242.19,1,0,1,0,unknown,0.833,1,0,0,0,1,old_building
ae58d569fe68844f,경기,경기도 고양시 덕양구 주교동 272-1번지,경기도 고양시 덕양구 원당로59번길 94-7 (주교동),10100,41281,11041117537,윤창아파트,,2022,1,1,0.0,0,1,0,0,unknown,0.667,0,0,1,0,1,basement_or_unknown_floor|low_data_completeness
ae608b1c95729a3e,경기,경기도 과천시 문원동 15-20번지,경기도 과천시 공원마을2길 51 (문원동),10200,41290,110813606,로즈빌2,,2022,1,1,0.0,0,1,0,0,unknown,0.667,0,0,0,0,1,low_data_completeness
ae87288fc5712e46,인천,인천광역시 미추홀구 숭의동 1-10번지,인천광역시 미추홀구 경인로 150 (숭의동),10100,28177,10561100237806,한우리,,2022,1,1,0.0,0,1,0,0,unknown,0.667,0,0,0,0,1,low_data_completeness
ae90808a37363c59,인천,인천광역시 옹진군 백령면 진촌리 959-4번지,인천광역시 옹진군 백령로278번길 133-20 (백령면 진촌리),33021,28720,10631100209095,백령 공공실버 마을,,2022,1,1,0.0,0,1,0,0,unknown,0.667,0,0,0,0,1,low_data_completeness
ae9e5b194754830b,서울,서울특별시 광진구 중곡동 16번지,서울특별시 광진구 용마산로 163 (중곡동),10100,11215,10061100255150,,사무소,2020,0,7,1847.98,1,0,1,0,unknown,0.833,0,1,0,0,1,non_residential_main_use
aeaac2f2c6a7b693,인천,인천광역시 강화군 강화읍 신문리 205-5번지,인천광역시 강화군 강화대로 429 (강화읍 신문리),25021,28710,1062135888,중앙시장,,2022,1,1,0.0,0,1,0,0,unknown,0.667,0,0,1,0,1,basement_or_unknown_floor|low_data_completeness
aeb69ea1891db0dc,서울,서울특별시 강서구 염창동 11번지,,10100,11500,101714802,,단독주택,2022,0,1,39.67,1,0,1,0,unknown,0.833,0,0,0,0,0,
aeb7704d1deff801,경기,경기도 광명시 광명동 24-8번지,경기도 광명시 광삼로13번길 28-17 (광명동),10100,41210,10981714,,단독주택,1975,0,1,151.89,1,0,1,0,unknown,0.833,1,0,0,0,1,old_building
aebaad27ebabb2f2,서울,서울특별시 도봉구 쌍문동 11-5번지,서울특별시 도봉구 도봉로139길 102 (쌍문동),10500,11320,1011117044,선우아파트,,2022,1,1,0.0,0,1,0,0,unknown,0.667,0,0,0,0,1,low_data_completeness
aebe30908328797f,인천,인천광역시 남동구 구월동 3-8번지,인천광역시 남동구 석산로 230 (구월동),10100,28200,10581100314413,호진다온채,,2022,1,1,0.0,0,1,0,0,unknown,0.667,0,0,0,0,1,low_data_completeness
aeca0e17f5113831,서울,서울특별시 강남구 대치동 511번지,서울특별시 강남구 삼성로 150 (대치동),10600,11680,1024124955,한보미도맨션206동,,2022,1,1,0.0,0,1,0,0,unknown,0.667,0,0,0,0,1,low_data_completeness
aecc86b497a534f8,경기,경기도 고양시 일산서구 일산동 547-3번지,,10100,41287,11041235688,,단독주택,2022,0,1,0.0,1,0,0,0,unknown,0.833,0,0,0,0,0,
aed7fa2a2d487eb8,경기,경기도 광명시 광명동 24-43번지,경기도 광명시 광삼로13번길 30-10 (광명동),10100,41210,10981742,,단독주택,1991,0,1,149.0,1,0,0,0,unknown,0.833,1,0,0,0,1,old_building
aeffae4648c1b5b2,경기,경기도 고양시 일산서구 일산동 545-3번지,경기도 고양시 일산서구 일중로 33-1 (일산동),10100,41287,11041236843,,단독주택,2022,0,1,0.0,1,0,0,0,unknown,0.833,0,0,0,0,0,
af12777422864a31,서울,서울특별시 구로구 신도림동 276-13번지,서울특별시 구로구 경인로67나길 52 (신도림동),10100,11530,1018115687,,"공장, 창고",1971,0,1,0.0,1,0,0,0,unknown,0.833,1,1,0,0,1,old_building|non_residential_main_use
af17dfa15393c05e,경기,경기도 고양시 일산서구 일산동 524-16번지,경기도 고양시 일산서구 일중로 17 (일산동),10100,41287,11041239435,포오스프라자,기타제2종근린생활시설,2004,0,5,10549.61,1,0,1,0,unknown,0.833,1,1,0,0,1,old_building|non_residential_main_use
af20fee5865b121b,인천,인천광역시 남동구 구월동 3-21번지,인천광역시 남동구 석산로228번길 19 (구월동),10100,28200,10581100321251,하누리,,2022,1,1,0.0,0,1,0,0,unknown,0.667,0,0,0,0,1,low_data_completeness
af30ad3c00e8c03a,인천,인천광역시 옹진군 북도면 시도리 33번지,인천광역시 옹진군 시도로86번길 243 (북도면 시도리),31021,28720,10631574,,다가구주택,2001,0,1,99.0,1,0,1,0,unknown,0.833,1,0,0,0,1,old_building
af398aca75a7f39f,서울,서울특별시 강남구 대치동 511번지,서울특별시 강남구 삼성로 150 (대치동),10600,11680,1024125365,한보미도맨션211동,,2022,1,1,0.0,0,1,0,0,unknown,0.667,0,0,0,0,1,low_data_completeness
af39afa3d6323926,서울,서울특별시 구로구 신도림동 281-12번지,서울특별시 구로구 신도림로15길 88 (신도림동),10100,11530,1018115732,,주택,1976,0,1,0.0,1,0,0,0,unknown,0.833,1,0,0,0,1,old_building
af4d52f74acf08f0,경기,경기도 구리시 갈매동 484번지,경기도 구리시 갈매길 113-9 (갈매동),10100,41310,11091100177894,,,2022,1,1,0.0,0,1,0,0,unknown,0.667,0,0,0,0,1,low_data_completeness
af506d7ea00ec085,서울,서울특별시 관악구 봉천동 1-1116번지,서울특별시 관악구 청림3길 84 (봉천동),10100,11620,1022191845,,,2022,1,1,0.0,0,1,0,0,unknown,0.667,0,0,0,0,1,low_data_completeness
af52ddaffe82d34b,인천,인천광역시 서구 백석동 58번지,인천광역시 서구 자원순환로596번길 17 (백석동),10100,28260,10611100247035,,폐기물시설,2012,0,1,0.0,1,0,0,0,unknown,0.833,0,1,0,0,1,non_residential_main_use
af5da7c7e942d399,서울,서울특별시 관악구 봉천동 1-76번지,서울특별시 관악구 청림3길 40 (봉천동),10100,11620,1022123110,,교회,1984,0,3,1180.35,1,0,1,0,unknown,0.833,1,1,0,0,1,old_building|non_residential_main_use
af74a31955b10234,인천,인천광역시 강화군 강화읍 신문리 12-10번지,인천광역시 강화군 남문로 66 (강화읍 신문리),25021,28710,106218252,,근린생활시설,1950,0,1,0.0,1,0,0,0,unknown,0.833,1,1,0,0,1,old_building|non_residential_main_use
af78daafc631276a,인천,인천광역시 남동구 구월동 3-100번지,인천광역시 남동구 석산로228번길 14 (구월동),10100,28200,105816262,대우하이빌,공동주택,2002,0,1,162.9,1,0,0,0,unknown,0.833,1,0,0,0,1,old_building
af8307939c41883c,경기,경기도 가평군 가평읍 읍내리 119-1번지,경기도 가평군 잎너비길 35-27 (가평읍 읍내리),25021,41820,11301100264453,,단독주택,2019,0,1,565.0,1,0,0,0,unknown,0.833,0,0,0,0,0,
af9230df3c504ceb,서울,서울특별시 강남구 역삼동 604-3번지,서울특별시 강남구 봉은사로18길 6 (역삼동),10100,11680,1000000000000004648900,지콥빌딩,근린생활시설,2024,0,1,288.2,1,0,0,0,unknown,0.833,0,1,0,0,1,non_residential_main_use
af994e543abee2c6,서울,서울특별시 도봉구 쌍문동 22-6번지,서울특별시 도봉구 도봉로133길 40-28 (쌍문동),10500,11320,10111100214214,유니크하우스,공동주택(다세대주택),2018,0,1,195.0,1,0,0,0,unknown,0.833,0,0,0,0,0,
af9b6d3d9c45654c,경기,경기도 광명시 광명동 24-26번지,경기도 광명시 광삼로13번길 28 (광명동),10100,41210,1098117369,,,2022,1,1,0.0,0,1,0,0,unknown,0.667,0,0,1,0,1,basement_or_unknown_floor|low_data_completeness
afa2d0f67b6a4219,경기,경기도 과천시 문원동 15-49번지,경기도 과천시 공원마을6길 35 (문원동),10200,41290,11081100185274,보니타스,,2022,1,1,0.0,0,1,0,0,unknown,0.667,0,0,0,0,1,low_data_completeness
afae7ee23efc1ce2,서울,서울특별시 구로구 신도림동 271-25번지,서울특별시 구로구 신도림로19길 144 (신도림동),10100,11530,10181100189259,신도림삼성쉐르빌 1,,2022,1,1,0.0,0,1,0,0,unknown,0.667,0,0,0,0,1,low_data_completeness
afb13ba627d8e950,경기,경기도 과천시 문원동 15-18번지,경기도 과천시 공원마을2길 45 (문원동),10200,41290,11081173,,단독주택(다가구주택(7가구)),2002,0,1,248.0,1,0,0,0,unknown,0.833,1,0,0,0,1,old_building
afb5060d06edd7fc,인천,인천광역시 동구 만석동 2-224번지,인천광역시 동구 만석부두로 4-1 (만석동),10100,28140,1055112094,,,2022,1,1,0.0,0,1,0,0,unknown,0.667,0,0,1,0,1,basement_or_unknown_floor|low_data_completeness
afc6ec0b7d777516,서울,서울특별시 강남구 대치동 511번지,서울특별시 강남구 삼성로 150 (대치동),10600,11680,1024125181,,,2022,1,1,0.0,0,1,0,0,unknown,0.667,0,0,0,0,1,low_data_completeness
afc98f36bea36caa,인천,인천광역시 미추홀구 숭의동 1-11번지,인천광역시 미추홀구 경인로 148 (숭의동),10100,28177,10561100237029,다우림,,2022,1,1,0.0,0,1,0,0,unknown,0.667,0,0,0,0,1,low_data_completeness
afd73d84dacf2846,경기,경기도 광주시 경안동 10-24번지,경기도 광주시 광주대로71번길 6 (경안동),10100,41610,11251100247147,,,2022,1,1,0.0,0,1,0,0,unknown,0.667,0,0,0,0,1,low_data_completeness
afdd8cfdb47eb7f7,서울,서울특별시 관악구 봉천동 1-72번지,서울특별시 관악구 청림3다길 8 (봉천동),10100,11620,1022180686,,,2022,1,1,0.0,0,1,0,0,unknown,0.667,0,0,0,0,1,low_data_completeness
aff9ba612d489e18,경기,경기도 고양시 일산동구 식사동 231-1번지,경기도 고양시 일산동구 견달산로210번길 47-5 (식사동),10100,41285,11041100324889,드림팰리스,,2022,1,1,0.0,0,1,0,0,unknown,0.667,0,0,0,0,1,low_data_completeness
b00b75c844c59272,인천,인천광역시 미추홀구 숭의동 1-10번지,인천광역시 미추홀구 경인로 150 (숭의동),10100,28177,10561100237759,한우리,,2022,1,1,0.0,0,1,0,0,unknown,0.667,0,0,0,0,1,low_data_completeness
b00d7b254f9e0bee,경기,경기도 김포시 북변동 154-27번지,경기도 김포시 김포대로 1009-45 (북변동),10100,41570,11231100215378,,단독주택,2011,0,2,844.5,1,0,1,0,unknown,0.833,0,0,0,0,0,
b00d903bcb7f9497,서울,서울특별시 강남구 역삼동 606-16번지,서울특별시 강남구 논현로105길 8 (역삼동),10100,11680,1024119821,비젼빌딩,"교육연구시설, 업무시설",2004,0,1,654.1,1,0,0,0,unknown,0.833,1,1,0,0,1,old_building|non_residential_main_use
b01cb0fa37416365,경기,경기도 구리시 갈매동 510번지,경기도 구리시 갈매순환로204번길 65 (갈매동),10100,41310,11091100207252,구리 스마트벤처타워,,2022,1,1,0.0,0,1,0,0,unknown,0.667,0,0,0,0,1,low_data_completeness
b022b33a3986de5d,경기,경기도 광주시 경안동 9-6번지,경기도 광주시 광주대로71번길 9-1 (경안동),10100,41610,1125120623,,단독주택,1993,0,3,524.56,1,0,1,0,unknown,0.833,1,0,0,0,1,old_building
b02997c6631ac6e5,경기,경기도 군포시 당동 170번지,경기도 군포시 공단로 37 (당동),10100,41410,11131594,신한애자(주),"기계사상실,도금실,고가수조",1975,0,1,0.0,1,0,0,0,unknown,0.833,1,1,0,0,1,old_building|non_residential_main_use
b02b250628d0b03f,경기,경기도 광명시 광명동 24-21번지,경기도 광명시 광삼로13번길 28-3 (광명동),10100,41210,1098117366,,,2022,1,1,0.0,0,1,0,0,unknown,0.667,0,0,1,0,1,basement_or_unknown_floor|low_data_completeness
b02e202f622a1af2,경기,경기도 과천시 문원동 15-54번지,경기도 과천시 공원마을6길 27 (문원동),10200,41290,11081100186678,,,2022,1,1,0.0,0,1,0,0,unknown,0.667,0,0,0,0,1,low_data_completeness
b04880cea74616bc,서울,서울특별시 관악구 봉천동 1-80번지,서울특별시 관악구 청림3가길 1 (봉천동),10100,11620,1022128637,,단독주택,1985,0,2,163.32,1,0,1,0,unknown,0.833,1,0,0,0,1,old_building
b04fc5d273735186,서울,서울특별시 강서구 염창동 57번지,서울특별시 강서구 양천로67길 50-33 (염창동),10100,11500,1017171453,지오빌,아파트,2022,1,2,169.36,0,1,0,1,unknown,0.833,0,0,1,0,1,basement_or_unknown_floor
b068a9ed1f974d1c,인천,인천광역시 서구 백석동 22-5번지,인천광역시 서구 독정로 16-4 (백석동),10100,28260,106112220,,단독주택,2022,0,1,95.85,1,0,1,0,unknown,0.833,0,0,0,0,0,
b069c7270349a6c6,서울,서울특별시 강남구 역삼동 601-23번지,서울특별시 강남구 봉은사로4길 9 (역삼동),10100,11680,10241119668,,다세대주택,2022,0,2,35.17,0,0,0,1,unknown,0.833,0,0,1,0,1,basement_or_unknown_floor
b079aea65490a7d9,인천,인천광역시 옹진군 북도면 시도리 199-3번지,인천광역시 옹진군 시도로86번길 85 (북도면 시도리),31021,28720,10631587,,단독주택,2000,0,1,1134.0,1,0,0,0,unknown,0.833,1,0,0,0,1,old_building
b090d886706acd04,서울,서울특별시 강서구 염창동 113번지,,10100,11500,101714264,,주택,2022,0,1,0.0,1,0,0,0,unknown,0.833,0,0,0,0,0,
b095e080bc748f54,경기,경기도 광명시 광명동 24-56번지,경기도 광명시 광삼로13번길 27 (광명동),10100,41210,1098117397,,,2022,1,1,0.0,0,1,0,0,unknown,0.667,0,0,1,0,1,basement_or_unknown_floor|low_data_completeness
b098fd4a72bdd686,서울,서울특별시 도봉구 쌍문동 11-5번지,서울특별시 도봉구 도봉로139길 102 (쌍문동),10500,11320,1011117029,선우아파트,,2022,1,1,0.0,0,1,0,0,unknown,0.667,0,0,0,0,1,low_data_completeness
b0a854c8fba34960,서울,서울특별시 관악구 봉천동 1-1116번지,서울특별시 관악구 청림3길 84 (봉천동),10100,11620,1022191858,,,2022,1,1,0.0,0,1,0,0,unknown,0.667,0,0,0,0,1,low_data_completeness
b0b236ddb8fcf5b8,경기,경기도 광명시 광명동 24-56번지,경기도 광명시 광삼로13번길 27 (광명동),10100,41210,1098117402,,,2022,1,1,0.0,0,1,0,0,unknown,0.667,0,0,1,0,1,basement_or_unknown_floor|low_data_completeness
b0b3396fd085a241,경기,경기도 고양시 일산동구 식사동 231-1번지,경기도 고양시 일산동구 견달산로210번길 47-5 (식사동),10100,41285,11041100324893,드림팰리스,,2022,1,1,0.0,0,1,0,0,unknown,0.667,0,0,0,0,1,low_data_completeness
b0b7ebf7604427a4,인천,인천광역시 부평구 부평동 10번지,인천광역시 부평구 부흥북로 43 (부평동),10100,28237,105917362,부평고등학교,고등학교,2022,0,4,1180.29,1,0,1,0,unknown,0.833,0,1,0,0,1,non_residential_main_use
b0bc448574340d20,서울,서울특별시 구로구 신도림동 280-2번지,서울특별시 구로구 신도림로11라길 41 (신도림동),10100,11530,1018115990,,자동차관련시설,2002,0,1,608.0,1,0,0,0,unknown,0.833,1,1,0,0,1,old_building|non_residential_main_use
b0c8da3c7c57082c,인천,인천광역시 옹진군 북도면 시도리 45-1번지,,31021,28720,1000000000000003068293,,공중화장실,2024,0,1,33.12,1,0,1,0,unknown,0.833,0,1,0,0,1,non_residential_main_use
b0cd69ef7a26e36a,인천,인천광역시 동구 만석동 1-73번지,인천광역시 동구 보세로26번길 24-29 (만석동),10100,28140,10551100182322,,공장,2014,0,1,474.6,1,0,0,0,unknown,0.833,0,1,0,0,1,non_residential_main_use
b0e3fd2967352668,경기,경기도 고양시 일산서구 일산동 552-15번지,경기도 고양시 일산서구 일중로55번길 5 (일산동),10100,41287,11041233483,,근린생활시설,1986,0,1,0.0,1,0,0,0,unknown,0.833,1,1,0,0,1,old_building|non_residential_main_use
b0e836659026e83a,서울,서울특별시 강동구 명일동 15번지,서울특별시 강동구 고덕로 210 (명일동),10100,11740,1026138373,삼익그린맨션,아파트,2022,0,3,60.55,0,0,0,1,unknown,0.833,0,0,0,0,0,
b10fb962f7b2de36,경기,경기도 광명시 광명동 24-26번지,경기도 광명시 광삼로13번길 28 (광명동),10100,41210,1098117370,,,2022,1,1,0.0,0,1,0,0,unknown,0.667,0,0,1,0,1,basement_or_unknown_floor|low_data_completeness
b1124df51bdf362b,인천,인천광역시 계양구 효성동 1-12번지,인천광역시 계양구 길마로88번길 7 (효성동),10100,28245,1060113217,원익그린맨션,,2022,1,1,0.0,0,1,0,0,unknown,0.667,0,0,0,0,1,low_data_completeness
b12667a54de76c1f,서울,서울특별시 광진구 중곡동 18-24번지,서울특별시 광진구 용마산로24길 13 (중곡동),10100,11215,100618028,신향빌라,연립주택,1986,0,1,0.0,1,0,0,0,unknown,0.833,1,0,0,0,1,old_building
b12b8f2b920ffefd,서울,서울특별시 광진구 중곡동 18-12번지,서울특별시 광진구 용마산로 156 (중곡동),10100,11215,10061100225203,월드하우스,,2022,1,1,0.0,0,1,0,0,unknown,0.667,0,0,0,0,1,low_data_completeness
b137df8cb3c8a9b2,경기,경기도 고양시 일산동구 식사동 13-8번지,,10100,41285,11041100436769,일반창고-3,국방ㆍ군사시설,1978,0,1,652381.7,1,0,1,0,unknown,0.833,1,1,0,0,1,old_building|non_residential_main_use
b148604552eeb10e,인천,인천광역시 서구 백석동 블록,인천광역시 서구 한들로 73 (백석동),10100,28260,1000000000000002036340,검암역 로열파크씨티 푸르지오 2단지,,2023,1,1,0.0,0,1,0,0,unknown,0.667,0,0,0,0,1,low_data_completeness
b14d134abc36ee9a,서울,서울특별시 노원구 월계동 12번지,서울특별시 노원구 마들로 127 (월계동),10200,11350,10121113011,,,2022,1,1,0.0,0,1,0,0,unknown,0.667,0,0,0,0,1,low_data_completeness
b14e03d3f01416de,서울,서울특별시 강서구 개화동 425-20번지,서울특별시 강서구 개화동로5길 3-18 (개화동),11000,11500,10171100238169,개화동 경동미르웰,다세대주택,2022,0,1,31.47,0,0,0,1,unknown,0.833,0,0,0,0,0,
b164d1130b6268c7,경기,경기도 광명시 광명동 24-10번지,경기도 광명시 광삼로13번길 28-16 (광명동),10100,41210,10981717,,단독주택,1974,0,1,157.45,1,0,1,0,unknown,0.833,1,0,0,0,1,old_building
b16b4c4021fb6227,인천,인천광역시 부평구 부평동 10-75번지,인천광역시 부평구 길주남로 70 (부평동),10100,28237,1059138492,,체육도장,1992,0,3,704.78,1,0,1,0,unknown,0.833,1,1,0,0,1,old_building|non_residential_main_use
b16d507a5568f0c3,경기,경기도 고양시 일산동구 식사동 210-1번지,경기도 고양시 일산동구 사리현로 24-75 (식사동),10100,41285,11041204937,,,2022,1,1,0.0,0,1,0,0,unknown,0.667,0,0,1,0,1,basement_or_unknown_floor|low_data_completeness
b1719f256765fe32,경기,경기도 광명시 광명동 24-86번지,경기도 광명시 광삼로13번길 33 (광명동),10100,41210,10981758,,단독주택,1979,0,1,166.0,1,0,0,0,unknown,0.833,1,0,0,0,1,old_building
b19974ee4ecc483a,인천,인천광역시 중구 중앙동3가 4-8번지,인천광역시 중구 홍예문로 7 (중앙동3가),10300,28110,1054115518,,,2022,1,1,0.0,0,1,0,0,unknown,0.667,0,0,0,0,1,low_data_completeness
b19bc5308399d038,경기,경기도 구리시 갈매동 137-28번지,경기도 구리시 갈매순환로 235-8 (갈매동),10100,41310,11091261,,단독주택,1988,0,1,57.02,1,0,1,0,unknown,0.833,1,0,0,0,1,old_building
b19ed530d6d2a982,경기,경기도 고양시 덕양구 주교동 273-1번지,경기도 고양시 덕양구 원당로59번길 120 (주교동),10100,41281,11041103850,예중파크뷰아파트,,2022,1,1,0.0,0,1,0,0,unknown,0.667,0,0,0,0,1,low_data_completeness
b19f007d73fa2df0,서울,서울특별시 도봉구 쌍문동 8-18번지,서울특별시 도봉구 방학로5길 34 (쌍문동),10500,11320,10111100208614,쌍문2동 국공립 어린이집,어린이집,2017,0,2,1976.89,1,0,1,0,unknown,0.833,0,1,0,0,1,non_residential_main_use
b1caa446e1228449,인천,인천광역시 남동구 구월동 3-5번지,인천광역시 남동구 석산로 230-3 (구월동),10100,28200,1058127518,조은그린빌,,2022,1,1,0.0,0,1,0,0,unknown,0.667,0,0,0,0,1,low_data_completeness
b1cc5070edeaa9cd,경기,경기도 가평군 가평읍 읍내리 98-3번지,경기도 가평군 잎너비길 17-56 (가평읍 읍내리),25021,41820,113011999,,단독주택,2005,0,1,1117.25,1,0,1,0,unknown,0.833,1,0,0,0,1,old_building
b1d1a1933129faa6,서울,서울특별시 구로구 신도림동 270-2번지,서울특별시 구로구 경인로67길 159 (신도림동),10100,11530,10181100184000,,고등학교,2009,0,5,24946.86,1,0,1,0,unknown,0.833,0,1,1,0,1,non_residential_main_use|basement_or_unknown_floor
b1d52f631c3b720e,인천,인천광역시 미추홀구 숭의동 1-33번지,인천광역시 미추홀구 경인로 158 (숭의동),10100,28177,10561100265655,스카이스테이트,아파트,2017,0,5,2333.99,1,0,1,0,unknown,0.833,0,0,0,0,0,
b1e0d6f258361dc9,경기,경기도 과천시 문원동 15-53번지,경기도 과천시 공원마을6길 29 (문원동),10200,41290,110813640,우리빌,,2022,1,1,0.0,0,1,0,0,unknown,0.667,0,0,0,0,1,low_data_completeness
b1e7b2e24666a45c,인천,인천광역시 연수구 옥련동 118-44번지,인천광역시 연수구 한진로 77 (옥련동),10100,28185,1000000000000005573139,송도역 서해그랑블 더파크,,2025,1,1,0.0,0,1,0,0,unknown,0.667,0,0,0,0,1,low_data_completeness
b1e9ef0943a71cd4,인천,인천광역시 연수구 옥련동 118-19번지,인천광역시 연수구 비류대로144번길 23-6 (옥련동),10100,28185,105718323,,,2022,1,1,0.0,0,1,0,0,unknown,0.667,0,0,1,0,1,basement_or_unknown_floor|low_data_completeness
b1efd5f737849504,경기,경기도 광주시 경안동 20-16번지,경기도 광주시 광주대로 31 (경안동),10100,41610,1000000000000002747969,지에이타워,,2023,1,1,0.0,0,1,0,0,unknown,0.667,0,0,0,0,1,low_data_completeness
b200230e32e51b25,서울,서울특별시 노원구 월계동 12번지,서울특별시 노원구 마들로 127 (월계동),10200,11350,10121134246,,,2022,1,1,0.0,0,1,0,0,unknown,0.667,0,0,0,0,1,low_data_completeness
b211865c1e291afe,경기,경기도 김포시 북변동 202-2번지,경기도 김포시 봉화로 172 (북변동),10100,41570,112313664,,"근린생활시설, 노유자시설",1996,0,1,653.58,1,0,0,0,unknown,0.833,1,1,0,0,1,old_building|non_residential_main_use
b21367237ebdaea1,서울,서울특별시 강북구 미아동 3-230번지,서울특별시 강북구 도봉로18다길 21-7 (미아동),10100,11305,10101894,,단독주택,1998,0,1,149.0,1,0,0,0,unknown,0.833,1,0,0,0,1,old_building
b236228853d64a07,인천,인천광역시 연수구 옥련동 118-15번지,인천광역시 연수구 비류대로144번길 24-5 (옥련동),10100,28185,105718314,,,2022,1,1,0.0,0,1,0,0,unknown,0.667,0,0,1,0,1,basement_or_unknown_floor|low_data_completeness
b239dad3e1cc771d,경기,경기도 광주시 경안동 10-22번지,경기도 광주시 중앙로154번길 24 (경안동),10100,41610,11251100232558,,,2022,1,1,0.0,0,1,0,0,unknown,0.667,0,0,0,0,1,low_data_completeness
b244aefa0fb4cdbb,경기,경기도 구리시 갈매동 484-8번지,경기도 구리시 갈매길 113-13 (갈매동),10100,41310,11091100178544,,,2022,1,1,0.0,0,1,0,0,unknown,0.667,0,0,0,0,1,low_data_completeness
b24b475bc36dbd7a,서울,서울특별시 도봉구 쌍문동 21-5번지,서울특별시 도봉구 도봉로133길 50 (쌍문동),10500,11320,10111562,창동교회,종교시설,1995,0,1,0.0,1,0,0,0,unknown,0.833,1,1,0,0,1,old_building|non_residential_main_use
b24b6c73dd1b4feb,서울,서울특별시 강북구 미아동 3-106번지,서울특별시 강북구 오패산로30가길 14 (미아동),10100,11305,10101808,,단독주택,1968,0,1,93.0,1,0,0,0,unknown,0.833,1,0,0,0,1,old_building
b2592e164a436964,인천,인천광역시 동구 만석동 1-28번지,인천광역시 동구 보세로26번길 9 (만석동),10100,28140,10551100185382,,기타공장,2018,0,3,1776.6,1,0,1,0,unknown,0.833,0,1,0,0,1,non_residential_main_use
b259a0c7ec114e86,인천,인천광역시 서구 백석동 블록,인천광역시 서구 한들로 33 (백석동),10100,28260,1000000000000002032252,검암역 로열파크씨티 푸르지오 1단지,,2023,1,1,0.0,0,1,0,0,unknown,0.667,0,0,0,0,1,low_data_completeness
b285febed67c31d5,서울,서울특별시 관악구 봉천동 1-74번지,서울특별시 관악구 청림3길 43 (봉천동),10100,11620,1022133248,,단독주택,1984,0,2,215.07,1,0,1,0,unknown,0.833,1,0,0,0,1,old_building
b29242bb282a5087,인천,인천광역시 서구 백석동 58번지,인천광역시 서구 맑은누리로 430 (백석동),10100,28260,10611100320493,,분뇨및쓰레기처리시설,1999,0,1,0.0,1,0,0,0,unknown,0.833,1,1,0,0,1,old_building|non_residential_main_use
b2ae74afa9ab5236,인천,인천광역시 중구 중앙동3가 4-8번지,인천광역시 중구 홍예문로 7 (중앙동3가),10300,28110,1054115526,,,2022,1,1,0.0,0,1,0,0,unknown,0.667,0,0,0,0,1,low_data_completeness
b2c633de4b1358d1,경기,경기도 고양시 일산동구 식사동 13-8번지,,10100,41285,11041100436823,훈련물자창고,국방ㆍ군사시설,1976,0,1,652323.62,1,0,1,0,unknown,0.833,1,1,0,0,1,old_building|non_residential_main_use
b2d17e2712f620b1,경기,경기도 가평군 가평읍 읍내리 98-5번지,경기도 가평군 잎너비길 17-50 (가평읍 읍내리),25021,41820,11301100195966,,다가구주택,2012,0,2,908.0,1,0,1,0,unknown,0.833,0,0,0,0,0,
b2d20cf05b28e556,서울,서울특별시 도봉구 쌍문동 19-12번지,서울특별시 도봉구 도당로2길 12-13 (쌍문동),10500,11320,10111556,시립도봉노인종합복지관,노유자시설,2000,0,1,1708.0,1,0,0,0,unknown,0.833,1,1,0,0,1,old_building|non_residential_main_use
b2d9f2dfcda05043,인천,인천광역시 강화군 강화읍 신문리 205-5번지,인천광역시 강화군 강화대로 429 (강화읍 신문리),25021,28710,1062135790,중앙시장,,2022,1,1,0.0,0,1,0,0,unknown,0.667,0,0,1,0,1,basement_or_unknown_floor|low_data_completeness
b2e67955d99bbbd2,서울,서울특별시 강동구 명일동 39번지,서울특별시 강동구 명일로 364 (명일동),10100,11740,10261100202005,서울명원초등학교,교육연구시설(학교),2012,0,1,0.0,1,0,0,0,unknown,0.833,0,1,0,0,1,non_residential_main_use
b2ea719600a439c5,경기,경기도 김포시 북변동 200-6번지,경기도 김포시 봉화로 164-4 (북변동),10100,41570,1000000000000002665910,MU빌리지,,2023,1,1,0.0,0,1,0,0,unknown,0.667,0,0,0,0,1,low_data_completeness
b2f42c3d302e5b59,인천,인천광역시 중구 중앙동1가 6-1번지,인천광역시 중구 신포로27번길 85 (중앙동1가),10100,28110,10541598,,소매점,1970,0,2,161.78,1,0,1,0,unknown,0.833,1,1,0,0,1,old_building|non_residential_main_use
b2f658b34415626f,경기,경기도 고양시 덕양구 주교동 272-1번지,경기도 고양시 덕양구 원당로59번길 94-7 (주교동),10100,41281,11041117546,윤창아파트,,2022,1,1,0.0,0,1,0,0,unknown,0.667,0,0,1,0,1,basement_or_unknown_floor|low_data_completeness
b303e9f90941a9b6,경기,경기도 가평군 가평읍 읍내리 81-2번지,경기도 가평군 잎너비길 17-80 (가평읍 읍내리),25021,41820,11301100179791,,교육(연수)원,2008,0,1,39.6,1,0,1,0,unknown,0.833,0,1,0,0,1,non_residential_main_use
b30be47af00d8fb4,인천,인천광역시 계양구 효성동 1-14번지,인천광역시 계양구 길마로88번길 11 (효성동),10100,28245,1060113237,원익그린맨션,,2022,1,1,0.0,0,1,0,0,unknown,0.667,0,0,0,0,1,low_data_completeness
b30e4b12567f1863,서울,서울특별시 강서구 염창동 20-31번지,서울특별시 강서구 양천로65길 41-35 (염창동),10100,11500,1017116338,,기타공장,1982,0,3,1551.22,1,0,1,0,unknown,0.833,1,1,0,0,1,old_building|non_residential_main_use
b33a0253c9edc10d,경기,경기도 고양시 일산서구 일산동 524-16번지,경기도 고양시 일산서구 일중로 17 (일산동),10100,41287,11041325945,포오스프라자,,2022,1,1,0.0,0,1,0,0,unknown,0.667,0,0,0,0,1,low_data_completeness
b3706c87049466c0,인천,인천광역시 동구 만석동 1-79번지,인천광역시 동구 보세로26번길 24-17 (만석동),10100,28140,10551100183862,,공장,2016,0,1,1024.6,1,0,0,0,unknown,0.833,0,1,0,0,1,non_residential_main_use
b3750b050db5f55d,인천,인천광역시 남동구 구월동 3-26번지,인천광역시 남동구 석산로228번길 29 (구월동),10100,28200,10581100331196,삼성주택,,2022,1,1,0.0,0,1,0,0,unknown,0.667,0,0,0,0,1,low_data_completeness
b3774098dd74a612,서울,서울특별시 강서구 등촌동 14-7번지,서울특별시 강서구 양천로 424 (등촌동),10200,11500,10171100352523,가양역 데시앙플렉스 지식산업센터,기타공장,2022,0,2,86.19,0,0,0,1,unknown,0.833,0,1,1,0,1,non_residential_main_use|basement_or_unknown_floor
b3909b2b8a0498f5,서울,서울특별시 금천구 가산동 32-11번지,서울특별시 금천구 벚꽃로52길 8 (가산동),10100,11545,1019112694,,다가구 주택(5가구),1992,0,1,88.5,1,0,0,0,unknown,0.833,1,0,0,0,1,old_building
b3ba15ef7c41d0d5,인천,인천광역시 강화군 강화읍 신문리 205-5번지,인천광역시 강화군 강화대로 429 (강화읍 신문리),25021,28710,1062135748,중앙시장,,2022,1,1,0.0,0,1,0,0,unknown,0.667,0,0,1,0,1,basement_or_unknown_floor|low_data_completeness
b3bc4151551d040a,경기,경기도 과천시 관문동 71-10번지,경기도 과천시 산마을길 57 (관문동),10100,41290,11081154,,단독주택,2000,0,2,1489.44,1,0,1,0,unknown,0.833,1,0,0,0,1,old_building
b3e2b7f8d54c73d3,경기,경기도 광명시 광명동 24-52번지,경기도 광명시 광명로928번길 41-16 (광명동),10100,41210,10981100234265,,제2종근린생활시설(교회),2020,0,1,293.0,1,0,0,0,unknown,0.833,0,1,0,0,1,non_residential_main_use
b3e2ff1ca4634c0e,인천,인천광역시 서구 백석동 28-6번지,인천광역시 서구 아라로51번길 68 (백석동),10100,28260,10611100192752,,마을공동구판장,2009,0,2,2148.0,1,0,1,0,unknown,0.833,0,1,0,0,1,non_residential_main_use
b3e7ffb3e031ed2c,서울,서울특별시 강서구 염창동 65번지,서울특별시 강서구 양천로67길 71-3 (염창동),10100,11500,10171100318474,진영리버타운,,2022,1,1,0.0,0,1,0,0,unknown,0.667,0,0,0,0,1,low_data_completeness
b3e9fbd6535024c2,인천,인천광역시 동구 만석동 1-53번지,인천광역시 동구 보세로26번길 24-36 (만석동),10100,28140,10551100181540,,,2022,1,1,0.0,0,1,0,0,unknown,0.667,0,0,0,0,1,low_data_completeness
b3ed54a36539cd00,인천,인천광역시 서구 백석동 블록,인천광역시 서구 한들로 73 (백석동),10100,28260,1000000000000002036528,검암역 로열파크씨티 푸르지오 2단지,,2023,1,1,0.0,0,1,0,0,unknown,0.667,0,0,0,0,1,low_data_completeness
b408f10c4f738b0d,서울,서울특별시 금천구 가산동 5-24번지,서울특별시 금천구 벚꽃로56길 18 (가산동),10100,11545,1019115949,,단독주택,1993,0,4,361.99,1,0,1,0,unknown,0.833,1,0,0,0,1,old_building
b40a2bf5bbfae62a,인천,인천광역시 중구 중앙동3가 4-8번지,인천광역시 중구 홍예문로 7 (중앙동3가),10300,28110,1054115544,,,2022,1,1,0.0,0,1,0,0,unknown,0.667,0,0,0,0,1,low_data_completeness
b40afd9cdf953d6f,서울,서울특별시 도봉구 쌍문동 21-5번지,서울특별시 도봉구 도봉로133길 50 (쌍문동),10500,11320,10111100194228,창동교회,종교시설,2012,0,1,0.0,1,0,0,0,unknown,0.833,0,1,0,0,1,non_residential_main_use
b4137a5a01bcf1b7,경기,경기도 광명시 광명동 24-56번지,경기도 광명시 광삼로13번길 27 (광명동),10100,41210,1098117399,,,2022,1,1,0.0,0,1,0,0,unknown,0.667,0,0,1,0,1,basement_or_unknown_floor|low_data_completeness
b4138c64e230e569,서울,서울특별시 강동구 명일동 15번지,서울특별시 강동구 고덕로 210 (명일동),10100,11740,1026138261,삼익그린맨션,,2022,1,1,0.0,0,1,0,0,unknown,0.667,0,0,0,0,1,low_data_completeness
b42252130e43a827,서울,서울특별시 금천구 가산동 35-5번지,서울특별시 금천구 벚꽃로48길 8 (가산동),10100,11545,1019144631,가산빌라,,2022,1,1,0.0,0,1,0,0,unknown,0.667,0,0,0,0,1,low_data_completeness
b4360d0e8da97114,서울,서울특별시 강동구 명일동 15번지,서울특별시 강동구 고덕로 210 (명일동),10100,11740,102611205,삼익그린맨션,아파트,1983,0,15,9028.41,1,0,1,0,unknown,0.833,1,0,0,0,1,old_building
b455149ca3d41b94,경기,경기도 구리시 갈매동 510번지,경기도 구리시 갈매순환로204번길 65 (갈매동),10100,41310,11091100207186,구리 스마트벤처타워,,2022,1,1,0.0,0,1,0,0,unknown,0.667,0,0,0,0,1,low_data_completeness
b45a71958ac61daa,인천,인천광역시 계양구 효성동 1-11번지,인천광역시 계양구 길마로88번길 5 (효성동),10100,28245,1060113202,원익그린맨션,,2022,1,1,0.0,0,1,0,0,unknown,0.667,0,0,0,0,1,low_data_completeness
b461e39065a13ab1,서울,서울특별시 강남구 역삼동 603-5번지,서울특별시 강남구 봉은사로 138 (역삼동),10100,11680,10241100249479,더스위트캐슬,오피스텔,2022,0,4,31.565,0,0,0,1,unknown,0.833,0,0,1,0,1,basement_or_unknown_floor
b4644565c87a6f34,인천,인천광역시 서구 백석동 28-8번지,인천광역시 서구 아라로51번길 72-10 (백석동),10100,28260,10611100195008,,창고,2009,0,1,450.0,1,0,1,0,unknown,0.833,0,1,0,0,1,non_residential_main_use
b47352b8778214d7,서울,서울특별시 강북구 미아동 3-199번지,서울특별시 강북구 오현로9길 29 (미아동),10100,11305,1010130938,,,2022,1,1,0.0,0,1,0,0,unknown,0.667,0,0,0,0,1,low_data_completeness
b4854ecb6cfaed24,서울,서울특별시 강동구 명일동 15번지,서울특별시 강동구 고덕로 210 (명일동),10100,11740,1026139262,삼익그린맨션,,2022,1,1,0.0,0,1,0,0,unknown,0.667,0,0,0,0,1,low_data_completeness
b4be55f722c7f845,경기,경기도 광주시 경안동 10-23번지,경기도 광주시 중앙로154번길 26 (경안동),10100,41610,11251100232555,,,2022,1,1,0.0,0,1,0,0,unknown,0.667,0,0,0,0,1,low_data_completeness
b4c890735711056b,경기,경기도 가평군 가평읍 읍내리 76-3번지,경기도 가평군 잎너비길 17-177 (가평읍 읍내리),25021,41820,11301100191379,,단독주택,2011,0,2,46.55,1,0,1,0,unknown,0.833,0,0,0,0,0,
b4dc26b9a7722875,서울,서울특별시 금천구 가산동 32-43번지,서울특별시 금천구 벚꽃로50길 15 (가산동),10100,11545,1019112865,,다가구용단독주택(3가구),1991,0,1,0.0,1,0,0,0,unknown,0.833,1,0,0,0,1,old_building
b4e92f9989a8d342,서울,서울특별시 도봉구 쌍문동 21-49번지,서울특별시 도봉구 도봉로133길 40-6 (쌍문동),10500,11320,101114176,,다세대주택,1993,0,1,375.0,1,0,0,0,unknown,0.833,1,0,0,0,1,old_building
b5197cbaf722fe8c,경기,경기도 군포시 당동 133-10번지,경기도 군포시 군포역1길 31 (당동),10100,41410,11131552,군포역공중화장실,제1종근린생활시설,2005,0,1,2705.0,1,0,0,0,unknown,0.833,1,1,0,0,1,old_building|non_residential_main_use
b51c9542a530014a,경기,경기도 구리시 갈매동 510번지,경기도 구리시 갈매순환로204번길 65 (갈매동),10100,41310,11091100207135,구리 스마트벤처타워,,2022,1,1,0.0,0,1,0,0,unknown,0.667,0,0,0,0,1,low_data_completeness
b5236474608eb3c5,서울,서울특별시 광진구 중곡동 18-24번지,서울특별시 광진구 용마산로24길 13 (중곡동),10100,11215,100618032,신향빌라,연립주택,1986,0,1,0.0,1,0,0,0,unknown,0.833,1,0,0,0,1,old_building
b5266a339eaf20e6,경기,경기도 고양시 덕양구 주교동 191-7번지,경기도 고양시 덕양구 고양대로1290번길 28 (주교동),10100,41281,11041100224932,,소매점,2011,0,3,557.99,1,0,1,0,unknown,0.833,0,1,0,0,1,non_residential_main_use
b52d797d4308f1f7,인천,인천광역시 미추홀구 숭의동 1-11번지,인천광역시 미추홀구 경인로 148 (숭의동),10100,28177,10561100237078,다우림,,2022,1,1,0.0,0,1,0,0,unknown,0.667,0,0,0,0,1,low_data_completeness
b53082d685c9ae2f,서울,서울특별시 구로구 신도림동 280-23번지,서울특별시 구로구 신도림로11라길 50 (신도림동),10100,11530,101811113,,"주택, 근린생활시설, 연립주택, 위험물저장및처리시설, 점포",1976,0,1,0.0,1,0,0,0,unknown,0.833,1,0,0,0,1,old_building
b53e07964277086d,서울,서울특별시 강북구 미아동 3-12번지,서울특별시 강북구 오현로9길 13 (미아동),10100,11305,10101100195794,,,2022,1,1,0.0,0,1,0,0,unknown,0.667,0,0,0,0,1,low_data_completeness
b545bb5a8f05a675,서울,서울특별시 강동구 명일동 15번지,서울특별시 강동구 고덕로 210 (명일동),10100,11740,1026138651,삼익그린맨션,,2022,1,1,0.0,0,1,0,0,unknown,0.667,0,0,0,0,1,low_data_completeness
b546db453e61f552,인천,인천광역시 옹진군 북도면 시도리 46-7번지,인천광역시 옹진군 시도로86번길 291-93 (북도면 시도리),31021,28720,10631100195739,,사무소,2016,0,2,656.03,1,0,1,0,unknown,0.833,0,1,0,0,1,non_residential_main_use
b55eec90187b8173,경기,경기도 고양시 덕양구 주교동 213-7번지,경기도 고양시 덕양구 원당로33번길 57 (주교동),10100,41281,1104119230,,제2종근린생활시설,2004,0,1,330.0,1,0,0,0,unknown,0.833,1,1,0,0,1,old_building|non_residential_main_use
b56953cd50aea990,경기,경기도 가평군 가평읍 읍내리 214번지,경기도 가평군 가평제방길 233 (가평읍 읍내리),25021,41820,1000000000000002714778,힐스테이트 가평 더뉴클래스,,2023,1,1,0.0,0,1,0,0,unknown,0.667,0,0,0,0,1,low_data_completeness
b56c6fcf6ed2349c,서울,서울특별시 관악구 봉천동 1-485번지,서울특별시 관악구 청림3길 60 (봉천동),10100,11620,1022121650,,공동주택 외1,1993,0,1,131.39,1,0,0,0,unknown,0.833,1,0,0,0,1,old_building
b588aa9dd8c18303,서울,서울특별시 강남구 대치동 511번지,서울특별시 강남구 삼성로 150 (대치동),10600,11680,1024125572,한보미도맨션209동,,2022,1,1,0.0,0,1,0,0,unknown,0.667,0,0,0,0,1,low_data_completeness
b59da98a6cdeeafd,서울,서울특별시 강동구 명일동 42번지,서울특별시 강동구 고덕로62길 76 (명일동),10100,11740,102611812,우성아파트,아파트,1986,0,1,0.0,1,0,0,0,unknown,0.833,1,0,0,0,1,old_building
b5a2bb2a47d9fbc9,인천,인천광역시 중구 중앙동1가 8번지,인천광역시 중구 신포로23번길 88 (중앙동1가),10100,28110,10541601,,소매점,1993,0,3,390.53,1,0,1,0,unknown,0.833,1,1,0,0,1,old_building|non_residential_main_use
b5a3fa0f4d7dc29a,경기,경기도 고양시 덕양구 주교동 223-7번지,,10100,41281,110417717,,보일러실.노인정회관.회의실,1988,0,1,0.0,1,0,0,0,unknown,0.833,1,1,0,0,1,old_building|non_residential_main_use
b5b2feec5b19b788,인천,인천광역시 연수구 옥련동 118-19번지,인천광역시 연수구 비류대로144번길 23-6 (옥련동),10100,28185,105718327,,,2022,1,1,0.0,0,1,0,0,unknown,0.667,0,0,1,0,1,basement_or_unknown_floor|low_data_completeness
b5b30b24285a072c,경기,경기도 고양시 덕양구 주교동 38-13번지,경기도 고양시 덕양구 원당로 112 (주교동),10100,41281,11041100458194,고양 엘림프라자,,2022,1,1,0.0,0,1,0,0,unknown,0.667,0,0,0,0,1,low_data_completeness
b5b5dc5dc2316a3f,서울,서울특별시 강서구 염창동 65번지,서울특별시 강서구 양천로67길 71-3 (염창동),10100,11500,10171100318507,진영리버타운,,2022,1,1,0.0,0,1,0,0,unknown,0.667,0,0,0,0,1,low_data_completeness
b5b6c27ce85f687c,인천,인천광역시 옹진군 북도면 시도리 50-5번지,인천광역시 옹진군 시도로86번길 291-75 (북도면 시도리),31021,28720,10631100206220,,단독주택,2019,0,1,7.2,1,0,1,0,unknown,0.833,0,0,0,0,0,
b5c1dd2a40684a3f,서울,서울특별시 강남구 대치동 511번지,서울특별시 강남구 삼성로 150 (대치동),10600,11680,1024125058,,,2022,1,1,0.0,0,1,0,0,unknown,0.667,0,0,0,0,1,low_data_completeness
b5c4f8a841717779,경기,경기도 광주시 경안동 12-3번지,경기도 광주시 광주대로71번길 17 (경안동),10100,41610,11251100191632,,단독주택,2010,0,1,300.0,1,0,0,0,unknown,0.833,0,0,0,0,0,
b5cc2169c6f0b480,서울,서울특별시 구로구 신도림동 271-25번지,서울특별시 구로구 신도림로19길 144 (신도림동),10100,11530,10181100189282,신도림삼성쉐르빌 1,,2022,1,1,0.0,0,1,0,0,unknown,0.667,0,0,0,0,1,low_data_completeness
b5cc4fd75f3af2c6,경기,경기도 광명시 광명동 26-10번지,경기도 광명시 광명로928번길 42-6 (광명동),10100,41210,10981767,,단독주택,1977,0,1,132.0,1,0,0,0,unknown,0.833,1,0,0,0,1,old_building
b5e6d9b4ecaf97ec,서울,서울특별시 도봉구 쌍문동 19-20번지,서울특별시 도봉구 도당로2길 16 (쌍문동),10500,11320,101114171,동일씨티빌아파트,아파트,2004,0,1,694.0,1,0,0,0,unknown,0.833,1,0,0,0,1,old_building
b601793426bfd482,인천,인천광역시 남동구 구월동 3-61번지,인천광역시 남동구 석산로228번길 30 (구월동),10100,28200,105811866,,단독주택,1983,0,1,0.0,1,0,0,0,unknown,0.833,1,0,0,0,1,old_building
b613c30928d14d2f,인천,인천광역시 미추홀구 숭의동 1-10번지,인천광역시 미추홀구 경인로 150 (숭의동),10100,28177,10561100237781,한우리,,2022,1,1,0.0,0,1,0,0,unknown,0.667,0,0,0,0,1,low_data_completeness
b622d5651d7e0134,경기,경기도 김포시 북변동 167-2번지,경기도 김포시 중봉로115번길 42-29 (북변동),10100,41570,11231100211197,,창고시설,2010,0,1,800.0,1,0,0,0,unknown,0.833,0,1,0,0,1,non_residential_main_use
b62f87afa7e6e194,인천,인천광역시 강화군 강화읍 신문리 5-7번지,인천광역시 강화군 강화대로393번길 5 (강화읍 신문리),25021,28710,10621100183047,,의료시설,2010,0,1,0.0,1,0,0,0,unknown,0.833,0,1,0,0,1,non_residential_main_use
b63cccaecd4a61bc,인천,인천광역시 옹진군 북도면 신도리 514-2번지,인천광역시 옹진군 신도로896번길 31 (북도면 신도리),31022,28720,106318373,영광빌라,,2022,1,1,0.0,0,1,0,0,unknown,0.667,0,0,0,0,1,low_data_completeness
b6411c081d983567,인천,인천광역시 서구 백석동 18-2번지,인천광역시 서구 독정로 26-17 (백석동),10100,28260,10611100419045,백석동 18-2 제1종근린생활시설,소매점,2022,0,3,1110.2,1,0,1,0,unknown,0.833,0,1,1,0,1,non_residential_main_use|basement_or_unknown_floor
b644a1e0f426ea9d,서울,서울특별시 강북구 미아동 3-10번지,서울특별시 강북구 오현로9길 19 (미아동),10100,11305,1010130842,,연립주택,2022,1,1,39.69,0,1,0,1,unknown,0.833,0,0,0,0,0,
b64b2ac383494525,경기,경기도 가평군 가평읍 읍내리 57-1번지,경기도 가평군 잎너비길 35-124 (가평읍 읍내리),25021,41820,11301100194840,,단독주택,2011,0,1,705.25,1,0,1,0,unknown,0.833,0,0,0,0,0,
b64c1cf868f5650e,인천,인천광역시 남동구 구월동 3-8번지,인천광역시 남동구 석산로 230 (구월동),10100,28200,10581100314408,호진다온채,,2022,1,1,0.0,0,1,0,0,unknown,0.667,0,0,0,0,1,low_data_completeness
b64f722cc3715666,서울,서울특별시 강남구 역삼동 754번지,서울특별시 강남구 역삼로 306 (역삼동),10100,11680,1024124689,개나리 래미안,,2022,1,1,0.0,0,1,0,0,unknown,0.667,0,0,0,0,1,low_data_completeness
b64f883d88ca838b,인천,인천광역시 중구 중앙동3가 4-8번지,인천광역시 중구 홍예문로 7 (중앙동3가),10300,28110,1054115491,,,2022,1,1,0.0,0,1,0,0,unknown,0.667,0,0,0,0,1,low_data_completeness
b672fd6df586e48c,경기,경기도 고양시 덕양구 주교동 220-9번지,경기도 고양시 덕양구 대주로 499 (주교동),10100,41281,1104111326,,창고,1995,0,1,4509.0,1,0,0,0,unknown,0.833,1,1,0,0,1,old_building|non_residential_main_use
b689c0e8adec71fc,서울,서울특별시 강서구 가양동 14-3번지,서울특별시 강서구 양천로 489 (가양동),10400,11500,1017130264,가양우성아파트,아파트,2022,0,2,104.85,0,0,0,1,unknown,0.833,0,0,0,0,0,
b68c7e4545ea9141,경기,경기도 구리시 갈매동 142-23번지,,10100,41310,11091100219397,휴게실2,교정및군사시설,1991,0,1,13141.0,1,0,0,0,unknown,0.833,1,1,0,0,1,old_building|non_residential_main_use
b69214cac4461ca7,서울,서울특별시 강북구 미아동 3-11번지,서울특별시 강북구 오현로9길 17 (미아동),10100,11305,10101100194974,동방플러스빌,,2022,1,1,0.0,0,1,0,0,unknown,0.667,0,0,0,0,1,low_data_completeness
b6995faee7fefc71,인천,인천광역시 옹진군 북도면 시도리 133-1번지,인천광역시 옹진군 시도로104번길 105-51 (북도면 시도리),31021,28720,1000000000000006991726,,제2종근린생활시설,2026,0,1,199.0,1,0,0,0,unknown,0.833,0,1,0,0,1,non_residential_main_use
b69cdf78352e682d,경기,경기도 고양시 일산동구 식사동 236-6번지,경기도 고양시 일산동구 견달산로210번길 45-11 (식사동),10100,41285,11041100218293,루미나리,,2022,1,1,0.0,0,1,0,0,unknown,0.667,0,0,0,0,1,low_data_completeness
b69e2df6c77e02d0,경기,경기도 고양시 일산동구 식사동 236-6번지,경기도 고양시 일산동구 견달산로210번길 45-11 (식사동),10100,41285,11041100218305,루미나리,,2022,1,1,0.0,0,1,0,0,unknown,0.667,0,0,0,0,1,low_data_completeness
b6a94b3b539ca77d,인천,인천광역시 남동구 구월동 3-29번지,인천광역시 남동구 석산로 224 (구월동),10100,28200,105811839,,"근린시설, 주택",1991,0,1,0.0,1,0,0,0,unknown,0.833,1,0,0,0,1,old_building
b6b577dfd20c4eac,인천,인천광역시 옹진군 북도면 시도리 1-29번지,인천광역시 옹진군 시도로86번길 394 (북도면 시도리),31021,28720,10631100172148,,단독주택,2008,0,2,904.44,1,0,1,0,unknown,0.833,0,0,0,0,0,
b6b68119bc2c0644,서울,서울특별시 강서구 가양동 14-3번지,서울특별시 강서구 양천로 489 (가양동),10400,11500,1017130129,가양우성아파트,기타제1종근린생활시설,2022,0,1,55.51,0,0,0,1,unknown,0.833,0,1,0,0,1,non_residential_main_use
b6c3ff315dc5d06c,경기,경기도 광주시 경안동 9-43번지,경기도 광주시 광주대로71번길 9-8 (경안동),10100,41610,1125114775,,단독주택,1986,0,2,127.8,1,0,1,0,unknown,0.833,1,0,0,0,1,old_building
b6e1557c11b6985c,서울,서울특별시 강서구 염창동 66-9번지,서울특별시 강서구 양천로67길 77 (염창동),10100,11500,101713832,,"판매시설, 근린생활시설",1990,0,1,0.0,1,0,0,0,unknown,0.833,1,1,0,0,1,old_building|non_residential_main_use
b6e3cd1a616ce716,인천,인천광역시 강화군 강화읍 신문리 4-2번지,인천광역시 강화군 강화대로393번길 10 (강화읍 신문리),25021,28710,1062120114,,근린생활시설,1997,0,1,933.0,1,0,0,0,unknown,0.833,1,1,0,0,1,old_building|non_residential_main_use
b710791975b54f6e,경기,경기도 고양시 일산동구 식사동 231-1번지,경기도 고양시 일산동구 견달산로210번길 47-5 (식사동),10100,41285,11041100324896,드림팰리스,,2022,1,1,0.0,0,1,0,0,unknown,0.667,0,0,0,0,1,low_data_completeness
b710eae36a2d80ec,경기,경기도 김포시 북변동 169-11번지,경기도 김포시 중봉로115번길 46 (북변동),10100,41570,11231100511833,,제1종근린생활시설,2022,0,1,1000.0,1,0,0,0,unknown,0.833,0,1,0,0,1,non_residential_main_use
b7190132ef096fc2,서울,서울특별시 금천구 가산동 7-13번지,서울특별시 금천구 벚꽃로 338-6 (가산동),10100,11545,1019114455,,다가구용단독주택(3가구),1995,0,1,88.9,1,0,0,0,unknown,0.833,1,0,0,0,1,old_building
b7197494e232f926,서울,서울특별시 금천구 가산동 5-34번지,서울특별시 금천구 벚꽃로 340-5 (가산동),10100,11545,1019116172,,다가구주택,1993,0,2,228.42,1,0,1,0,unknown,0.833,1,0,0,0,1,old_building
b7414f5745c496cb,경기,경기도 구리시 갈매동 136-26번지,경기도 구리시 경춘북로303번길 7-16 (갈매동),10100,41310,11091253,,단독주택,1950,0,1,44.28,1,0,1,0,unknown,0.833,1,0,0,0,1,old_building
b75e635e4f864479,인천,인천광역시 부평구 부평동 10-228번지,인천광역시 부평구 길주남로 112-19 (부평동),10100,28237,10591142144,,,2022,1,1,0.0,0,1,0,0,unknown,0.667,0,0,0,0,1,low_data_completeness
b762089e8b087cfa,서울,서울특별시 강남구 역삼동 601-23번지,서울특별시 강남구 봉은사로4길 9 (역삼동),10100,11680,10241119669,,다세대주택,2022,0,2,47.79,0,0,0,1,unknown,0.833,0,0,1,0,1,basement_or_unknown_floor
b77a0214011202cb,경기,경기도 가평군 가평읍 읍내리 214번지,경기도 가평군 가평제방길 233 (가평읍 읍내리),25021,41820,1000000000000002714710,힐스테이트 가평 더뉴클래스,,2023,1,1,0.0,0,1,0,0,unknown,0.667,0,0,0,0,1,low_data_completeness
b780e23e7e736b58,서울,서울특별시 도봉구 쌍문동 11-5번지,서울특별시 도봉구 도봉로139길 102 (쌍문동),10500,11320,1011117042,선우아파트,,2022,1,1,0.0,0,1,0,0,unknown,0.667,0,0,0,0,1,low_data_completeness
b7862da946a09e9f,서울,서울특별시 광진구 중곡동 18-74번지,서울특별시 광진구 용마산로 114 (중곡동),10100,11215,10061772,,"근린생활시설, 주택",1989,0,1,0.0,1,0,0,0,unknown,0.833,1,0,0,0,1,old_building
b78c2e26a8d628b6,경기,경기도 김포시 북변동 200-7번지,경기도 김포시 봉화로 162-1 (북변동),10100,41570,11231100515333,,,2022,1,1,0.0,0,1,0,0,unknown,0.667,0,0,0,0,1,low_data_completeness
b78fdd6014a1ef93,인천,인천광역시 연수구 옥련동 116-49번지,인천광역시 연수구 비류대로156번길 10 (옥련동),10100,28185,10571642,,주택,1985,0,1,0.0,1,0,0,0,unknown,0.833,1,0,0,0,1,old_building
b7d80215f26d60d4,인천,인천광역시 부평구 부평동 10-234번지,인천광역시 부평구 주부토로100번길 12 (부평동),10100,28237,10591181766,궁전빌라,,2022,1,1,0.0,0,1,0,0,unknown,0.667,0,0,0,0,1,low_data_completeness
b7e3b327f96e31f4,서울,서울특별시 광진구 중곡동 18-23번지,서울특별시 광진구 용마산로 138 (중곡동),10100,11215,1006127438,,,2022,1,1,0.0,0,1,0,0,unknown,0.667,0,0,0,0,1,low_data_completeness
b805aa615d606e40,서울,서울특별시 광진구 중곡동 18-3번지,서울특별시 광진구 용마산로28길 6 (중곡동),10100,11215,10061100205906,,,2022,1,1,0.0,0,1,0,0,unknown,0.667,0,0,0,0,1,low_data_completeness
b81b5e08b0f05f24,경기,경기도 광주시 경안동 10-23번지,경기도 광주시 중앙로154번길 26 (경안동),10100,41610,11251100232552,,,2022,1,1,0.0,0,1,0,0,unknown,0.667,0,0,0,0,1,low_data_completeness
b82a8a9cc5a4d755,경기,경기도 가평군 가평읍 읍내리 214번지,경기도 가평군 가평제방길 233 (가평읍 읍내리),25021,41820,1000000000000002714935,힐스테이트 가평 더뉴클래스,,2023,1,1,0.0,0,1,0,0,unknown,0.667,0,0,0,0,1,low_data_completeness
b8376b2796986e9e,인천,인천광역시 미추홀구 숭의동 1-152번지,인천광역시 미추홀구 경인로142번길 19-13 (숭의동),10100,28177,105612227,,주택,1974,0,1,0.0,1,0,0,0,unknown,0.833,1,0,0,0,1,old_building
b83f240a0a57c082,서울,서울특별시 도봉구 쌍문동 20-16번지,서울특별시 도봉구 도당로 2 (쌍문동),10500,11320,10111561,,제2종근린생활시설,2000,0,1,430.0,1,0,0,0,unknown,0.833,1,1,0,0,1,old_building|non_residential_main_use
b84066113d00f653,인천,인천광역시 부평구 부평동 10-21번지,인천광역시 부평구 주부토로100번길 7 (부평동),10100,28237,1059138555,로얄하이츠빌라,다세대주택,1992,0,3,552.49,1,0,1,0,unknown,0.833,1,0,0,0,1,old_building
b8562d8234ccc6ba,서울,서울특별시 금천구 가산동 4-9번지,서울특별시 금천구 벚꽃로56길 16 (가산동),10100,11545,101913314,,단독주택,1992,0,3,277.2,1,0,1,0,unknown,0.833,1,0,0,0,1,old_building
b8629d2bdef9e75a,서울,서울특별시 강남구 역삼동 601-25번지,서울특별시 강남구 강남대로110길 19-4 (역삼동),10100,11680,1024179340,,다세대주택,2022,0,1,52.26,0,0,0,1,unknown,0.833,0,0,0,0,0,
b864367b7ab6b9e0,인천,인천광역시 동구 만석동 5-20번지,인천광역시 동구 인중로 440 (만석동),10100,28140,1055112109,서해그린빌라,,2022,1,1,0.0,0,1,0,0,unknown,0.667,0,0,1,0,1,basement_or_unknown_floor|low_data_completeness
b868d894e318c518,서울,서울특별시 구로구 신도림동 276-27번지,서울특별시 구로구 경인로67나길 51 (신도림동),10100,11530,1000000000000000170930,J 1 오피스텔,"업무시설(오피스텔-13호),제2종근린생활시설(일반음식점)",2022,0,1,256.0,1,0,0,0,unknown,0.833,0,0,0,0,0,
b871bf482d1b6fc4,인천,인천광역시 계양구 효성동 1-17번지,인천광역시 계양구 새벌로 191 (효성동),10100,28245,106012047,그린파크,다세대주택,2002,0,5,556.64,1,0,1,0,unknown,0.833,1,0,0,0,1,old_building
b8727b6223920746,서울,서울특별시 강서구 방화동 128-1번지,서울특별시 강서구 방화대로52가길 36 (방화동),10900,11500,10171167861,한림빌리지,연립주택,2022,0,2,92.11,0,0,0,1,unknown,0.833,0,0,1,0,1,basement_or_unknown_floor
b87f3c7a3feacb70,서울,서울특별시 노원구 월계동 13번지,서울특별시 노원구 마들로 111 (월계동),10200,11350,101211574,,경비실,1986,0,1,0.0,1,0,0,0,unknown,0.833,1,1,0,0,1,old_building|non_residential_main_use
b880333f06181946,경기,경기도 군포시 당동 64-6번지,경기도 군포시 군포로580번길 7 (당동),10100,41410,111312245,,다세대주택,2002,0,1,158.0,1,0,0,0,unknown,0.833,1,0,0,0,1,old_building
b8820581b736b532,경기,경기도 고양시 일산동구 식사동 7-6번지,경기도 고양시 일산동구 사리현로 49 (식사동),10100,41285,1000000000000003139823,,사무소,2024,0,1,1609.0,1,0,1,0,unknown,0.833,0,1,0,0,1,non_residential_main_use
b8975f1a2ab580cf,서울,서울특별시 강남구 역삼동 601-3번지,서울특별시 강남구 봉은사로2길 3 (역삼동),10100,11680,10241100197247,이수빌딩,일반음식점,2009,0,2,373.7,1,0,1,0,unknown,0.833,0,1,0,0,1,non_residential_main_use
b89cdec3c8446400,경기,경기도 고양시 일산동구 식사동 210-1번지,경기도 고양시 일산동구 사리현로 24-75 (식사동),10100,41285,11041204927,,,2022,1,1,0.0,0,1,0,0,unknown,0.667,0,0,1,0,1,basement_or_unknown_floor|low_data_completeness
b89f8f7471f61032,경기,경기도 가평군 가평읍 읍내리 128-1번지,경기도 가평군 잎너비길 30 (가평읍 읍내리),25021,41820,11301100199566,,창고시설,2012,0,1,650.0,1,0,0,0,unknown,0.833,0,1,0,0,1,non_residential_main_use
b8afb90f9afdc43a,경기,경기도 광주시 경안동 10-1번지,경기도 광주시 중앙로154번길 22 (경안동),10100,41610,11251100229517,,다가구주택,2013,0,4,375.55,1,0,1,0,unknown,0.833,0,0,0,0,0,
b8b07a9bff96ce24,인천,인천광역시 동구 만석동 2-23번지,인천광역시 동구 만석부두로 16-3 (만석동),10100,28140,10551237,11동,공장,2001,0,1,0.0,1,0,0,0,unknown,0.833,1,1,0,0,1,old_building|non_residential_main_use
b8bd658b4e1c8ff4,경기,경기도 김포시 북변동 200-41번지,경기도 김포시 봉화로 162-3 (북변동),10100,41570,11231100515365,,,2022,1,1,0.0,0,1,0,0,unknown,0.667,0,0,0,0,1,low_data_completeness
b8c888e9a9071da8,경기,경기도 광명시 광명동 24-31번지,경기도 광명시 광삼로13번길 38 (광명동),10100,41210,1098117380,공주빌라,,2022,1,1,0.0,0,1,0,0,unknown,0.667,0,0,1,0,1,basement_or_unknown_floor|low_data_completeness
b8c9e3890138203b,서울,서울특별시 강서구 염창동 57번지,서울특별시 강서구 양천로67길 50-33 (염창동),10100,11500,1017171445,지오빌,,2022,1,1,0.0,0,1,0,0,unknown,0.667,0,0,0,0,1,low_data_completeness
b8ce7a03d0f6f864,서울,서울특별시 강서구 방화동 128-1번지,서울특별시 강서구 방화대로52가길 36 (방화동),10900,11500,10171167856,한림빌리지,연립주택,2022,0,2,85.48,0,0,0,1,unknown,0.833,0,0,1,0,1,basement_or_unknown_floor
b8dda3f59399433b,서울,서울특별시 강서구 염창동 70-4번지,서울특별시 강서구 양천로67길 71-7 (염창동),10100,11500,101718149,,"제1,2종근린생활시설(휴게음식점, 학원)",1993,0,1,152.0,1,0,0,0,unknown,0.833,1,1,0,0,1,old_building|non_residential_main_use
b8e2b7708023b323,서울,서울특별시 금천구 가산동 35-5번지,서울특별시 금천구 벚꽃로48길 8 (가산동),10100,11545,1019144634,가산빌라,,2022,1,1,0.0,0,1,0,0,unknown,0.667,0,0,0,0,1,low_data_completeness
b8fbabb30686e2c9,경기,경기도 고양시 일산동구 식사동 13-8번지,,10100,41285,11041100436819,저장고(탄30),교정및군사시설,1973,0,1,652295.0,1,0,0,0,unknown,0.833,1,1,0,0,1,old_building|non_residential_main_use
b90d5195014f9f34,서울,서울특별시 도봉구 쌍문동 11-5번지,서울특별시 도봉구 도봉로139길 102 (쌍문동),10500,11320,1011117038,선우아파트,,2022,1,1,0.0,0,1,0,0,unknown,0.667,0,0,0,0,1,low_data_completeness
b91522c7cc3b48c4,인천,인천광역시 남동구 구월동 3-21번지,인천광역시 남동구 석산로228번길 19 (구월동),10100,28200,10581100321248,하누리,,2022,1,1,0.0,0,1,0,0,unknown,0.667,0,0,0,0,1,low_data_completeness
b92614bc2c639404,경기,경기도 구리시 갈매동 147-7번지,경기도 구리시 금강로 73 (갈매동),10100,41310,11091281,,자동차관련시설,1999,0,1,378.0,1,0,0,0,unknown,0.833,1,1,0,0,1,old_building|non_residential_main_use
b929aedcecee9758,서울,서울특별시 구로구 신도림동 281-40번지,서울특별시 구로구 신도림로15길 95 (신도림동),10100,11530,1018117258,,공장,1976,0,1,0.0,1,0,0,0,unknown,0.833,1,1,0,0,1,old_building|non_residential_main_use
b92c277cbacd38e4,경기,경기도 과천시 문원동 15-53번지,경기도 과천시 공원마을6길 29 (문원동),10200,41290,110813639,우리빌,,2022,1,1,0.0,0,1,0,0,unknown,0.667,0,0,0,0,1,low_data_completeness
b93460c2b5dcab2c,서울,서울특별시 강남구 역삼동 754번지,서울특별시 강남구 역삼로 306 (역삼동),10100,11680,1024124758,개나리 래미안,,2022,1,1,0.0,0,1,0,0,unknown,0.667,0,0,0,0,1,low_data_completeness
b93ad16b237a691c,인천,인천광역시 서구 백석동 58번지,인천광역시 서구 자원순환로 170 (백석동),10100,28260,106112434,,분뇨및쓰레기처리시설,2004,0,1,0.0,1,0,0,0,unknown,0.833,1,1,0,0,1,old_building|non_residential_main_use
b94e3f1fceca410c,경기,경기도 고양시 덕양구 주교동 38-13번지,경기도 고양시 덕양구 원당로 112 (주교동),10100,41281,11041100458215,고양 엘림프라자,,2022,1,1,0.0,0,1,0,0,unknown,0.667,0,0,0,0,1,low_data_completeness
b95d9889aab2c2a5,경기,경기도 고양시 덕양구 주교동 209-3번지,경기도 고양시 덕양구 고양대로 1309 (주교동),10100,41281,1104118737,,제2종근린생활시설,2006,0,1,330.0,1,0,0,0,unknown,0.833,0,1,0,0,1,non_residential_main_use
b960878269e7b21b,서울,서울특별시 강남구 역삼동 604-5번지,서울특별시 강남구 논현로105길 46 (역삼동),10100,11680,102415388,,근린생활시설,1983,0,1,0.0,1,0,0,0,unknown,0.833,1,1,0,0,1,old_building|non_residential_main_use
b975c86919206b32,인천,인천광역시 강화군 강화읍 신문리 205-5번지,인천광역시 강화군 강화대로 429 (강화읍 신문리),25021,28710,1062135777,중앙시장,,2022,1,1,0.0,0,1,0,0,unknown,0.667,0,0,1,0,1,basement_or_unknown_floor|low_data_completeness
b97a8bf728d176a9,서울,서울특별시 관악구 봉천동 1-70번지,서울특별시 관악구 청림3다길 12 (봉천동),10100,11620,1022197278,,,2022,1,1,0.0,0,1,0,0,unknown,0.667,0,0,0,0,1,low_data_completeness
b984c3a778185a71,인천,인천광역시 남동구 구월동 3-13번지,인천광역시 남동구 석산로228번길 5 (구월동),10100,28200,105811828,,단독주택,1973,0,1,62.8,1,0,1,0,unknown,0.833,1,0,0,0,1,old_building
b98e7cb1d427d60e,인천,인천광역시 중구 중앙동1가 14-1번지,인천광역시 중구 신포로27번길 97 (중앙동1가),10100,28110,10541615,,"근린생활시설, 주택",1995,0,1,158.7,1,0,0,0,unknown,0.833,1,0,0,0,1,old_building
b98f2e29fa15e6cc,경기,경기도 고양시 일산서구 일산동 524-16번지,경기도 고양시 일산서구 일중로 17 (일산동),10100,41287,11041325934,포오스프라자,,2022,1,1,0.0,0,1,0,0,unknown,0.667,0,0,0,0,1,low_data_completeness
b996deae9bc68d4a,서울,서울특별시 강남구 역삼동 601-6번지,서울특별시 강남구 봉은사로4길 6 (역삼동),10100,11680,102418959,,사무소,1996,0,3,717.01,1,0,1,0,unknown,0.833,1,1,0,0,1,old_building|non_residential_main_use
b9a2f99bff831055,인천,인천광역시 부평구 부평동 6-173번지,,10100,28237,1059134080,,단독주택,1975,0,1,2.98,1,0,1,0,unknown,0.833,1,0,0,0,1,old_building
b9ba9013017bcfe4,경기,경기도 과천시 문원동 15-48번지,경기도 과천시 공원마을5길 38 (문원동),10200,41290,11081189,,단독주택(다가구주택),2004,0,1,248.0,1,0,0,0,unknown,0.833,1,0,0,0,1,old_building
b9c2013cfe29f7fc,인천,인천광역시 계양구 효성동 1-14번지,인천광역시 계양구 길마로88번길 11 (효성동),10100,28245,1060113238,원익그린맨션,,2022,1,1,0.0,0,1,0,0,unknown,0.667,0,0,0,0,1,low_data_completeness
b9c23956c6688606,인천,인천광역시 옹진군 북도면 신도리 451-2번지,인천광역시 옹진군 신도로 842 (북도면 신도리),31022,28720,10631100171491,,,2022,1,1,0.0,0,1,0,0,unknown,0.667,0,0,0,0,1,low_data_completeness
b9c56368142efdae,서울,서울특별시 강남구 역삼동 606-9번지,서울특별시 강남구 봉은사로26길 9 (역삼동),10100,11680,1024120146,,다세대주택,2002,0,1,328.1,1,0,0,0,unknown,0.833,1,0,0,0,1,old_building
b9c97237a5e907f2,인천,인천광역시 남동구 구월동 3-23번지,인천광역시 남동구 당좌로 39 (구월동),10100,28200,10581100316223,나라사랑주택,,2022,1,1,0.0,0,1,0,0,unknown,0.667,0,0,0,0,1,low_data_completeness
b9e6eba029b50158,경기,경기도 구리시 갈매동 510번지,경기도 구리시 갈매순환로204번길 65 (갈매동),10100,41310,11091100207219,구리 스마트벤처타워,,2022,1,1,0.0,0,1,0,0,unknown,0.667,0,0,0,0,1,low_data_completeness
b9eb56d722b457e6,서울,서울특별시 광진구 중곡동 18-24번지,서울특별시 광진구 용마산로24길 13 (중곡동),10100,11215,100618037,신향빌라,연립주택,1986,0,1,0.0,1,0,0,0,unknown,0.833,1,0,0,0,1,old_building
b9ef92efbedef978,인천,인천광역시 연수구 옥련동 81-68번지,인천광역시 연수구 독배로 111 (옥련동),10100,28185,105718101,,,2022,1,1,0.0,0,1,0,0,unknown,0.667,0,0,1,0,1,basement_or_unknown_floor|low_data_completeness
ba0888c0fa85aa23,경기,경기도 고양시 덕양구 주교동 220-16번지,경기도 고양시 덕양구 대주로 495 (주교동),10100,41281,1104117316,,주택.지하실,2022,0,1,0.0,1,0,0,0,unknown,0.833,0,0,0,0,0,
ba119ba3477a864d,경기,경기도 고양시 일산동구 식사동 236-4번지,경기도 고양시 일산동구 견달산로210번길 45-15 (식사동),10100,41285,11041100226838,루미나리,,2022,1,1,0.0,0,1,0,0,unknown,0.667,0,0,0,0,1,low_data_completeness
ba28985f88be79e9,경기,경기도 군포시 당동 14-1번지,경기도 군포시 공단로 149 (당동),10100,41410,111319602,아이밸리 군포,,2022,1,1,0.0,0,1,0,0,unknown,0.667,0,0,1,0,1,basement_or_unknown_floor|low_data_completeness
ba2ea1fbc5e649e1,인천,인천광역시 부평구 부평동 10-43번지,인천광역시 부평구 길주남로102번길 11-11 (부평동),10100,28237,1000000000000004484337,부평동세창주택1차,,2024,1,1,0.0,0,1,0,0,unknown,0.667,0,0,0,0,1,low_data_completeness
ba35634ee2d18623,서울,서울특별시 구로구 신도림동 271-25번지,서울특별시 구로구 신도림로19길 144 (신도림동),10100,11530,10181100189306,신도림삼성쉐르빌 1,,2022,1,1,0.0,0,1,0,0,unknown,0.667,0,0,0,0,1,low_data_completeness
ba3cdf0ecd25e087,인천,인천광역시 부평구 부평동 10-255번지,인천광역시 부평구 주부토로104번길 24 (부평동),10100,28237,1059125991,,다가구주택(3가구),1992,0,1,165.0,1,0,0,0,unknown,0.833,1,0,0,0,1,old_building
ba42871ce1eb36f0,서울,서울특별시 금천구 가산동 32-44번지,서울특별시 금천구 벚꽃로50길 13 (가산동),10100,11545,101916574,다가구주택,다가구주택(6가구),2006,0,1,88.94,1,0,0,0,unknown,0.833,0,0,0,0,0,
ba4368ea94fbf834,인천,인천광역시 옹진군 백령면 진촌리 959-4번지,인천광역시 옹진군 백령로278번길 133-20 (백령면 진촌리),33021,28720,10631100209062,백령 공공실버 마을,,2022,1,1,0.0,0,1,0,0,unknown,0.667,0,0,0,0,1,low_data_completeness
ba4a8d0f9ad363db,서울,서울특별시 강동구 명일동 15번지,서울특별시 강동구 고덕로 210 (명일동),10100,11740,102611202,삼익그린맨션,아파트,1983,0,15,15873.68,1,0,1,0,unknown,0.833,1,0,0,0,1,old_building
ba4f56c464a736d4,인천,인천광역시 연수구 옥련동 118-3번지,인천광역시 연수구 비류대로144번길 23-2 (옥련동),10100,28185,105718280,,,2022,1,1,0.0,0,1,0,0,unknown,0.667,0,0,1,0,1,basement_or_unknown_floor|low_data_completeness
ba5665699b539452,서울,서울특별시 관악구 봉천동 1-70번지,서울특별시 관악구 청림3다길 12 (봉천동),10100,11620,1022197285,,,2022,1,1,0.0,0,1,0,0,unknown,0.667,0,0,0,0,1,low_data_completeness
ba69c428b1e53b0a,서울,서울특별시 강서구 공항동 2-82번지,서울특별시 강서구 방화대로23길 29-7 (공항동),10800,11500,1017172467,주신빌라,다세대주택,2022,0,2,73.13,0,0,0,1,unknown,0.833,0,0,1,0,1,basement_or_unknown_floor
ba70b598a13fdb57,인천,인천광역시 계양구 효성동 1-29번지,인천광역시 계양구 새벌로 189 (효성동),10100,28245,1060113253,그린파크,,2022,1,1,0.0,0,1,0,0,unknown,0.667,0,0,0,0,1,low_data_completeness
ba7df879b8ebbc6b,인천,인천광역시 남동구 구월동 1-8번지,,10100,28200,105811815,,단독주택,2022,0,1,46.27,1,0,1,0,unknown,0.833,0,0,0,0,0,
ba803a8aa8d4ea81,서울,서울특별시 강서구 개화동 425-20번지,서울특별시 강서구 개화동로5길 3-18 (개화동),11000,11500,10171100238168,개화동 경동미르웰,다세대주택,2022,0,1,30.95,0,0,0,1,unknown,0.833,0,0,0,0,0,
ba81d6ccba523a85,인천,인천광역시 남동구 구월동 3-14번지,인천광역시 남동구 석산로228번길 7-1 (구월동),10100,28200,1058127538,동부주택2동,,2022,1,1,0.0,0,1,0,0,unknown,0.667,0,0,0,0,1,low_data_completeness
ba9d92b92c173261,서울,서울특별시 도봉구 쌍문동 11-5번지,서울특별시 도봉구 도봉로139길 102 (쌍문동),10500,11320,1011117041,선우아파트,,2022,1,1,0.0,0,1,0,0,unknown,0.667,0,0,0,0,1,low_data_completeness
baac92d5e0f7864b,서울,서울특별시 강서구 마곡동 5-1번지,서울특별시 강서구 양천로47길 104-5 (마곡동),10500,11500,10171100295821,갤럭시오피스텔마곡2,오피스텔,2022,0,3,42.83,0,0,0,1,unknown,0.833,0,0,1,0,1,basement_or_unknown_floor
babb152975a7cc35,서울,서울특별시 관악구 봉천동 1-1116번지,서울특별시 관악구 청림3길 84 (봉천동),10100,11620,1022191850,,,2022,1,1,0.0,0,1,0,0,unknown,0.667,0,0,0,0,1,low_data_completeness
babba9e9827cddaf,서울,서울특별시 광진구 중곡동 18-28번지,서울특별시 광진구 용마산로 132 (중곡동),10100,11215,10061749,,"근린생활시설, 주택",1983,0,1,254.76,1,0,0,0,unknown,0.833,1,0,0,0,1,old_building
bac710c67a55cfec,인천,인천광역시 서구 백석동 51-34번지,인천광역시 서구 한들로 66-34 (백석동),10100,28260,10611100290871,,체육관,2015,0,1,3.51,1,0,1,0,unknown,0.833,0,1,0,0,1,non_residential_main_use
bacba15707274295,인천,인천광역시 계양구 효성동 1-60번지,인천광역시 계양구 길마로 104 (효성동),10100,28245,106012065,삼성하이츠맨션,"공동주택,제1종근린생활시설",2002,0,1,178.0,1,0,0,0,unknown,0.833,1,0,0,0,1,old_building
bad333fe6912ce87,서울,서울특별시 강남구 대치동 511번지,서울특별시 강남구 삼성로 150 (대치동),10600,11680,1024125256,한보미도맨션212동,,2022,1,1,0.0,0,1,0,0,unknown,0.667,0,0,0,0,1,low_data_completeness
bae6158e2a9a6e6c,인천,인천광역시 옹진군 백령면 진촌리 959-4번지,인천광역시 옹진군 백령로278번길 133-20 (백령면 진촌리),33021,28720,10631100209094,백령 공공실버 마을,,2022,1,1,0.0,0,1,0,0,unknown,0.667,0,0,0,0,1,low_data_completeness
bb449fe8d28d9e2e,경기,경기도 광주시 경안동 11-14번지,경기도 광주시 중앙로154번길 27-5 (경안동),10100,41610,1125123859,,주택,1984,0,1,0.0,1,0,0,0,unknown,0.833,1,0,0,0,1,old_building
bb475a9d57f9e760,인천,인천광역시 동구 만석동 1-24번지,인천광역시 동구 보세로 22 (만석동),10100,28140,10551214,C동,창고,2007,0,1,444.69,1,0,1,0,unknown,0.833,0,1,0,0,1,non_residential_main_use
bb4b356bd03378b5,인천,인천광역시 남동구 구월동 3-30번지,인천광역시 남동구 석산로222번길 7 (구월동),10100,28200,105811840,,"단독주택, 위험물저장및처리시설",1974,0,1,191.5,1,0,0,0,unknown,0.833,1,0,0,0,1,old_building
bb4eaf2bcef75ca3,경기,경기도 군포시 당동 14-1번지,경기도 군포시 공단로 149 (당동),10100,41410,111319564,아이밸리 군포,,2022,1,1,0.0,0,1,0,0,unknown,0.667,0,0,1,0,1,basement_or_unknown_floor|low_data_completeness
bb593da9b8c9d6c6,인천,인천광역시 부평구 부평동 10-228번지,인천광역시 부평구 길주남로 112-19 (부평동),10100,28237,1059138645,,다세대주택,1994,0,1,286.7,1,0,0,0,unknown,0.833,1,0,0,0,1,old_building
bb5c12e3ae5e7745,경기,경기도 군포시 당동 14-1번지,경기도 군포시 공단로 149 (당동),10100,41410,111319562,아이밸리 군포,,2022,1,1,0.0,0,1,0,0,unknown,0.667,0,0,1,0,1,basement_or_unknown_floor|low_data_completeness
bb6d9f40966c0204,경기,경기도 구리시 갈매동 510번지,경기도 구리시 갈매순환로204번길 65 (갈매동),10100,41310,11091100207164,구리 스마트벤처타워,,2022,1,1,0.0,0,1,0,0,unknown,0.667,0,0,0,0,1,low_data_completeness
bb774455607df4f8,서울,서울특별시 강서구 염창동 217-2번지,서울특별시 강서구 양천로67길 101 (염창동),10100,11500,1000000000000003608722,강서경찰서 염창지구대,지구대,2024,0,1,591.0,1,0,0,0,unknown,0.833,0,1,0,0,1,non_residential_main_use
bb9a6095c2b81726,경기,경기도 고양시 덕양구 주교동 196-5번지,경기도 고양시 덕양구 고양대로 1300 (주교동),10100,41281,11041100249986,,창고시설,2013,0,1,297.0,1,0,0,0,unknown,0.833,0,1,0,0,1,non_residential_main_use
bba492ac02d98457,경기,경기도 고양시 일산동구 식사동 236-4번지,경기도 고양시 일산동구 견달산로210번길 45-15 (식사동),10100,41285,11041100226833,루미나리,,2022,1,1,0.0,0,1,0,0,unknown,0.667,0,0,0,0,1,low_data_completeness
bbaa0689688f9818,인천,인천광역시 계양구 효성동 11-8번지,인천광역시 계양구 봉오대로601번길 9 (효성동),10100,28245,10601100176420,,노유자시설,2009,0,1,228.0,1,0,0,0,unknown,0.833,0,1,0,0,1,non_residential_main_use
bbbca654aa4ffc09,인천,인천광역시 동구 만석동 1-41번지,인천광역시 동구 만석부두로7번길 15-21 (만석동),10100,28140,10551100179942,,사무소,2011,0,4,1354.5,1,0,1,0,unknown,0.833,0,1,0,0,1,non_residential_main_use
bbc475a9eb8ecdd9,경기,경기도 과천시 관문동 70-5번지,경기도 과천시 중앙로 293 (관문동),10100,41290,11081100189715,,단독주택,2018,0,3,571.82,1,0,1,0,unknown,0.833,0,0,0,0,0,
bbcca47f6324051e,경기,경기도 고양시 일산동구 식사동 210-1번지,경기도 고양시 일산동구 사리현로 24-75 (식사동),10100,41285,11041204923,,,2022,1,1,0.0,0,1,0,0,unknown,0.667,0,0,1,0,1,basement_or_unknown_floor|low_data_completeness
bbd95c610af83205,서울,서울특별시 강북구 미아동 3-51번지,서울특별시 강북구 오패산로30가길 8-6 (미아동),10100,11305,1010130891,,,2022,1,1,0.0,0,1,0,0,unknown,0.667,0,0,0,0,1,low_data_completeness
bbde043bea35197f,서울,서울특별시 노원구 월계동 13번지,서울특별시 노원구 마들로 59 (월계동),10200,11350,101211582,,아파트,1986,0,1,0.0,1,0,0,0,unknown,0.833,1,0,0,0,1,old_building
bbe18940a3550134,경기,경기도 과천시 문원동 15-31번지,경기도 과천시 공원마을3길 49 (문원동),10200,41290,11081100179134,갤러리 House,,2022,1,1,0.0,0,1,0,0,unknown,0.667,0,0,0,0,1,low_data_completeness
bbe3633c21cd2efb,인천,인천광역시 연수구 옥련동 81-68번지,인천광역시 연수구 독배로 111 (옥련동),10100,28185,105718108,,,2022,1,1,0.0,0,1,0,0,unknown,0.667,0,0,1,0,1,basement_or_unknown_floor|low_data_completeness
bbe3cf48b95e20ac,경기,경기도 광명시 광명동 24-78번지,경기도 광명시 광삼로13번길 30-12 (광명동),10100,41210,1098117419,부안빌라,,2022,1,1,0.0,0,1,0,0,unknown,0.667,0,0,1,0,1,basement_or_unknown_floor|low_data_completeness
bbf5139835efa50a,인천,인천광역시 남동구 구월동 3-26번지,인천광역시 남동구 당좌로35번길 8-1 (구월동),10100,28200,10581100331205,삼성주택,,2022,1,1,0.0,0,1,0,0,unknown,0.667,0,0,0,0,1,low_data_completeness
bc0820629bc854d4,경기,경기도 광주시 경안동 11-11번지,경기도 광주시 광주대로71번길 16-1 (경안동),10100,41610,112518906,,주택,2022,0,1,0.0,1,0,0,0,unknown,0.833,0,0,0,0,0,
bc340ebdd030a3a5,인천,인천광역시 부평구 부평동 10-226번지,인천광역시 부평구 길주남로102번길 11-5 (부평동),10100,28237,10591100230675,,"단독주택, 제1종근린생활시설",2010,0,1,173.0,1,0,0,0,unknown,0.833,0,0,0,0,0,
bc34e8bd629b0c1e,경기,경기도 김포시 북변동 200-6번지,경기도 김포시 봉화로 164-4 (북변동),10100,41570,1000000000000002665901,MU빌리지,,2023,1,1,0.0,0,1,0,0,unknown,0.667,0,0,0,0,1,low_data_completeness
bc3941a25837490a,인천,인천광역시 연수구 옥련동 116-23번지,인천광역시 연수구 비류대로150번길 8 (옥련동),10100,28185,10571619,,주택,1985,0,1,0.0,1,0,0,0,unknown,0.833,1,0,0,0,1,old_building
bc40edbdf903e66a,경기,경기도 과천시 문원동 15-46번지,경기도 과천시 공원마을5길 35 (문원동),10200,41290,110813633,,,2022,1,1,0.0,0,1,0,0,unknown,0.667,0,0,0,0,1,low_data_completeness
bc452882e2c534cf,서울,서울특별시 강동구 명일동 42번지,서울특별시 강동구 고덕로62길 58 (명일동),10100,11740,102611808,우성아파트,유치원,1986,0,1,0.0,1,0,0,0,unknown,0.833,1,1,0,0,1,old_building|non_residential_main_use
bc47de679d5c45d8,서울,서울특별시 강북구 미아동 3-100번지,서울특별시 강북구 오패산로30가길 9-3 (미아동),10100,11305,10101805,,다가구용 단독주택(4가구),1993,0,1,78.4,1,0,0,0,unknown,0.833,1,0,0,0,1,old_building
bc5a8d5155c4120b,경기,경기도 군포시 당동 14-1번지,경기도 군포시 공단로 149 (당동),10100,41410,111319568,아이밸리 군포,,2022,1,1,0.0,0,1,0,0,unknown,0.667,0,0,1,0,1,basement_or_unknown_floor|low_data_completeness
bc5d6408457ed472,서울,서울특별시 구로구 신도림동 271-25번지,서울특별시 구로구 신도림로19길 144 (신도림동),10100,11530,10181100189317,신도림삼성쉐르빌 1,,2022,1,1,0.0,0,1,0,0,unknown,0.667,0,0,0,0,1,low_data_completeness
bc689fed69e6a6ed,경기,경기도 광명시 광명동 25-8번지,경기도 광명시 광삼로13번길 23-1 (광명동),10100,41210,1098117425,,,2022,1,1,0.0,0,1,0,0,unknown,0.667,0,0,0,0,1,low_data_completeness
bc6a24b655061a9f,서울,서울특별시 관악구 봉천동 1-1116번지,서울특별시 관악구 청림3길 84 (봉천동),10100,11620,1022191844,,,2022,1,1,0.0,0,1,0,0,unknown,0.667,0,0,0,0,1,low_data_completeness
bc6e55041bbaffee,경기,경기도 군포시 당동 14-1번지,경기도 군포시 공단로 149 (당동),10100,41410,111319581,아이밸리 군포,,2022,1,1,0.0,0,1,0,0,unknown,0.667,0,0,1,0,1,basement_or_unknown_floor|low_data_completeness
bc761bb7211a2f34,서울,서울특별시 강동구 명일동 39번지,서울특별시 강동구 명일로 364 (명일동),10100,11740,10261100204980,서울명원초등학교,교육연구시설(학교),2003,0,1,0.0,1,0,0,0,unknown,0.833,1,1,0,0,1,old_building|non_residential_main_use
bc8c0ecb95daf16a,인천,인천광역시 미추홀구 숭의동 1-138번지,인천광역시 미추홀구 경인로144번길 34 (숭의동),10100,28177,105617926,두리맨션,공동주택,2003,0,1,93.0,1,0,0,0,unknown,0.833,1,0,0,0,1,old_building
bc96ace33118590d,경기,경기도 고양시 덕양구 주교동 217-1번지,경기도 고양시 덕양구 고양대로 1288 (주교동),10100,41281,11041100241445,,제1종근린생활시설,2013,0,1,802.0,1,0,0,0,unknown,0.833,0,1,0,0,1,non_residential_main_use
bc9a86dc068b9543,서울,서울특별시 강동구 명일동 46-4번지,서울특별시 강동구 고덕로 276 (명일동),10100,11740,1026115979,신세계이마트명일점,판매 및 영업시설,1990,0,1,4959.2,1,0,0,0,unknown,0.833,1,1,0,0,1,old_building|non_residential_main_use
bca5e9f1eab79cf6,인천,인천광역시 부평구 부평동 10-43번지,인천광역시 부평구 길주남로102번길 11-11 (부평동),10100,28237,1000000000000004484340,부평동세창주택1차,,2024,1,1,0.0,0,1,0,0,unknown,0.667,0,0,0,0,1,low_data_completeness
bca738102d08a64d,서울,서울특별시 광진구 중곡동 18-89번지,서울특별시 광진구 용마산로22길 11-31 (중곡동),10100,11215,10061783,,주택,1984,0,1,0.0,1,0,0,0,unknown,0.833,1,0,0,0,1,old_building
bcb088c390bcf90f,경기,경기도 군포시 당동 134-1번지,경기도 군포시 군포역1길 27 (당동),10100,41410,11131556,,운수시설,2022,0,1,0.0,1,0,0,0,unknown,0.833,0,1,0,0,1,non_residential_main_use
bcc5cee871aa4e4e,서울,서울특별시 도봉구 쌍문동 13-2번지,서울특별시 도봉구 도당로 18 (쌍문동),10500,11320,1011117088,,,2022,1,1,0.0,0,1,0,0,unknown,0.667,0,0,0,0,1,low_data_completeness
bcdd1a8ec6ac2b12,인천,인천광역시 강화군 강화읍 신문리 4-4번지,인천광역시 강화군 신문길 4 (강화읍 신문리),25021,28710,10621100175070,,제2종근린생활시설,2008,0,1,255.0,1,0,0,0,unknown,0.833,0,1,0,0,1,non_residential_main_use
bce0fc0f7ede6b7b,서울,서울특별시 관악구 봉천동 1-70번지,서울특별시 관악구 청림3다길 12 (봉천동),10100,11620,1022197282,,,2022,1,1,0.0,0,1,0,0,unknown,0.667,0,0,0,0,1,low_data_completeness
bce71d98e53cb4d3,인천,인천광역시 연수구 옥련동 118-16번지,인천광역시 연수구 한진로72번길 30 (옥련동),10100,28185,105718315,,,2022,1,1,0.0,0,1,0,0,unknown,0.667,0,0,1,0,1,basement_or_unknown_floor|low_data_completeness
bce95e52a47baab4,서울,서울특별시 강남구 대치동 511번지,서울특별시 강남구 삼성로 150 (대치동),10600,11680,1024125289,한보미도맨션212동,,2022,1,1,0.0,0,1,0,0,unknown,0.667,0,0,0,0,1,low_data_completeness
bcf3f523c1ef547a,경기,경기도 고양시 덕양구 주교동 222-2번지,경기도 고양시 덕양구 고양대로 1278 (주교동),10100,41281,110418314,,계사,2022,0,1,0.0,1,0,0,0,unknown,0.833,0,1,0,0,1,non_residential_main_use
bd004f4f7d5127e9,서울,서울특별시 구로구 신도림동 271-25번지,서울특별시 구로구 신도림로19길 144 (신도림동),10100,11530,10181100189237,신도림삼성쉐르빌 1,,2022,1,1,0.0,0,1,0,0,unknown,0.667,0,0,0,0,1,low_data_completeness
bd0fa24572029869,인천,인천광역시 옹진군 북도면 시도리 50-5번지,인천광역시 옹진군 시도로86번길 291-78 (북도면 시도리),31021,28720,10631100206219,,단독주택,2019,0,1,705.5,1,0,1,0,unknown,0.833,0,0,0,0,0,
bd12e1b626f993c3,인천,인천광역시 옹진군 북도면 시도리 1-18번지,인천광역시 옹진군 시도로86번길 434 (북도면 시도리),31021,28720,1000000000000002115505,,사무소,2023,0,2,1055.24,1,0,1,0,unknown,0.833,0,1,0,0,1,non_residential_main_use
bd2e8de2a7092c16,서울,서울특별시 금천구 가산동 50-3번지,서울특별시 금천구 벚꽃로 298 (가산동),10100,11545,10191100191167,대륭 포스트타워 6차,,2022,1,1,0.0,0,1,0,0,unknown,0.667,0,0,0,0,1,low_data_completeness
bd33d814b821bb0e,인천,인천광역시 부평구 부평동 10-239번지,인천광역시 부평구 장제로205번길 42 (부평동),10100,28237,10591100233471,포인트빌,공동주택(다세대주택),2010,0,1,398.0,1,0,0,0,unknown,0.833,0,0,0,0,0,
bd3d0dcf4a20a829,경기,경기도 고양시 덕양구 주교동 272-1번지,경기도 고양시 덕양구 원당로59번길 94-7 (주교동),10100,41281,11041117522,윤창아파트,,2022,1,1,0.0,0,1,0,0,unknown,0.667,0,0,1,0,1,basement_or_unknown_floor|low_data_completeness
bd43324214bdb843,서울,서울특별시 강서구 염창동 66-9번지,서울특별시 강서구 양천로67길 77 (염창동),10100,11500,10171106597,염창동우성아파트,,2022,1,1,0.0,0,1,0,0,unknown,0.667,0,0,0,0,1,low_data_completeness
bd517029da068824,경기,경기도 구리시 갈매동 510번지,경기도 구리시 갈매순환로204번길 65 (갈매동),10100,41310,11091100207159,구리 스마트벤처타워,,2022,1,1,0.0,0,1,0,0,unknown,0.667,0,0,0,0,1,low_data_completeness
bd546556773392ba,인천,인천광역시 강화군 강화읍 신문리 205-5번지,인천광역시 강화군 강화대로 429 (강화읍 신문리),25021,28710,1062135850,중앙시장,,2022,1,1,0.0,0,1,0,0,unknown,0.667,0,0,1,0,1,basement_or_unknown_floor|low_data_completeness
bd68ffb57b6c14c6,경기,경기도 고양시 일산동구 식사동 13-8번지,,10100,41285,11041100436775,저장고(탄38),교정및군사시설,1973,0,1,652295.0,1,0,0,0,unknown,0.833,1,1,0,0,1,old_building|non_residential_main_use
bd7213c43bda7ca9,서울,서울특별시 강남구 역삼동 601-14번지,서울특별시 강남구 강남대로110길 15 (역삼동),10100,11680,1024116836,,근린생활시설,2000,0,1,317.6,1,0,0,0,unknown,0.833,1,1,0,0,1,old_building|non_residential_main_use
bd76f10cce9b2154,경기,경기도 김포시 북변동 142-18번지,경기도 김포시 북변중로 135 (북변동),10100,41570,11231100497025,미송빌딩,자동차영업소,2021,0,4,5411.83,1,0,1,0,unknown,0.833,0,1,0,0,1,non_residential_main_use
bd78eff23f1ad329,서울,서울특별시 강남구 역삼동 606-5번지,서울특별시 강남구 논현로 569 (역삼동),10100,11680,1024114718,,근린생활시설,1988,0,1,0.0,1,0,0,0,unknown,0.833,1,1,0,0,1,old_building|non_residential_main_use
bd7e826425409b46,경기,경기도 고양시 일산동구 식사동 265번지,경기도 고양시 일산동구 견달산로 274 (식사동),10100,41285,11041100325080,식사 라데팡스 1차,,2022,1,1,0.0,0,1,0,0,unknown,0.667,0,0,0,0,1,low_data_completeness
bd8489587d062189,인천,인천광역시 부평구 부평동 10-272번지,인천광역시 부평구 주부토로100번길 29 (부평동),10100,28237,10591100269185,다원캐슬,공동주택,2016,0,1,324.0,1,0,0,0,unknown,0.833,0,0,0,0,0,
bd888794364ba182,서울,서울특별시 강북구 미아동 3-9번지,서울특별시 강북구 오현로9길 23 (미아동),10100,11305,1010130825,,다세대주택,2022,1,3,72.39,0,1,0,1,unknown,0.833,0,0,1,0,1,basement_or_unknown_floor
bd89ec11897aa484,인천,인천광역시 미추홀구 숭의동 1-7번지,인천광역시 미추홀구 경인로 164 (숭의동),10100,28177,105612166,,단독주택,1985,0,2,212.55,1,0,1,0,unknown,0.833,1,0,0,0,1,old_building
bd8c91656f27ccb6,인천,인천광역시 중구 중앙동2가 9번지,,10200,28110,10541645,,주택,2022,0,1,0.0,1,0,0,0,unknown,0.833,0,0,0,0,0,
bd8e85cd092d7a80,서울,서울특별시 노원구 월계동 12번지,서울특별시 노원구 마들로 127 (월계동),10200,11350,1012141678,,,2022,1,1,0.0,0,1,0,0,unknown,0.667,0,0,0,0,1,low_data_completeness
bd964277e46c6d1c,인천,인천광역시 강화군 강화읍 신문리 205-5번지,인천광역시 강화군 강화대로 429 (강화읍 신문리),25021,28710,1062135756,중앙시장,,2022,1,1,0.0,0,1,0,0,unknown,0.667,0,0,1,0,1,basement_or_unknown_floor|low_data_completeness
bd98748fc9155b68,경기,경기도 군포시 당동 14-1번지,경기도 군포시 공단로 149 (당동),10100,41410,111319615,아이밸리 군포,,2022,1,1,0.0,0,1,0,0,unknown,0.667,0,0,1,0,1,basement_or_unknown_floor|low_data_completeness
bd9c56dea5ec0158,경기,경기도 고양시 덕양구 주교동 38-13번지,경기도 고양시 덕양구 원당로 112 (주교동),10100,41281,11041100458218,고양 엘림프라자,,2022,1,1,0.0,0,1,0,0,unknown,0.667,0,0,0,0,1,low_data_completeness
bdba2a791a7d4ad5,인천,인천광역시 동구 만석동 5-20번지,인천광역시 동구 인중로 440 (만석동),10100,28140,1055112108,서해그린빌라,,2022,1,1,0.0,0,1,0,0,unknown,0.667,0,0,1,0,1,basement_or_unknown_floor|low_data_completeness
bde62bb1cb58c3e4,인천,인천광역시 옹진군 북도면 신도리 451-2번지,인천광역시 옹진군 신도로 842 (북도면 신도리),31022,28720,10631100173352,,,2022,1,1,0.0,0,1,0,0,unknown,0.667,0,0,0,0,1,low_data_completeness
bdf8abfa311b14af,서울,서울특별시 강서구 개화동 425-20번지,서울특별시 강서구 개화동로5길 3-18 (개화동),11000,11500,10171100238167,개화동 경동미르웰,다세대주택,2022,0,1,31.47,0,0,0,1,unknown,0.833,0,0,0,0,0,
bdfeb3401b987ed7,인천,인천광역시 부평구 부평동 10-228번지,인천광역시 부평구 길주남로 112-19 (부평동),10100,28237,10591142145,,,2022,1,1,0.0,0,1,0,0,unknown,0.667,0,0,0,0,1,low_data_completeness
be00f3ba29fcec4b,서울,서울특별시 관악구 봉천동 1-72번지,서울특별시 관악구 청림3다길 8 (봉천동),10100,11620,1022180684,,,2022,1,1,0.0,0,1,0,0,unknown,0.667,0,0,0,0,1,low_data_completeness
be0ab9549dc85507,인천,인천광역시 미추홀구 숭의동 1-11번지,인천광역시 미추홀구 경인로 148 (숭의동),10100,28177,10561100237060,다우림,,2022,1,1,0.0,0,1,0,0,unknown,0.667,0,0,0,0,1,low_data_completeness
be0d78f231443800,서울,서울특별시 강동구 명일동 15번지,서울특별시 강동구 고덕로 210 (명일동),10100,11740,102611207,삼익그린맨션,아파트,1983,0,1,0.0,1,0,0,0,unknown,0.833,1,0,0,0,1,old_building
be133245c5acb755,서울,서울특별시 도봉구 쌍문동 7-22번지,서울특별시 도봉구 도봉로139길 63 (쌍문동),10500,11320,1011117020,,,2022,1,1,0.0,0,1,0,0,unknown,0.667,0,0,0,0,1,low_data_completeness
be1420847be424ef,인천,인천광역시 옹진군 북도면 시도리 184-1번지,인천광역시 옹진군 시도로86번길 167 (북도면 시도리),31021,28720,10631585,,단독주택,2002,0,1,660.0,1,0,0,0,unknown,0.833,1,0,0,0,1,old_building
be1cf2f4ccefcd49,인천,인천광역시 연수구 옥련동 93번지,인천광역시 연수구 옥골로 77 (옥련동),10100,28185,10571591,옥련여자고등학교,고등학교,2004,0,5,11388.22,1,0,1,0,unknown,0.833,1,1,0,0,1,old_building|non_residential_main_use
be1e63e5f9aa9320,경기,경기도 고양시 덕양구 주교동 167-1번지,경기도 고양시 덕양구 고양대로1326번길 53-29 (주교동),10100,41281,1104116332,,단독주택,1993,0,1,570.13,1,0,1,0,unknown,0.833,1,0,0,0,1,old_building
be2f8fa91fe48b0b,서울,서울특별시 도봉구 쌍문동 11-17번지,서울특별시 도봉구 방학로7길 41 (쌍문동),10500,11320,10111100208255,젬스톤빌리지,,2022,1,1,0.0,0,1,0,0,unknown,0.667,0,0,0,0,1,low_data_completeness
be38dc4e58519d23,서울,서울특별시 관악구 봉천동 1-69번지,서울특별시 관악구 청림3길 49 (봉천동),10100,11620,1022188556,,,2022,1,1,0.0,0,1,0,0,unknown,0.667,0,0,0,0,1,low_data_completeness
be3b50edf2efe876,인천,인천광역시 부평구 부평동 10-43번지,인천광역시 부평구 길주남로102번길 11-11 (부평동),10100,28237,1000000000000004484331,부평동세창주택1차,,2024,1,1,0.0,0,1,0,0,unknown,0.667,0,0,0,0,1,low_data_completeness
be3f032b240036d6,경기,경기도 고양시 일산서구 일산동 524-16번지,경기도 고양시 일산서구 일중로 17 (일산동),10100,41287,11041325933,포오스프라자,,2022,1,1,0.0,0,1,0,0,unknown,0.667,0,0,0,0,1,low_data_completeness
be43c79f377143f4,서울,서울특별시 강남구 역삼동 601-9번지,서울특별시 강남구 봉은사로4길 8 (역삼동),10100,11680,1024116194,,주거시설,1996,0,1,222.6,1,0,0,0,unknown,0.833,1,1,0,0,1,old_building|non_residential_main_use
be4a701076cc6571,인천,인천광역시 옹진군 북도면 시도리 204번지,인천광역시 옹진군 시도로104번길 56 (북도면 시도리),31021,28720,10631590,,창고시설,2022,0,1,0.0,1,0,0,0,unknown,0.833,0,1,0,0,1,non_residential_main_use
be6265eb90ed700e,서울,서울특별시 광진구 중곡동 18-65번지,서울특별시 광진구 용마산로 146-2 (중곡동),10100,11215,100618042,,"공동주택,다세대주택",2002,0,1,200.7,1,0,0,0,unknown,0.833,1,0,0,0,1,old_building
be6d7bb13c41abcb,경기,경기도 군포시 당동 159-1번지,경기도 군포시 봉성로 40-10 (당동),10100,41410,11131585,,공장,2004,0,1,1039.4,1,0,0,0,unknown,0.833,1,1,0,0,1,old_building|non_residential_main_use
be6e7928c5df3b8f,서울,서울특별시 구로구 신도림동 271-25번지,서울특별시 구로구 신도림로19길 144 (신도림동),10100,11530,10181100189288,신도림삼성쉐르빌 1,,2022,1,1,0.0,0,1,0,0,unknown,0.667,0,0,0,0,1,low_data_completeness
be7f5a72394f33da,서울,서울특별시 강남구 역삼동 755-1번지,서울특별시 강남구 역삼로 314 (역삼동),10100,11680,1024124648,개나리 푸르지오,,2022,1,1,0.0,0,1,0,0,unknown,0.667,0,0,0,0,1,low_data_completeness
be827e216fb30605,인천,인천광역시 중구 중앙동3가 4-8번지,인천광역시 중구 홍예문로 7 (중앙동3가),10300,28110,1054115421,,,2022,1,1,0.0,0,1,0,0,unknown,0.667,0,0,0,0,1,low_data_completeness
be8c23e451488975,인천,인천광역시 미추홀구 숭의동 1-10번지,인천광역시 미추홀구 경인로 150 (숭의동),10100,28177,10561100237791,한우리,,2022,1,1,0.0,0,1,0,0,unknown,0.667,0,0,0,0,1,low_data_completeness
be8f545b38f69776,경기,경기도 김포시 북변동 185번지,,10100,41570,112313622,,주택,2022,0,1,0.0,1,0,0,0,unknown,0.833,0,0,0,0,0,
bea01538d5565d64,경기,경기도 군포시 당동 67-5번지,경기도 군포시 군포로580번길 31 (당동),10100,41410,111312247,거북연립,연립주택,1985,0,1,0.0,1,0,0,0,unknown,0.833,1,0,0,0,1,old_building
bea09242c853a031,경기,경기도 고양시 일산동구 식사동 13-8번지,,10100,41285,11041100436822,일반창고-1,국방ㆍ군사시설,1998,0,1,652370.81,1,0,1,0,unknown,0.833,1,1,0,0,1,old_building|non_residential_main_use
bea696275279737c,인천,인천광역시 계양구 효성동 11-19번지,인천광역시 계양구 봉오대로601번길 1 (효성동),10100,28245,10601100184016,기독교 대한성결교회 부평제일교회,종교시설,2010,0,1,934.0,1,0,0,0,unknown,0.833,0,1,0,0,1,non_residential_main_use
beb0978c87a3dae7,서울,서울특별시 노원구 월계동 18번지,서울특별시 노원구 마들로 31 (월계동),10200,11350,101213191,그랑빌아파트,경비실,2002,0,1,0.0,1,0,0,0,unknown,0.833,1,1,0,0,1,old_building|non_residential_main_use
bebfd3549896435f,서울,서울특별시 노원구 월계동 12번지,서울특별시 노원구 마들로 127 (월계동),10200,11350,10121195188,,,2022,1,1,0.0,0,1,0,0,unknown,0.667,0,0,0,0,1,low_data_completeness
bed0ea30d5263128,경기,경기도 고양시 덕양구 주교동 272-1번지,경기도 고양시 덕양구 원당로59번길 94-7 (주교동),10100,41281,11041117523,윤창아파트,,2022,1,1,0.0,0,1,0,0,unknown,0.667,0,0,1,0,1,basement_or_unknown_floor|low_data_completeness
bed257910d2770a2,서울,서울특별시 노원구 월계동 12번지,서울특별시 노원구 마들로 127 (월계동),10200,11350,101212700,,기타제1종근린생활시설,1987,0,1,368.3,1,0,1,0,unknown,0.833,1,1,0,0,1,old_building|non_residential_main_use
bee71478207827cf,인천,인천광역시 계양구 효성동 1-11번지,인천광역시 계양구 길마로88번길 5 (효성동),10100,28245,106012043,원익그린맨션,다세대주택,1995,0,4,574.55,1,0,1,0,unknown,0.833,1,0,0,0,1,old_building
bef7147e3e05a082,서울,서울특별시 강남구 역삼동 601-21번지,서울특별시 강남구 봉은사로4길 7 (역삼동),10100,11680,1024123792,,다가구주택,2002,0,1,301.2,1,0,0,0,unknown,0.833,1,0,0,0,1,old_building
beff2210d832fa48,서울,서울특별시 강남구 역삼동 606-13번지,서울특별시 강남구 논현로105길 6-9 (역삼동),10100,11680,1024117678,,교육연구시설(연구소),1991,0,1,604.6,1,0,0,0,unknown,0.833,1,1,0,0,1,old_building|non_residential_main_use
bf1289a54521b2b5,경기,경기도 김포시 북변동 152-4번지,경기도 김포시 중봉로115번길 42-24 (북변동),10100,41570,11231100420686,,제조업소,2019,0,1,198.0,1,0,1,0,unknown,0.833,0,1,0,0,1,non_residential_main_use
bf3c9034a10215aa,경기,경기도 군포시 당동 14-1번지,경기도 군포시 공단로 149 (당동),10100,41410,111319545,아이밸리 군포,,2022,1,1,0.0,0,1,0,0,unknown,0.667,0,0,1,0,1,basement_or_unknown_floor|low_data_completeness
bf53c2edd62442d6,서울,서울특별시 강남구 대치동 511번지,서울특별시 강남구 삼성로 150 (대치동),10600,11680,1024125490,한보미도맨션210동,,2022,1,1,0.0,0,1,0,0,unknown,0.667,0,0,0,0,1,low_data_completeness
bf57ca532856a78a,인천,인천광역시 남동구 구월동 3-23번지,인천광역시 남동구 당좌로 39 (구월동),10100,28200,10581100316224,나라사랑주택,,2022,1,1,0.0,0,1,0,0,unknown,0.667,0,0,0,0,1,low_data_completeness
bf7bc340bcf1dc15,서울,서울특별시 노원구 월계동 13번지,서울특별시 노원구 마들로 59 (월계동),10200,11350,101211605,,아파트,1986,0,1,0.0,1,0,0,0,unknown,0.833,1,0,0,0,1,old_building
bf7bfae54006d789,서울,서울특별시 강서구 공항동 2-85번지,서울특별시 강서구 방화대로23길 29 (공항동),10800,11500,1017190289,,다세대주택,2022,0,1,82.09,0,0,0,1,unknown,0.833,0,0,0,0,0,
bf840242639631f9,인천,인천광역시 남동구 구월동 3-11번지,인천광역시 남동구 석산로 228 (구월동),10100,28200,105811826,,기타제2종근린생활시설,1995,0,4,418.26,1,0,1,0,unknown,0.833,1,1,0,0,1,old_building|non_residential_main_use
bf87229fed1970b4,경기,경기도 광명시 광명동 25-15번지,경기도 광명시 광삼로13번길 21 (광명동),10100,41210,1098117450,,,2022,1,1,0.0,0,1,0,0,unknown,0.667,0,0,0,0,1,low_data_completeness
bf972b996774afcb,경기,경기도 광명시 광명동 24-3번지,경기도 광명시 광삼로13번길 28-21 (광명동),10100,41210,10981710,,단독주택,1974,0,1,153.55,1,0,1,0,unknown,0.833,1,0,0,0,1,old_building
bfaebea9b4d417c0,인천,인천광역시 연수구 옥련동 118-14번지,인천광역시 연수구 비류대로144번길 26 (옥련동),10100,28185,105718307,,,2022,1,1,0.0,0,1,0,0,unknown,0.667,0,0,1,0,1,basement_or_unknown_floor|low_data_completeness
bfafc6befbb27e24,서울,서울특별시 관악구 봉천동 1-264번지,서울특별시 관악구 청림3다길 21 (봉천동),10100,11620,1022195481,,,2022,1,1,0.0,0,1,0,0,unknown,0.667,0,0,0,0,1,low_data_completeness
bfb40e1e8e8a808b,인천,인천광역시 남동구 구월동 3-42번지,인천광역시 남동구 석산로228번길 17-6 (구월동),10100,28200,10581100337782,이안애,공동주택,2021,0,1,630.1,1,0,0,0,unknown,0.833,0,0,0,0,0,
bfb7a9fbdf858998,인천,인천광역시 옹진군 북도면 시도리 43번지,인천광역시 옹진군 시도로86번길 321 (북도면 시도리),31021,28720,10631100188158,,소매점,2022,0,1,971.6,1,0,1,0,unknown,0.833,0,1,0,0,1,non_residential_main_use
bfbce883412906bd,서울,서울특별시 노원구 월계동 12번지,서울특별시 노원구 마들로 127 (월계동),10200,11350,101212707,,아파트,1987,0,14,8539.75,1,0,1,0,unknown,0.833,1,0,0,0,1,old_building
bfc2698a5d039a1d,서울,서울특별시 금천구 가산동 32-18번지,서울특별시 금천구 벚꽃로 336-9 (가산동),10100,11545,101912296,,다가구용단독주택,1994,0,1,82.4,1,0,0,0,unknown,0.833,1,0,0,0,1,old_building
bfc77c47e597e6dd,서울,서울특별시 강동구 명일동 15번지,서울특별시 강동구 고덕로 210 (명일동),10100,11740,1026138151,삼익그린맨션,,2022,1,1,0.0,0,1,0,0,unknown,0.667,0,0,0,0,1,low_data_completeness
bfe36d58f4f27f54,서울,서울특별시 광진구 중곡동 18-23번지,서울특별시 광진구 용마산로 138 (중곡동),10100,11215,1006127445,,,2022,1,1,0.0,0,1,0,0,unknown,0.667,0,0,0,0,1,low_data_completeness
bff3e7aa2e6cc2e0,인천,인천광역시 중구 중앙동1가 16번지,인천광역시 중구 신포로23번길 95 (중앙동1가),10100,28110,10541618,,,2022,0,1,0.0,1,0,0,0,unknown,0.667,0,0,0,0,1,low_data_completeness
c015350b4477dc29,서울,서울특별시 관악구 봉천동 1-81번지,서울특별시 관악구 청림3길 34-3 (봉천동),10100,11620,1022112712,,단독주택,1985,0,1,38.5,1,0,1,0,unknown,0.833,1,0,0,0,1,old_building
c015f59f314eaa94,인천,인천광역시 부평구 부평동 10-270번지,인천광역시 부평구 장제로199번길 56 (부평동),10100,28237,10591100235470,미가프라임 제1동,"공동주택(다세대),제1,2종근린생활시설",2011,0,1,467.0,1,0,0,0,unknown,0.833,0,0,0,0,0,
c02fe0e334b96df5,경기,경기도 광명시 광명동 24-22번지,경기도 광명시 광삼로13번길 28-5 (광명동),10100,41210,10981728,,단독주택,1976,0,2,219.07,1,0,1,0,unknown,0.833,1,0,0,0,1,old_building
c032220b2f9e8a6b,인천,인천광역시 계양구 효성동 1-4번지,인천광역시 계양구 새벌로171번길 4 (효성동),10100,28245,106011100,인천효성동초등학교,초등학교,2026,0,4,1689.6,1,0,1,0,unknown,0.833,0,1,1,0,1,non_residential_main_use|basement_or_unknown_floor
c03434e961570d25,인천,인천광역시 강화군 강화읍 신문리 1-12번지,인천광역시 강화군 강화대로 399 (강화읍 신문리),25021,28710,1062111848,,유흥주점,1979,0,3,1362.32,1,0,1,0,unknown,0.833,1,1,0,0,1,old_building|non_residential_main_use
c0371b478c1bea66,인천,인천광역시 동구 만석동 1-25번지,인천광역시 동구 보세로26번길 19 (만석동),10100,28140,10551100177079,,일반공장,2009,0,2,1670.52,1,0,1,0,unknown,0.833,0,1,0,0,1,non_residential_main_use
c03ea3ddf238abea,서울,서울특별시 금천구 가산동 32-50번지,서울특별시 금천구 벚꽃로 330 (가산동),10100,11545,101919261,,"다가구주택(2가구),제2종근린생활시설",2006,0,1,86.0,1,0,0,0,unknown,0.833,0,0,0,0,0,
c046e73308ec832c,서울,서울특별시 도봉구 쌍문동 23-36번지,서울특별시 도봉구 방학로3가길 30-6 (쌍문동),10500,11320,10111585,,다가구주택(5가구),1994,0,1,161.0,1,0,0,0,unknown,0.833,1,0,0,0,1,old_building
c04f12983e3705a8,인천,인천광역시 동구 만석동 1-24번지,인천광역시 동구 보세로 22 (만석동),10100,28140,10551212,A동,창고,2007,0,1,444.69,1,0,1,0,unknown,0.833,0,1,0,0,1,non_residential_main_use
c05dff2a01fd6fa0,경기,경기도 고양시 일산서구 일산동 551-21번지,경기도 고양시 일산서구 일중로55번길 28 (일산동),10100,41287,11041324491,,,2022,1,1,0.0,0,1,0,0,unknown,0.667,0,0,0,0,1,low_data_completeness
c05fb5b0180cb033,경기,경기도 고양시 일산서구 일산동 78번지,,10100,41287,11041238770,,단독주택,2022,0,1,18.87,1,0,1,0,unknown,0.833,0,0,0,0,0,
c06be20ea8a40f3d,서울,서울특별시 도봉구 쌍문동 19-15번지,서울특별시 도봉구 도당로 14 (쌍문동),10500,11320,10111557,다보빌딩,근린생활시설,2004,0,1,503.0,1,0,0,0,unknown,0.833,1,1,0,0,1,old_building|non_residential_main_use
c06c06b4f0000d05,서울,서울특별시 강서구 방화동 128-3번지,서울특별시 강서구 방화대로52가길 32 (방화동),10900,11500,10171128593,,다세대주택,2022,0,3,88.07,0,0,0,1,unknown,0.833,0,0,1,0,1,basement_or_unknown_floor
c092d3da822eb62a,인천,인천광역시 동구 만석동 1-1번지,인천광역시 동구 보세로26번길 24-1 (만석동),10100,28140,10551100184842,,기타공장,2017,0,2,727.2,1,0,1,0,unknown,0.833,0,1,0,0,1,non_residential_main_use
c0a93c3c3ca7cc8d,인천,인천광역시 강화군 강화읍 신문리 205-5번지,인천광역시 강화군 강화대로 429 (강화읍 신문리),25021,28710,1062135834,중앙시장,,2022,1,1,0.0,0,1,0,0,unknown,0.667,0,0,1,0,1,basement_or_unknown_floor|low_data_completeness
c0d4eef9db5fad34,서울,서울특별시 구로구 신도림동 281-47번지,서울특별시 구로구 신도림로11라길 59-12 (신도림동),10100,11530,1018119792,,근린생활시설,1976,0,1,0.0,1,0,0,0,unknown,0.833,1,1,0,0,1,old_building|non_residential_main_use
c0da757fc7d9dfad,인천,인천광역시 옹진군 북도면 시도리 147번지,인천광역시 옹진군 시도로104번길 105-1 (북도면 시도리),31021,28720,10631100175369,,다가구주택,2009,0,1,1179.0,1,0,0,0,unknown,0.833,0,0,0,0,0,
c0fb2dea79058a8e,인천,인천광역시 계양구 효성동 1-30번지,인천광역시 계양구 길마로 98 (효성동),10100,28245,106012049,삼성하이츠맨션,다세대주택,2001,0,4,646.01,1,0,1,0,unknown,0.833,1,0,0,0,1,old_building
c0fe9fc2efb3bfa9,경기,경기도 김포시 북변동 200-40번지,경기도 김포시 봉화로 162-2 (북변동),10100,41570,11231100515352,,,2022,1,1,0.0,0,1,0,0,unknown,0.667,0,0,0,0,1,low_data_completeness
c10e10a24b04b5f2,서울,서울특별시 강남구 대치동 511번지,서울특별시 강남구 삼성로 150 (대치동),10600,11680,1024125630,한보미도맨션209동,,2022,1,1,0.0,0,1,0,0,unknown,0.667,0,0,0,0,1,low_data_completeness
c11d1eb0ac93e23f,경기,경기도 군포시 당동 14-1번지,경기도 군포시 공단로 149 (당동),10100,41410,111319591,아이밸리 군포,,2022,1,1,0.0,0,1,0,0,unknown,0.667,0,0,1,0,1,basement_or_unknown_floor|low_data_completeness
c124783ad0efba6a,경기,경기도 김포시 북변동 200-6번지,경기도 김포시 봉화로 164-4 (북변동),10100,41570,1000000000000002665898,MU빌리지,,2023,1,1,0.0,0,1,0,0,unknown,0.667,0,0,0,0,1,low_data_completeness
c16a1bfa6f5dc0f5,서울,서울특별시 노원구 월계동 12번지,서울특별시 노원구 마들로 127 (월계동),10200,11350,10121195192,,,2022,1,1,0.0,0,1,0,0,unknown,0.667,0,0,0,0,1,low_data_completeness
c16dcfc6ed7398d3,경기,경기도 광주시 경안동 20-16번지,경기도 광주시 광주대로 31 (경안동),10100,41610,1000000000000002747893,지에이타워,,2023,1,1,0.0,0,1,0,0,unknown,0.667,0,0,0,0,1,low_data_completeness
c1ac99d4bd4deaef,경기,경기도 군포시 당동 14-1번지,경기도 군포시 공단로 149 (당동),10100,41410,111319618,아이밸리 군포,,2022,1,1,0.0,0,1,0,0,unknown,0.667,0,0,1,0,1,basement_or_unknown_floor|low_data_completeness
c1ade57517ff20a6,서울,서울특별시 강동구 명일동 42번지,서울특별시 강동구 고덕로62길 76 (명일동),10100,11740,102611814,우성아파트,아파트,1986,0,1,0.0,1,0,0,0,unknown,0.833,1,0,0,0,1,old_building
c1b1dede76910036,인천,인천광역시 옹진군 북도면 시도리 108번지,인천광역시 옹진군 시도로104번길 151 (북도면 시도리),31021,28720,10631578,,단독주택,2004,0,1,0.0,1,0,0,0,unknown,0.833,1,0,0,0,1,old_building
c1c6506b8d800938,서울,서울특별시 금천구 가산동 7-11번지,서울특별시 금천구 벚꽃로 338-10 (가산동),10100,11545,1019113875,,다가구주택,2006,0,4,363.18,1,0,1,0,unknown,0.833,0,0,0,0,0,
c1c6d78c6e459289,인천,인천광역시 강화군 강화읍 신문리 66번지,인천광역시 강화군 남문안길 16 (강화읍 신문리),25021,28710,1062111110,,주택,1935,0,1,0.0,1,0,0,0,unknown,0.833,1,0,0,0,1,old_building
c1cd889729f1cffe,서울,서울특별시 강북구 미아동 3-199번지,서울특별시 강북구 오현로9길 29 (미아동),10100,11305,1010130936,,,2022,1,1,0.0,0,1,0,0,unknown,0.667,0,0,0,0,1,low_data_completeness
c20f6481fe9d5c07,서울,서울특별시 노원구 월계동 12번지,서울특별시 노원구 마들로 127 (월계동),10200,11350,101212703,,아파트,1987,0,1,0.0,1,0,0,0,unknown,0.833,1,0,0,0,1,old_building
c215b6a307936a9b,서울,서울특별시 강서구 염창동 113-2번지,서울특별시 강서구 양천로75길 36 (염창동),10100,11500,101714834,,다세대주택,1994,0,1,298.0,1,0,0,0,unknown,0.833,1,0,0,0,1,old_building
c21dc7c5fc84465c,서울,서울특별시 강남구 대치동 511번지,서울특별시 강남구 삼성로 150 (대치동),10600,11680,1024124926,한보미도맨션206동,,2022,1,1,0.0,0,1,0,0,unknown,0.667,0,0,0,0,1,low_data_completeness
c22250a3589223ce,인천,인천광역시 연수구 옥련동 118-3번지,인천광역시 연수구 비류대로144번길 23-4 (옥련동),10100,28185,105718293,,,2022,1,1,0.0,0,1,0,0,unknown,0.667,0,0,1,0,1,basement_or_unknown_floor|low_data_completeness
c230d6216b1d7e27,경기,경기도 광주시 경안동 20-16번지,경기도 광주시 광주대로 31 (경안동),10100,41610,1000000000000002747861,지에이타워,,2023,1,1,0.0,0,1,0,0,unknown,0.667,0,0,0,0,1,low_data_completeness
c2487cd0e426ddd6,인천,인천광역시 강화군 강화읍 신문리 205-5번지,인천광역시 강화군 강화대로 429 (강화읍 신문리),25021,28710,1062135860,중앙시장,,2022,1,1,0.0,0,1,0,0,unknown,0.667,0,0,1,0,1,basement_or_unknown_floor|low_data_completeness
c250e5443c8cbeb9,인천,인천광역시 남동구 구월동 3-8번지,인천광역시 남동구 석산로 230 (구월동),10100,28200,10581100314404,호진다온채,,2022,1,1,0.0,0,1,0,0,unknown,0.667,0,0,0,0,1,low_data_completeness
c25141630c674adb,서울,서울특별시 관악구 봉천동 1-61번지,서울특별시 관악구 관악로 294-6 (봉천동),10100,11620,1022119375,,단독주택,1990,0,2,147.24,1,0,1,0,unknown,0.833,1,0,0,0,1,old_building
c2594a7b0598c1a6,인천,인천광역시 서구 백석동 58번지,인천광역시 서구 녹색숲로22번길 21 (백석동),10100,28260,10611100240153,,빗물처리수처리장,2011,0,1,0.0,1,0,0,0,unknown,0.833,0,1,0,0,1,non_residential_main_use
c267745a3ed312a0,인천,인천광역시 강화군 강화읍 신문리 205-5번지,인천광역시 강화군 강화대로 429 (강화읍 신문리),25021,28710,1062135786,중앙시장,,2022,1,1,0.0,0,1,0,0,unknown,0.667,0,0,1,0,1,basement_or_unknown_floor|low_data_completeness
c29fde6d844d323f,인천,인천광역시 남동구 구월동 3-99번지,인천광역시 남동구 석산로228번길 17-7 (구월동),10100,28200,1000000000000000420134,호진주택,공동주택,2022,0,1,359.0,1,0,0,0,unknown,0.833,0,0,0,0,0,
c2b044f665a7e580,서울,서울특별시 강북구 미아동 3-84번지,서울특별시 강북구 오패산로30가길 8-2 (미아동),10100,11305,10101795,,다가구용 단독주택(4가구),1994,0,1,78.3,1,0,0,0,unknown,0.833,1,0,0,0,1,old_building
c2c40ff093458800,인천,인천광역시 연수구 옥련동 118-3번지,인천광역시 연수구 비류대로144번길 23-4 (옥련동),10100,28185,105718290,,,2022,1,1,0.0,0,1,0,0,unknown,0.667,0,0,1,0,1,basement_or_unknown_floor|low_data_completeness
c2c860bff2350c05,경기,경기도 광주시 경안동 10-23번지,경기도 광주시 중앙로154번길 26 (경안동),10100,41610,11251100232550,,,2022,1,1,0.0,0,1,0,0,unknown,0.667,0,0,0,0,1,low_data_completeness
c2dbaf9e16a2c3b2,경기,경기도 광주시 경안동 20-16번지,경기도 광주시 광주대로 31 (경안동),10100,41610,1000000000000002747954,지에이타워,,2023,1,1,0.0,0,1,0,0,unknown,0.667,0,0,0,0,1,low_data_completeness
c2dcdedec5acb4da,서울,서울특별시 관악구 봉천동 1-1116번지,서울특별시 관악구 청림3길 84 (봉천동),10100,11620,1022191848,,,2022,1,1,0.0,0,1,0,0,unknown,0.667,0,0,0,0,1,low_data_completeness
c2e254ac41ffdd56,서울,서울특별시 금천구 가산동 32-60번지,서울특별시 금천구 벚꽃로 328 (가산동),10100,11545,101915534,,"주택,제2종근린생활시설",1972,0,1,0.0,1,0,0,0,unknown,0.833,1,0,0,0,1,old_building
c2ffb786dbabb132,서울,서울특별시 광진구 중곡동 18-16번지,서울특별시 광진구 용마산로28길 24 (중곡동),10100,11215,1006127422,,,2022,1,1,0.0,0,1,0,0,unknown,0.667,0,0,0,0,1,low_data_completeness
c3122fd4af36e7ec,인천,인천광역시 계양구 효성동 11번지,인천광역시 계양구 봉오대로601번길 11-3 (효성동),10100,28245,106012089,,다세대주택,1991,0,1,201.0,1,0,0,0,unknown,0.833,1,0,0,0,1,old_building
c31e005b746b391b,서울,서울특별시 강서구 내발산동 647번지,서울특별시 강서구 강서로52길 43 (내발산동),10600,11500,1000000000000002238235,DH647,다세대주택,2023,0,3,71.39,0,0,0,1,unknown,0.833,0,0,0,0,0,
c322c723453195b5,인천,인천광역시 남동구 구월동 3-14번지,인천광역시 남동구 석산로228번길 7-1 (구월동),10100,28200,1058127533,동부주택2동,,2022,1,1,0.0,0,1,0,0,unknown,0.667,0,0,0,0,1,low_data_completeness
c329247322cba725,서울,서울특별시 도봉구 쌍문동 20번지,서울특별시 도봉구 도당로 7 (쌍문동),10500,11320,101114172,,"공동주택,제1종근린생활시설",1997,0,1,1654.0,1,0,0,0,unknown,0.833,1,0,0,0,1,old_building
c32a3a73a8dd64e1,경기,경기도 군포시 당동 67-9번지,경기도 군포시 군포로580번길 17 (당동),10100,41410,111312250,은성빌라,연립주택,1985,0,1,0.0,1,0,0,0,unknown,0.833,1,0,0,0,1,old_building
c32d023f4e6e0659,경기,경기도 과천시 문원동 15-40번지,경기도 과천시 공원마을4길 41 (문원동),10200,41290,110813627,우리빌,,2022,1,1,0.0,0,1,0,0,unknown,0.667,0,0,0,0,1,low_data_completeness
c33e0e65920699ad,경기,경기도 김포시 북변동 200-16번지,경기도 김포시 봉화로 164-2 (북변동),10100,41570,1000000000000003596018,MU빌리지,,2024,1,1,0.0,0,1,0,0,unknown,0.667,0,0,0,0,1,low_data_completeness
c33ec705afe546db,서울,서울특별시 강북구 미아동 3-10번지,서울특별시 강북구 오현로9길 19 (미아동),10100,11305,1010130831,,연립주택,2022,1,1,39.69,0,1,0,1,unknown,0.833,0,0,0,0,0,
c34e7bfaa88bcb52,경기,경기도 고양시 일산서구 일산동 208번지,,10100,41287,11041234202,,마을회관,2022,0,1,116.06,1,0,1,0,unknown,0.833,0,1,0,0,1,non_residential_main_use
c3584a7bd32fa130,서울,서울특별시 강동구 명일동 15번지,서울특별시 강동구 명일로 375 (명일동),10100,11740,102611199,삼익그린맨션,기타판매시설,1984,0,4,8411.768,1,0,1,0,unknown,0.833,1,1,0,0,1,old_building|non_residential_main_use
c35dfba9adeb2fd4,인천,인천광역시 옹진군 북도면 시도리 15-16번지,인천광역시 옹진군 시도로86번길 328 (북도면 시도리),31021,28720,10631100180779,,단독주택,2012,0,1,851.81,1,0,1,0,unknown,0.833,0,0,0,0,0,
c366e204e294de7a,인천,인천광역시 강화군 강화읍 신문리 205-5번지,인천광역시 강화군 강화대로 429 (강화읍 신문리),25021,28710,1062135735,중앙시장,,2022,1,1,0.0,0,1,0,0,unknown,0.667,0,0,1,0,1,basement_or_unknown_floor|low_data_completeness
c3683e277c36780b,서울,서울특별시 강동구 명일동 15번지,서울특별시 강동구 고덕로 210 (명일동),10100,11740,1026139346,삼익그린맨션,,2022,1,1,0.0,0,1,0,0,unknown,0.667,0,0,0,0,1,low_data_completeness
c3893afe23136740,서울,서울특별시 강서구 내발산동 647번지,서울특별시 강서구 강서로52길 43 (내발산동),10600,11500,1000000000000002238220,DH647,다세대주택,2023,0,4,90.81,0,0,0,1,unknown,0.833,0,0,1,0,1,basement_or_unknown_floor
c38b0758e5bb0957,인천,인천광역시 서구 백석동 58번지,인천광역시 서구 자원순환로 226-4 (백석동),10100,28260,10611100253463,,저수조,2012,0,1,0.0,1,0,0,0,unknown,0.833,0,1,1,0,1,non_residential_main_use|basement_or_unknown_floor
c391fef8d3aca5a7,인천,인천광역시 서구 백석동 블록,인천광역시 서구 한들로 73 (백석동),10100,28260,1000000000000002036474,검암역 로열파크씨티 푸르지오 2단지,,2023,1,1,0.0,0,1,0,0,unknown,0.667,0,0,0,0,1,low_data_completeness
c3962b9b37a343b1,경기,경기도 과천시 관문동 71-9번지,경기도 과천시 산마을길 31 (관문동),10100,41290,11081142,,단독주택,1981,0,2,554.5,1,0,1,0,unknown,0.833,1,0,0,0,1,old_building
c3b2d0ce441e1462,서울,서울특별시 강동구 명일동 15번지,서울특별시 강동구 고덕로 210 (명일동),10100,11740,1026138272,삼익그린맨션,,2022,1,1,0.0,0,1,0,0,unknown,0.667,0,0,0,0,1,low_data_completeness
c3c2c02870812f00,인천,인천광역시 남동구 구월동 3-23번지,인천광역시 남동구 당좌로 39 (구월동),10100,28200,10581100316218,나라사랑주택,다세대주택,2018,0,5,998.461,1,0,1,0,unknown,0.833,0,0,0,0,0,
c3cf242563487763,인천,인천광역시 계양구 효성동 1-29번지,인천광역시 계양구 새벌로 189 (효성동),10100,28245,1060113251,그린파크,,2022,1,1,0.0,0,1,0,0,unknown,0.667,0,0,0,0,1,low_data_completeness
c3e6946fffa43130,경기,경기도 군포시 당동 14-1번지,경기도 군포시 공단로 149 (당동),10100,41410,111319624,아이밸리 군포,,2022,1,1,0.0,0,1,0,0,unknown,0.667,0,0,1,0,1,basement_or_unknown_floor|low_data_completeness
c3ef819dfe33410c,서울,서울특별시 강서구 염창동 113-17번지,서울특별시 강서구 양천로75길 44 (염창동),10100,11500,101718499,동산어린이집,"교육연구및복지시설, 주택",1983,0,1,388.0,1,0,0,0,unknown,0.833,1,0,0,0,1,old_building
c3f874a53d9e73b0,경기,경기도 김포시 북변동 154-16번지,경기도 김포시 중봉로115번길 8 (북변동),10100,41570,112313608,,일반공장,1992,0,1,922.0,1,0,1,0,unknown,0.833,1,1,0,0,1,old_building|non_residential_main_use
c4065a767c0c7dea,서울,서울특별시 노원구 월계동 12번지,서울특별시 노원구 마들로 127 (월계동),10200,11350,1012141621,,,2022,1,1,0.0,0,1,0,0,unknown,0.667,0,0,0,0,1,low_data_completeness
c4106129adde8398,서울,서울특별시 도봉구 쌍문동 11-3번지,서울특별시 도봉구 도봉로139길 80-9 (쌍문동),10500,11320,10111100193047,,,2022,1,1,0.0,0,1,0,0,unknown,0.667,0,0,0,0,1,low_data_completeness
c432644be493dbee,인천,인천광역시 동구 만석동 1-1번지,인천광역시 동구 보세로26번길 24-1 (만석동),10100,28140,10551100185182,,정비공장,2018,0,2,659.87,1,0,1,0,unknown,0.833,0,1,0,0,1,non_residential_main_use
c4329b151d9a9b14,인천,인천광역시 중구 중앙동3가 4-8번지,인천광역시 중구 홍예문로 7 (중앙동3가),10300,28110,1054115505,,,2022,1,1,0.0,0,1,0,0,unknown,0.667,0,0,0,0,1,low_data_completeness
c43b77c03be99089,인천,인천광역시 연수구 옥련동 118-44번지,인천광역시 연수구 한진로 77 (옥련동),10100,28185,1000000000000005573365,송도역 서해그랑블 더파크,,2025,1,1,0.0,0,1,0,0,unknown,0.667,0,0,0,0,1,low_data_completeness
c44b60a6b75d69de,경기,경기도 김포시 북변동 202번지,경기도 김포시 봉화로 168 (북변동),10100,41570,112313663,,근린생활시설,1997,0,1,349.0,1,0,0,0,unknown,0.833,1,1,0,0,1,old_building|non_residential_main_use
c45c4e5fdd71d1a6,인천,인천광역시 부평구 부평동 10-66번지,인천광역시 부평구 장제로221번길 23 (부평동),10100,28237,10591100251185,다온그린빌,,2022,1,1,0.0,0,1,0,0,unknown,0.667,0,0,0,0,1,low_data_completeness
c45c8d4837aee68f,경기,경기도 구리시 갈매동 142-23번지,,10100,41310,11091100219398,차고,교정및군사시설,1991,0,1,13141.0,1,0,0,0,unknown,0.833,1,1,0,0,1,old_building|non_residential_main_use
c4818e700f0099ab,인천,인천광역시 연수구 옥련동 81-68번지,인천광역시 연수구 독배로 111 (옥련동),10100,28185,105711719,,다세대주택,2002,0,4,795.03,1,0,1,0,unknown,0.833,1,0,0,0,1,old_building
c4899b04effc8541,경기,경기도 고양시 덕양구 주교동 202-9번지,경기도 고양시 덕양구 고양대로1290번길 11 (주교동),10100,41281,11041100241548,,제2종근린생활시설,2013,0,1,392.0,1,0,0,0,unknown,0.833,0,1,0,0,1,non_residential_main_use
c48ae15bfec8fa52,서울,서울특별시 도봉구 쌍문동 7-22번지,서울특별시 도봉구 도봉로139길 63 (쌍문동),10500,11320,1011117021,,,2022,1,1,0.0,0,1,0,0,unknown,0.667,0,0,0,0,1,low_data_completeness
c4a351d76550307a,서울,서울특별시 강서구 염창동 66-9번지,서울특별시 강서구 양천로67길 77 (염창동),10100,11500,101713830,염창동우성아파트,"아파트, 기계실, 노인정/관리실, 수위실, 지하주차장",1990,0,1,0.0,1,0,0,0,unknown,0.833,1,0,0,0,1,old_building
c4b456649426ab37,경기,경기도 고양시 일산동구 식사동 231-1번지,경기도 고양시 일산동구 견달산로210번길 47-5 (식사동),10100,41285,11041100324891,드림팰리스,,2022,1,1,0.0,0,1,0,0,unknown,0.667,0,0,0,0,1,low_data_completeness
c4c47cf5213ae5e9,서울,서울특별시 강서구 염창동 65번지,서울특별시 강서구 양천로67길 71-3 (염창동),10100,11500,10171100318500,진영리버타운,,2022,1,1,0.0,0,1,0,0,unknown,0.667,0,0,0,0,1,low_data_completeness
c4dc843e04e5742e,서울,서울특별시 구로구 신도림동 281-48번지,서울특별시 구로구 신도림로11라길 59-10 (신도림동),10100,11530,1018121269,,주택,1976,0,1,0.0,1,0,0,0,unknown,0.833,1,0,0,0,1,old_building
c4f1ff7f738db1fc,서울,서울특별시 노원구 월계동 13번지,서울특별시 노원구 마들로 111 (월계동),10200,11350,101211586,,아파트,1986,0,1,0.0,1,0,0,0,unknown,0.833,1,0,0,0,1,old_building
c5034f6a5bbc2f00,서울,서울특별시 강서구 마곡동 4-2번지,서울특별시 강서구 양천로47길 106-1 (마곡동),10500,11500,10171100250000,청솔씨티빌,다세대주택,2022,0,2,60.62,0,0,0,1,unknown,0.833,0,0,1,0,1,basement_or_unknown_floor
c50f2499e1dfdfa4,서울,서울특별시 강남구 역삼동 713-11번지,서울특별시 강남구 역삼로 307 (역삼동),10100,11680,1024124827,역삼 I'PARK,,2022,1,1,0.0,0,1,0,0,unknown,0.667,0,0,0,0,1,low_data_completeness
c516ab9661159fe8,경기,경기도 김포시 북변동 200-16번지,경기도 김포시 봉화로 164-2 (북변동),10100,41570,1000000000000003596013,MU빌리지,,2024,1,1,0.0,0,1,0,0,unknown,0.667,0,0,0,0,1,low_data_completeness
c52cd0d91c481aef,경기,경기도 김포시 북변동 168-6번지,경기도 김포시 김포대로1127번길 123 (북변동),10100,41570,112313615,,"주택,창고",1993,0,1,754.0,1,0,0,0,unknown,0.833,1,0,0,0,1,old_building
c538e8a3f578d903,서울,서울특별시 강서구 염창동 65번지,서울특별시 강서구 양천로67길 71-3 (염창동),10100,11500,10171100318489,진영리버타운,,2022,1,1,0.0,0,1,0,0,unknown,0.667,0,0,0,0,1,low_data_completeness
c53e182556aac31b,서울,서울특별시 강서구 가양동 14-3번지,서울특별시 강서구 양천로 489 (가양동),10400,11500,1017130147,가양우성아파트,기타판매시설,2022,0,1,17.35,0,0,0,1,unknown,0.833,0,1,0,0,1,non_residential_main_use
c54c0e70b9223542,경기,경기도 고양시 일산동구 식사동 13-8번지,,10100,41285,11041100436804,저장고(탄20),교정및군사시설,1976,0,1,652295.0,1,0,0,0,unknown,0.833,1,1,0,0,1,old_building|non_residential_main_use
c55176d926360fd2,서울,서울특별시 도봉구 쌍문동 25-5번지,서울특별시 도봉구 방학로7길 63-5 (쌍문동),10500,11320,10111596,,주택,1971,0,1,0.0,1,0,0,0,unknown,0.833,1,0,0,0,1,old_building
c56bc009ffb71bda,인천,인천광역시 강화군 강화읍 신문리 205-5번지,인천광역시 강화군 강화대로 429 (강화읍 신문리),25021,28710,1062135714,중앙시장,,2022,1,1,0.0,0,1,0,0,unknown,0.667,0,0,1,0,1,basement_or_unknown_floor|low_data_completeness
c56fd893feb60107,서울,서울특별시 구로구 신도림동 271-25번지,서울특별시 구로구 신도림로19길 144 (신도림동),10100,11530,10181100189181,신도림삼성쉐르빌 1,,2022,1,1,0.0,0,1,0,0,unknown,0.667,0,0,0,0,1,low_data_completeness
c574d78d085cc69c,인천,인천광역시 옹진군 북도면 시도리 46-16번지,인천광역시 옹진군 시도로86번길 291-80 (북도면 시도리),31021,28720,10631100215699,,사무소,2022,0,2,441.68,1,0,1,0,unknown,0.833,0,1,0,0,1,non_residential_main_use
c581156870d1ecc1,경기,경기도 김포시 북변동 171번지,경기도 김포시 김포대로1127번길 129 (북변동),10100,41570,1000000000000000599381,,근린생활시설,2022,0,1,0.0,1,0,0,0,unknown,0.833,0,1,0,0,1,non_residential_main_use
c584b0d90ab86aa8,경기,경기도 가평군 가평읍 읍내리 214번지,경기도 가평군 가평제방길 233 (가평읍 읍내리),25021,41820,1000000000000002714523,힐스테이트 가평 더뉴클래스,,2023,1,1,0.0,0,1,0,0,unknown,0.667,0,0,0,0,1,low_data_completeness
c58c2dd87b3bd10d,서울,서울특별시 구로구 신도림동 279-3번지,서울특별시 구로구 신도림로15길 77 (신도림동),10100,11530,1018120739,,제2종근린생활시설,1975,0,1,0.0,1,0,0,0,unknown,0.833,1,1,0,0,1,old_building|non_residential_main_use
c590be795bc80ee7,경기,경기도 고양시 일산서구 일산동 551-31번지,경기도 고양시 일산서구 일중로55번길 15 (일산동),10100,41287,11041239237,,단독주택,2002,0,1,199.0,1,0,0,0,unknown,0.833,1,0,0,0,1,old_building
c59c304bc46d08bb,경기,경기도 광명시 광명동 24-6번지,경기도 광명시 광삼로13번길 28-20 (광명동),10100,41210,10981712,,단독주택,1971,0,1,164.71,1,0,1,0,unknown,0.833,1,0,0,0,1,old_building
c5a5b5ad05550868,경기,경기도 구리시 갈매동 136-1번지,경기도 구리시 갈매순환로 233 (갈매동),10100,41310,11091249,,소매점,2007,0,1,83.65,1,0,1,0,unknown,0.833,0,1,0,0,1,non_residential_main_use
c5a9c2ca084a541e,경기,경기도 군포시 당동 69-5번지,경기도 군포시 군포로580번길 37 (당동),10100,41410,111312252,,제1종근린생활시설및다세대주택,2001,0,1,180.54,1,0,0,0,unknown,0.833,1,0,0,0,1,old_building
c5b67536bd9640a6,인천,인천광역시 미추홀구 숭의동 1-158번지,인천광역시 미추홀구 경인로142번길 19-10 (숭의동),10100,28177,105617935,,다세대,1991,0,1,0.0,1,0,0,0,unknown,0.833,1,0,0,0,1,old_building
c5cb615799f2e663,경기,경기도 고양시 일산동구 식사동 13-8번지,,10100,41285,11041100436825,면회장,국방ㆍ군사시설,1998,0,1,652343.15,1,0,1,0,unknown,0.833,1,1,0,0,1,old_building|non_residential_main_use
c5cce1fa34004650,서울,서울특별시 강북구 미아동 3-12번지,서울특별시 강북구 오현로9길 13 (미아동),10100,11305,10101100195789,,다세대주택,2011,0,4,1154.43,1,0,1,0,unknown,0.833,0,0,0,0,0,
c5cd1e3f08901fb2,인천,인천광역시 연수구 옥련동 118-3번지,인천광역시 연수구 비류대로144번길 23-2 (옥련동),10100,28185,105718281,,,2022,1,1,0.0,0,1,0,0,unknown,0.667,0,0,1,0,1,basement_or_unknown_floor|low_data_completeness
c5e3fbc30f5861ea,경기,경기도 광명시 광명동 24-44번지,경기도 광명시 광삼로13번길 30-8 (광명동),10100,41210,1098117394,,,2022,1,1,0.0,0,1,0,0,unknown,0.667,0,0,1,0,1,basement_or_unknown_floor|low_data_completeness
c5f7570146f11deb,서울,서울특별시 광진구 중곡동 18-4번지,서울특별시 광진구 용마산로28길 8 (중곡동),10100,11215,10061100230893,,,2022,1,1,0.0,0,1,0,0,unknown,0.667,0,0,0,0,1,low_data_completeness
c5fca9071f5cc2e5,인천,인천광역시 연수구 옥련동 118-3번지,인천광역시 연수구 비류대로144번길 23-2 (옥련동),10100,28185,105718284,,,2022,1,1,0.0,0,1,0,0,unknown,0.667,0,0,1,0,1,basement_or_unknown_floor|low_data_completeness
c5fde1a7558ab7e9,인천,인천광역시 서구 백석동 블록,인천광역시 서구 한들로 73 (백석동),10100,28260,1000000000000002036833,검암역 로열파크씨티 푸르지오 2단지,,2023,1,1,0.0,0,1,0,0,unknown,0.667,0,0,0,0,1,low_data_completeness
c6136de5b3918147,서울,서울특별시 강서구 방화동 128-1번지,서울특별시 강서구 방화대로52가길 36 (방화동),10900,11500,10171167851,한림빌리지,연립주택,2022,0,2,93.62,0,0,0,1,unknown,0.833,0,0,1,0,1,basement_or_unknown_floor
c6141105184ed428,서울,서울특별시 도봉구 쌍문동 10-1번지,서울특별시 도봉구 도봉로139길 74-3 (쌍문동),10500,11320,1011117027,,,2022,1,1,0.0,0,1,0,0,unknown,0.667,0,0,0,0,1,low_data_completeness
c616834e9f79d64e,경기,경기도 김포시 북변동 170-1번지,경기도 김포시 중봉로115번길 48 (북변동),10100,41570,11231100208885,,단독주택,2010,0,1,0.0,1,0,0,0,unknown,0.833,0,0,0,0,0,
c619aa05514077fd,서울,서울특별시 노원구 월계동 12번지,서울특별시 노원구 마들로 127 (월계동),10200,11350,10121134275,,,2022,1,1,0.0,0,1,0,0,unknown,0.667,0,0,0,0,1,low_data_completeness
c624b068460aad19,서울,서울특별시 관악구 봉천동 1-320번지,서울특별시 관악구 청림3마길 17-18 (봉천동),10100,11620,1022123734,,단독주택,1991,0,1,0.0,1,0,0,0,unknown,0.833,1,0,0,0,1,old_building
c62e5959202b98da,경기,경기도 광주시 경안동 19-7번지,경기도 광주시 광주대로55번길 7-4 (경안동),10100,41610,1125171986,,,2022,1,1,0.0,0,1,0,0,unknown,0.667,0,0,1,0,1,basement_or_unknown_floor|low_data_completeness
c64daffe06a5a72a,경기,경기도 김포시 북변동 200-19번지,경기도 김포시 봉화로 164 (북변동),10100,41570,1123140620,한터하이빌,,2022,1,1,0.0,0,1,0,0,unknown,0.667,0,0,0,0,1,low_data_completeness
c65591872520b36e,서울,서울특별시 구로구 신도림동 271-25번지,서울특별시 구로구 신도림로19길 144 (신도림동),10100,11530,10181100189171,신도림삼성쉐르빌 1,,2022,1,1,0.0,0,1,0,0,unknown,0.667,0,0,0,0,1,low_data_completeness
c66e82dbbcd9e60b,경기,경기도 고양시 일산서구 일산동 488-14번지,,10100,41287,11041235723,,단독주택,1987,0,1,167.52,1,0,1,0,unknown,0.833,1,0,0,0,1,old_building
c69d8003b1492ac2,서울,서울특별시 강남구 역삼동 209-1번지,,10100,11680,1024114847,,기타위험물저장처리시설,1998,0,1,1245.33,1,0,1,0,unknown,0.833,1,1,0,0,1,old_building|non_residential_main_use
c6bc5bcaf0495379,서울,서울특별시 금천구 가산동 41-7번지,서울특별시 금천구 벚꽃로42길 18 (가산동),10100,11545,1019146406,,,2022,1,1,0.0,0,1,0,0,unknown,0.667,0,0,0,0,1,low_data_completeness
c6c02407d9328edb,인천,인천광역시 계양구 효성동 1-30번지,인천광역시 계양구 길마로 98 (효성동),10100,28245,1060113271,삼성하이츠맨션,,2023,1,1,0.0,0,1,0,0,unknown,0.667,0,0,0,0,1,low_data_completeness
c6c3c935407f71d8,경기,경기도 광명시 광명동 25-9번지,경기도 광명시 광명로928번길 41-8 (광명동),10100,41210,1098117431,,,2022,1,1,0.0,0,1,0,0,unknown,0.667,0,0,1,0,1,basement_or_unknown_floor|low_data_completeness
c6d687b0b526eaed,인천,인천광역시 강화군 강화읍 신문리 37-2번지,,25021,28710,1062117665,,주택,1935,0,1,0.0,1,0,0,0,unknown,0.833,1,0,0,0,1,old_building
c6dbaab37b423a1d,서울,서울특별시 강서구 방화동 129-2번지,서울특별시 강서구 양천로27길 115-9 (방화동),10900,11500,10171100247756,소담밸리,사무소,2022,0,2,76.57,0,0,0,1,unknown,0.833,0,1,1,0,1,non_residential_main_use|basement_or_unknown_floor
c6e7e91179902935,경기,경기도 군포시 당동 14-1번지,경기도 군포시 공단로 149 (당동),10100,41410,111319616,아이밸리 군포,,2022,1,1,0.0,0,1,0,0,unknown,0.667,0,0,1,0,1,basement_or_unknown_floor|low_data_completeness
c6ef27d806516cc6,인천,인천광역시 미추홀구 숭의동 1-93번지,인천광역시 미추홀구 경인로142번길 61 (숭의동),10100,28177,105612196,,"주택, 근린생활시설",1991,0,1,0.0,1,0,0,0,unknown,0.833,1,0,0,0,1,old_building
c6ef843da2d088ad,경기,경기도 광주시 경안동 19-7번지,경기도 광주시 광주대로55번길 7-4 (경안동),10100,41610,1125171987,,,2022,1,1,0.0,0,1,0,0,unknown,0.667,0,0,1,0,1,basement_or_unknown_floor|low_data_completeness
c6f34d33a16c222d,경기,경기도 과천시 문원동 15-39번지,경기도 과천시 공원마을4길 39 (문원동),10200,41290,110813615,우리빌,,2022,1,1,0.0,0,1,0,0,unknown,0.667,0,0,0,0,1,low_data_completeness
c6f62ff33f54521f,인천,인천광역시 동구 만석동 1-48번지,인천광역시 동구 보세로26번길 24-18 (만석동),10100,28140,10551100182181,정석시스템,기타공장,2014,0,2,832.6,1,0,1,0,unknown,0.833,0,1,0,0,1,non_residential_main_use
c715dde1c64e31a9,인천,인천광역시 미추홀구 숭의동 1-63번지,인천광역시 미추홀구 수봉로33번길 28-26 (숭의동),10100,28177,105612179,,"근린생활시설, 주택",1995,0,1,148.0,1,0,0,0,unknown,0.833,1,0,0,0,1,old_building
c7286c0a9faa2e9b,인천,인천광역시 미추홀구 숭의동 1-6번지,인천광역시 미추홀구 경인로 162 (숭의동),10100,28177,105612165,,단독주택,1970,0,3,238.35,1,0,1,0,unknown,0.833,1,0,0,0,1,old_building
c7300e915b1825e6,인천,인천광역시 부평구 부평동 10-21번지,인천광역시 부평구 주부토로100번길 7 (부평동),10100,28237,10591181301,로얄하이츠빌라,,2022,1,1,0.0,0,1,0,0,unknown,0.667,0,0,0,0,1,low_data_completeness
c74d0da76666635c,인천,인천광역시 강화군 강화읍 신문리 1-2번지,인천광역시 강화군 강화대로 403 (강화읍 신문리),25021,28710,106218241,,소매점,1977,0,2,127.16,1,0,1,0,unknown,0.833,1,1,0,0,1,old_building|non_residential_main_use
c752955adcca9076,서울,서울특별시 광진구 중곡동 18-17번지,서울특별시 광진구 용마산로28길 14-7 (중곡동),10100,11215,1006127425,,,2022,1,1,0.0,0,1,0,0,unknown,0.667,0,0,0,0,1,low_data_completeness
c75753a3556e2567,인천,인천광역시 서구 백석동 블록,인천광역시 서구 한들로 73 (백석동),10100,28260,1000000000000002036740,검암역 로열파크씨티 푸르지오 2단지,,2023,1,1,0.0,0,1,0,0,unknown,0.667,0,0,0,0,1,low_data_completeness
c75a1d3fd1a3c17d,경기,경기도 구리시 갈매동 510번지,경기도 구리시 갈매순환로204번길 65 (갈매동),10100,41310,11091100207251,구리 스마트벤처타워,,2022,1,1,0.0,0,1,0,0,unknown,0.667,0,0,0,0,1,low_data_completeness
c7641b3a280c2fc5,경기,경기도 고양시 일산서구 일산동 551-16번지,경기도 고양시 일산서구 고양대로 701-6 (일산동),10100,41287,11041100176580,대명아트빌,,2022,1,1,0.0,0,1,0,0,unknown,0.667,0,0,0,0,1,low_data_completeness
c77b1449b16e1ade,서울,서울특별시 구로구 신도림동 281-43번지,서울특별시 구로구 신도림로11라길 59-20 (신도림동),10100,11530,1018117285,,주택,1976,0,1,0.0,1,0,0,0,unknown,0.833,1,0,0,0,1,old_building
c78175176fc3b720,인천,인천광역시 옹진군 북도면 시도리 184-2번지,인천광역시 옹진군 시도로86번길 167 (북도면 시도리),31021,28720,10631586,,단독주택,2004,0,1,590.0,1,0,0,0,unknown,0.833,1,0,0,0,1,old_building
c78999c64952c376,인천,인천광역시 연수구 옥련동 116-11번지,인천광역시 연수구 비류대로156번길 17 (옥련동),10100,28185,10571100180087,,다가구주택,2009,0,3,337.87,1,0,1,0,unknown,0.833,0,0,0,0,0,
c789b63091064471,인천,인천광역시 동구 만석동 1-19번지,인천광역시 동구 보세로26번길 21 (만석동),10100,28140,10551100176999,,일반공장,2009,0,1,1390.33,1,0,1,0,unknown,0.833,0,1,0,0,1,non_residential_main_use
c7a3301d50f1dc3e,서울,서울특별시 강서구 가양동 14-3번지,서울특별시 강서구 양천로 489 (가양동),10400,11500,10171120544,가양우성아파트,아파트,2022,0,2,104.48,0,0,0,1,unknown,0.833,0,0,0,0,0,
c7aef83fbf19ee3d,경기,경기도 군포시 당동 14-1번지,경기도 군포시 공단로 149 (당동),10100,41410,111312242,아이밸리 군포,기타공장,2003,0,8,43413.41,1,0,1,0,unknown,0.833,1,1,0,0,1,old_building|non_residential_main_use
c7b3e6559ffcf714,인천,인천광역시 미추홀구 숭의동 1-104번지,인천광역시 미추홀구 수봉로21번길 26 (숭의동),10100,28177,105612204,,단독주택 외1,1978,0,1,0.0,1,0,0,0,unknown,0.833,1,0,0,0,1,old_building
c7bd713fe4c2e947,경기,경기도 과천시 문원동 15-31번지,경기도 과천시 공원마을3길 49 (문원동),10200,41290,11081100179139,갤러리 House,,2022,1,1,0.0,0,1,0,0,unknown,0.667,0,0,0,0,1,low_data_completeness
c7c5d7c448623053,인천,인천광역시 미추홀구 숭의동 1-10번지,인천광역시 미추홀구 경인로 150 (숭의동),10100,28177,10561100237809,한우리,,2022,1,1,0.0,0,1,0,0,unknown,0.667,0,0,0,0,1,low_data_completeness
c7c7fb663f1b1b92,서울,서울특별시 광진구 중곡동 18-5번지,서울특별시 광진구 용마산로28길 10 (중곡동),10100,11215,10061734,,제조업소,1997,0,5,620.06,1,0,1,0,unknown,0.833,1,1,0,0,1,old_building|non_residential_main_use
c7d7b783c8c883ea,서울,서울특별시 구로구 신도림동 276-59번지,서울특별시 구로구 구로중앙로42길 146 (신도림동),10100,11530,101817930,,공장,1975,0,1,0.0,1,0,0,0,unknown,0.833,1,1,0,0,1,old_building|non_residential_main_use
c7eb6b859a158c76,서울,서울특별시 강남구 역삼동 601-20번지,서울특별시 강남구 봉은사로6길 10 (역삼동),10100,11680,1024121610,,업무시설   교육시설,1989,0,1,763.4,1,0,0,0,unknown,0.833,1,1,0,0,1,old_building|non_residential_main_use
c7ed05d749ddff5b,서울,서울특별시 광진구 중곡동 18-1번지,서울특별시 광진구 용마산로 160 (중곡동),10100,11215,10061730,,소매점,1989,0,4,906.55,1,0,1,0,unknown,0.833,1,1,0,0,1,old_building|non_residential_main_use
c84ffba819b156e0,인천,인천광역시 연수구 옥련동 118-14번지,인천광역시 연수구 비류대로144번길 26 (옥련동),10100,28185,105718304,,,2022,1,1,0.0,0,1,0,0,unknown,0.667,0,0,1,0,1,basement_or_unknown_floor|low_data_completeness
c8537d001b117326,서울,서울특별시 도봉구 쌍문동 8-1번지,서울특별시 도봉구 방학로5길 38 (쌍문동),10500,11320,10111537,,기타제1종근린생활시설,1983,0,2,225.33,1,0,1,0,unknown,0.833,1,1,0,0,1,old_building|non_residential_main_use
c86a49721e7a4a4f,경기,경기도 고양시 덕양구 주교동 250-11번지,경기도 고양시 덕양구 원당로33번길 66 (주교동),10100,41281,11041100205493,,단독주택 및 근린생활시설,2010,0,1,330.0,1,0,0,0,unknown,0.833,0,0,0,0,0,
c88ae41b35e3d660,인천,인천광역시 계양구 효성동 1-13번지,인천광역시 계양구 길마로88번길 9 (효성동),10100,28245,1060113230,원익그린맨션,,2022,1,1,0.0,0,1,0,0,unknown,0.667,0,0,0,0,1,low_data_completeness
c89386d0ce5fe7ef,서울,서울특별시 구로구 신도림동 279-9번지,서울특별시 구로구 신도림로11라길 53 (신도림동),10100,11530,101815019,,"연립주택, 창고",1975,0,1,0.0,1,0,0,0,unknown,0.833,1,0,0,0,1,old_building
c89951426cadf14c,서울,서울특별시 강남구 역삼동 601-29번지,서울특별시 강남구 강남대로110길 19-1 (역삼동),10100,11680,10241100302385,케이빌딩,일반음식점,2022,0,1,115.02,0,0,0,1,unknown,0.833,0,1,0,0,1,non_residential_main_use
c8b6bfc4bcfc8d76,인천,인천광역시 미추홀구 숭의동 1-11번지,인천광역시 미추홀구 경인로 148 (숭의동),10100,28177,10561100237023,다우림,,2022,1,1,0.0,0,1,0,0,unknown,0.667,0,0,0,0,1,low_data_completeness
c8d0b25c8af85462,인천,인천광역시 동구 만석동 1-41번지,인천광역시 동구 만석부두로7번길 15-21 (만석동),10100,28140,10551100179941,,제조업소,2011,0,1,1334.88,1,0,1,0,unknown,0.833,0,1,0,0,1,non_residential_main_use
c8dfb555cab25d8e,인천,인천광역시 미추홀구 숭의동 1-10번지,인천광역시 미추홀구 경인로 150 (숭의동),10100,28177,10561100237771,한우리,,2022,1,1,0.0,0,1,0,0,unknown,0.667,0,0,0,0,1,low_data_completeness
c8e62e630f22de45,인천,인천광역시 중구 중앙동3가 4-8번지,인천광역시 중구 홍예문로 7 (중앙동3가),10300,28110,1054115598,,,2022,1,1,0.0,0,1,0,0,unknown,0.667,0,0,0,0,1,low_data_completeness
c8f3a4827a7d0e97,경기,경기도 고양시 일산동구 식사동 236-6번지,경기도 고양시 일산동구 견달산로210번길 45-11 (식사동),10100,41285,11041100218302,루미나리,,2022,1,1,0.0,0,1,0,0,unknown,0.667,0,0,0,0,1,low_data_completeness
c9136817bc00ea15,인천,인천광역시 남동구 구월동 3-5번지,인천광역시 남동구 석산로 230-3 (구월동),10100,28200,1058127529,조은그린빌,,2022,1,1,0.0,0,1,0,0,unknown,0.667,0,0,0,0,1,low_data_completeness
c91a184a9ffb2de7,서울,서울특별시 노원구 월계동 18번지,서울특별시 노원구 마들로 31 (월계동),10200,11350,101213208,그랑빌아파트,공동주택(아파트),2002,0,1,0.0,1,0,0,0,unknown,0.833,1,0,0,0,1,old_building
c91a7c6f8d9f0911,경기,경기도 김포시 북변동 200-24번지,경기도 김포시 봉화로 158 (북변동),10100,41570,112313660,,근린생활시설(소매점),1995,0,1,71.0,1,0,0,0,unknown,0.833,1,1,0,0,1,old_building|non_residential_main_use
c91ff6683af40476,인천,인천광역시 계양구 효성동 21-6번지,인천광역시 계양구 길마로 57 (효성동),10100,28245,106012091,동서아파트,공동주택,2022,0,1,0.0,1,0,0,0,unknown,0.833,0,0,0,0,0,
c9337b5e4373e5ad,경기,경기도 김포시 북변동 200-9번지,경기도 김포시 봉화로 164-24 (북변동),10100,41570,112313651,,주택,2022,0,1,278.0,1,0,0,0,unknown,0.833,0,0,0,0,0,
c938fb9cb939c553,서울,서울특별시 노원구 월계동 12번지,서울특별시 노원구 마들로 127 (월계동),10200,11350,10121182582,,,2022,1,1,0.0,0,1,0,0,unknown,0.667,0,0,0,0,1,low_data_completeness
c95f573a5f633f6c,경기,경기도 광주시 경안동,,10100,41610,1125110798,,단독주택,2022,0,1,19.71,1,0,1,0,unknown,0.833,0,0,0,0,0,
c977fb9ad9922991,경기,경기도 가평군 가평읍 읍내리 214번지,경기도 가평군 가평제방길 233 (가평읍 읍내리),25021,41820,1000000000000002714526,힐스테이트 가평 더뉴클래스,,2023,1,1,0.0,0,1,0,0,unknown,0.667,0,0,0,0,1,low_data_completeness
c97b2c39d1971631,인천,인천광역시 남동구 구월동 3-23번지,인천광역시 남동구 당좌로 39 (구월동),10100,28200,10581100316220,나라사랑주택,,2022,1,1,0.0,0,1,0,0,unknown,0.667,0,0,0,0,1,low_data_completeness
c9822016e818944f,인천,인천광역시 중구 중앙동2가 20-13번지,인천광역시 중구 신포로23번길 68 (중앙동2가),10200,28110,10541673,,주택,2022,0,1,0.0,1,0,0,0,unknown,0.833,0,0,0,0,0,
c995b274fe0fcd37,서울,서울특별시 노원구 월계동 13번지,서울특별시 노원구 마들로 111 (월계동),10200,11350,101211591,,아파트,1986,0,1,0.0,1,0,0,0,unknown,0.833,1,0,0,0,1,old_building
c9a57cba522ce270,인천,인천광역시 동구 만석동 1-53번지,인천광역시 동구 보세로26번길 24-36 (만석동),10100,28140,10551100181554,,,2022,1,1,0.0,0,1,0,0,unknown,0.667,0,0,0,0,1,low_data_completeness
c9a583f5d5b706c5,인천,인천광역시 부평구 부평동 10-21번지,인천광역시 부평구 주부토로100번길 7 (부평동),10100,28237,10591181302,로얄하이츠빌라,,2022,1,1,0.0,0,1,0,0,unknown,0.667,0,0,0,0,1,low_data_completeness
c9a8bf296ca9ad1f,서울,서울특별시 강서구 염창동 79번지,서울특별시 강서구 양천로69길 49 (염창동),10100,11500,1017124882,서울염경초등학교,교육연구및복지시설,2005,0,1,8409.0,1,0,0,0,unknown,0.833,1,1,0,0,1,old_building|non_residential_main_use
c9c8c9d2fc0e703e,인천,인천광역시 동구 만석동 5-21번지,인천광역시 동구 인중로 440-1 (만석동),10100,28140,1055112120,서해빌라,,2022,1,1,0.0,0,1,0,0,unknown,0.667,0,0,1,0,1,basement_or_unknown_floor|low_data_completeness
c9d3be725731fb6b,경기,경기도 고양시 덕양구 주교동,,10100,41281,110411531,,단독주택,2022,0,1,52.95,1,0,1,0,unknown,0.833,0,0,0,0,0,
c9f2ce6a1c95a664,인천,인천광역시 부평구 부평동 10-21번지,인천광역시 부평구 주부토로100번길 7 (부평동),10100,28237,10591181306,로얄하이츠빌라,,2022,1,1,0.0,0,1,0,0,unknown,0.667,0,0,0,0,1,low_data_completeness
c9f30ec6a6d8f461,서울,서울특별시 관악구 봉천동 1-70번지,서울특별시 관악구 청림3다길 12 (봉천동),10100,11620,1022197280,,,2022,1,1,0.0,0,1,0,0,unknown,0.667,0,0,0,0,1,low_data_completeness
c9f528da60ec0402,서울,서울특별시 강서구 개화동 421-70번지,서울특별시 강서구 개화동로5길 9-11 (개화동),11000,11500,10171100238146,경동 미르웰,다세대주택,2022,0,1,30.95,0,0,0,1,unknown,0.833,0,0,0,0,0,
c9fb5d44336ab571,서울,서울특별시 도봉구 쌍문동 11-3번지,서울특별시 도봉구 도봉로139길 80-9 (쌍문동),10500,11320,10111100193052,,,2022,1,1,0.0,0,1,0,0,unknown,0.667,0,0,0,0,1,low_data_completeness
ca118b1270c123e2,인천,인천광역시 동구 만석동 5-6번지,인천광역시 동구 인중로 438 (만석동),10100,28140,1055112105,,,2022,1,1,0.0,0,1,0,0,unknown,0.667,0,0,0,0,1,low_data_completeness
ca3984ab5cecd3f3,서울,서울특별시 강동구 명일동 42번지,서울특별시 강동구 고덕로62길 76 (명일동),10100,11740,102611817,우성아파트,아파트,1986,0,1,0.0,1,0,0,0,unknown,0.833,1,0,0,0,1,old_building
ca676da9546cbb4e,인천,인천광역시 계양구 효성동 1-72번지,인천광역시 계양구 새벌로 183-1 (효성동),10100,28245,106012069,삼성하이츠맨션,공동주택,2002,0,1,173.0,1,0,0,0,unknown,0.833,1,0,0,0,1,old_building
ca6db0847d483958,인천,인천광역시 동구 만석동 2-18번지,인천광역시 동구 보세로 51 (만석동),10100,28140,10551225,B동,공장,1988,0,1,0.0,1,0,0,0,unknown,0.833,1,1,0,0,1,old_building|non_residential_main_use
ca8525de35a95d0f,인천,인천광역시 부평구 부평동 10-233번지,인천광역시 부평구 주부토로100번길 20 (부평동),10100,28237,10591100263628,스마트빌,,2022,1,1,0.0,0,1,0,0,unknown,0.667,0,0,0,0,1,low_data_completeness
ca9b2a94251b3790,인천,인천광역시 미추홀구 숭의동 1-10번지,인천광역시 미추홀구 경인로 150 (숭의동),10100,28177,10561100237795,한우리,,2022,1,1,0.0,0,1,0,0,unknown,0.667,0,0,0,0,1,low_data_completeness
caa903189c7f149a,서울,서울특별시 강남구 대치동 511번지,서울특별시 강남구 삼성로 150 (대치동),10600,11680,1024125416,한보미도맨션210동,,2022,1,1,0.0,0,1,0,0,unknown,0.667,0,0,0,0,1,low_data_completeness
caab2d16a0873905,서울,서울특별시 구로구 신도림동 271-25번지,서울특별시 구로구 신도림로19길 144 (신도림동),10100,11530,10181100189186,신도림삼성쉐르빌 1,,2022,1,1,0.0,0,1,0,0,unknown,0.667,0,0,0,0,1,low_data_completeness
cab34e2373a72514,경기,경기도 군포시 당동 134-7번지,경기도 군포시 공단로 107-1 (당동),10100,41410,11131558,,"제1종근린생활시설,소매점",2003,0,1,361.0,1,0,0,0,unknown,0.833,1,1,0,0,1,old_building|non_residential_main_use
cac6ca8c53b35d1b,경기,경기도 군포시 당동 14-1번지,경기도 군포시 공단로 149 (당동),10100,41410,111319617,아이밸리 군포,,2022,1,1,0.0,0,1,0,0,unknown,0.667,0,0,1,0,1,basement_or_unknown_floor|low_data_completeness
cad2aae3a8fdd9c9,인천,인천광역시 옹진군 북도면 시도리 46-14번지,인천광역시 옹진군 시도로86번길 291-64 (북도면 시도리),31021,28720,10631100209619,,단독주택,2020,0,2,528.55,1,0,1,0,unknown,0.833,0,0,0,0,0,
cad9d4260b55fb43,인천,인천광역시 연수구 옥련동 116-51번지,인천광역시 연수구 한진로72번길 47 (옥련동),10100,28185,10571100217814,송도메종도르,일반음식점,2015,0,1,190.0,1,0,0,0,unknown,0.833,0,1,0,0,1,non_residential_main_use
cae6c706c363b5c5,인천,인천광역시 부평구 부평동 10-221번지,인천광역시 부평구 부흥북로57번길 27 (부평동),10100,28237,1059118837,,"주택, 점포",2022,0,1,0.0,1,0,0,0,unknown,0.833,0,0,0,0,0,
cafbd0f707fcee42,인천,인천광역시 강화군 강화읍 신문리 205-5번지,인천광역시 강화군 강화대로 429 (강화읍 신문리),25021,28710,1062135717,중앙시장,,2022,1,1,0.0,0,1,0,0,unknown,0.667,0,0,1,0,1,basement_or_unknown_floor|low_data_completeness
cafcd51837a4e7f0,서울,서울특별시 광진구 중곡동 18-7번지,서울특별시 광진구 용마산로26길 3-2 (중곡동),10100,11215,10061736,,단독주택,1988,0,2,510.63,1,0,1,0,unknown,0.833,1,0,0,0,1,old_building
cafce0a0fbd43e1f,서울,서울특별시 구로구 신도림동 281-49번지,서울특별시 구로구 신도림로11라길 59-8 (신도림동),10100,11530,101817317,,주택,1976,0,1,0.0,1,0,0,0,unknown,0.833,1,0,0,0,1,old_building
cb0325529ae5fd2d,경기,경기도 광주시 경안동 20-16번지,경기도 광주시 광주대로 31 (경안동),10100,41610,1000000000000002748034,지에이타워,,2023,1,1,0.0,0,1,0,0,unknown,0.667,0,0,0,0,1,low_data_completeness
cb15d18ce9541777,서울,서울특별시 강서구 염창동 65번지,서울특별시 강서구 양천로67길 71-3 (염창동),10100,11500,10171100318508,진영리버타운,,2022,1,1,0.0,0,1,0,0,unknown,0.667,0,0,0,0,1,low_data_completeness
cb266525a13935e1,경기,경기도 구리시 갈매동 510번지,경기도 구리시 갈매순환로204번길 65 (갈매동),10100,41310,11091100207202,구리 스마트벤처타워,,2022,1,1,0.0,0,1,0,0,unknown,0.667,0,0,0,0,1,low_data_completeness
cb33c72da499127a,인천,인천광역시 중구 중앙동3가 4-8번지,인천광역시 중구 홍예문로 7 (중앙동3가),10300,28110,1054115590,,,2022,1,1,0.0,0,1,0,0,unknown,0.667,0,0,0,0,1,low_data_completeness
cb3b6f55a6d3f736,경기,경기도 구리시 갈매동 510번지,경기도 구리시 갈매순환로204번길 65 (갈매동),10100,41310,11091100207229,구리 스마트벤처타워,,2022,1,1,0.0,0,1,0,0,unknown,0.667,0,0,0,0,1,low_data_completeness
cb49a9694412d84d,경기,경기도 고양시 일산동구 식사동 13-8번지,,10100,41285,11041100436815,저장고(탄26),국방ㆍ군사시설,1973,0,1,652544.48,1,0,1,0,unknown,0.833,1,1,0,0,1,old_building|non_residential_main_use
cb67d3077f7e4f7d,서울,서울특별시 금천구 가산동 40-8번지,서울특별시 금천구 벚꽃로42길 17 (가산동),10100,11545,1019142514,,,2022,1,1,0.0,0,1,0,0,unknown,0.667,0,0,0,0,1,low_data_completeness
cb6a1fde812c8bbb,서울,서울특별시 도봉구 쌍문동 7-22번지,서울특별시 도봉구 도봉로139길 63 (쌍문동),10500,11320,1011117022,,,2022,1,1,0.0,0,1,0,0,unknown,0.667,0,0,0,0,1,low_data_completeness
cb8285bd5b54ed9f,경기,경기도 구리시 갈매동 142-46번지,경기도 구리시 금강로 100 (갈매동),10100,41310,11091272,,동물관련시설,2003,0,1,1425.0,1,0,0,0,unknown,0.833,1,1,0,0,1,old_building|non_residential_main_use
cb95b3440074576e,서울,서울특별시 강서구 염창동 57번지,서울특별시 강서구 양천로67길 50-33 (염창동),10100,11500,1017171450,지오빌,아파트,2022,1,2,100.11,0,1,0,1,unknown,0.833,0,0,1,0,1,basement_or_unknown_floor
cb96c0fbe1c3b0b7,서울,서울특별시 노원구 월계동 12번지,서울특별시 노원구 마들로 127 (월계동),10200,11350,10121170312,,,2022,1,1,0.0,0,1,0,0,unknown,0.667,0,0,0,0,1,low_data_completeness
cb972f624449073a,인천,인천광역시 강화군 강화읍 신문리 2-24번지,인천광역시 강화군 강화대로409번길 5-1 (강화읍 신문리),25021,28710,1062121731,,기타제1종근린생활시설,1985,0,2,271.705,1,0,1,0,unknown,0.833,1,1,0,0,1,old_building|non_residential_main_use
cbb7c44203d06a8a,서울,서울특별시 강서구 염창동 95-10번지,서울특별시 강서구 양천로73길 15 (염창동),10100,11500,10171100200233,,근린생활시설,2008,0,1,71.0,1,0,0,0,unknown,0.833,0,1,0,0,1,non_residential_main_use
cbd2c3e5f74a7a69,서울,서울특별시 광진구 중곡동 18-4번지,서울특별시 광진구 용마산로28길 8 (중곡동),10100,11215,10061100230897,,,2022,1,1,0.0,0,1,0,0,unknown,0.667,0,0,0,0,1,low_data_completeness
cbd46c274be45308,서울,서울특별시 강동구 명일동 44번지,서울특별시 강동구 고덕로 240 (명일동),10100,11740,102611175,신동아아파트,아파트,1986,0,1,0.0,1,0,0,0,unknown,0.833,1,0,0,0,1,old_building
cbdb49b14e938bb5,서울,서울특별시 도봉구 쌍문동 11-5번지,서울특별시 도봉구 도봉로139길 102 (쌍문동),10500,11320,1011117036,선우아파트,,2022,1,1,0.0,0,1,0,0,unknown,0.667,0,0,0,0,1,low_data_completeness
cbebbc546979bdec,인천,인천광역시 서구 백석동 58번지,인천광역시 서구 맑은누리로 64 (백석동),10100,28260,10611100320494,,분뇨및쓰레기처리시설,1999,0,1,0.0,1,0,0,0,unknown,0.833,1,1,0,0,1,old_building|non_residential_main_use
cbee32eada664da5,인천,인천광역시 부평구 부평동 10-43번지,인천광역시 부평구 길주남로102번길 11-11 (부평동),10100,28237,1000000000000004484339,부평동세창주택1차,,2024,1,1,0.0,0,1,0,0,unknown,0.667,0,0,0,0,1,low_data_completeness
cbf4876f1363475c,서울,서울특별시 노원구 월계동 3-7번지,서울특별시 노원구 마들로 45 (월계동),10200,11350,101211080,서울한천초등학교,기타교육연구시설,1997,0,1,36.0,1,0,1,0,unknown,0.833,1,1,0,0,1,old_building|non_residential_main_use
cc04d4909ddb2c37,경기,경기도 군포시 당동 69-13번지,경기도 군포시 군포로580번길 43 (당동),10100,41410,11131536,,주택,1984,0,1,0.0,1,0,0,0,unknown,0.833,1,0,0,0,1,old_building
cc083e7462bb1a93,인천,인천광역시 계양구 효성동 1-59번지,인천광역시 계양구 길마로 102 (효성동),10100,28245,106012064,삼성하이츠맨션,공동주택(다세대주택),2001,0,1,0.0,1,0,0,0,unknown,0.833,1,0,0,0,1,old_building
cc123ac8ee95f01c,경기,경기도 과천시 문원동 15-39번지,경기도 과천시 공원마을4길 39 (문원동),10200,41290,110813617,우리빌,,2022,1,1,0.0,0,1,0,0,unknown,0.667,0,0,0,0,1,low_data_completeness
cc1606bad359996f,서울,서울특별시 관악구 봉천동 1-207번지,서울특별시 관악구 청림3길 79-5 (봉천동),10100,11620,10221122949,,,2022,1,1,0.0,0,1,0,0,unknown,0.667,0,0,0,0,1,low_data_completeness
cc25866fe75eda90,경기,경기도 고양시 일산서구 일산동 524-16번지,경기도 고양시 일산서구 일중로 17 (일산동),10100,41287,11041325955,포오스프라자,,2022,1,1,0.0,0,1,0,0,unknown,0.667,0,0,0,0,1,low_data_completeness
cc49400d941cacc5,서울,서울특별시 강동구 명일동 15번지,서울특별시 강동구 고덕로 210 (명일동),10100,11740,1026138370,삼익그린맨션,,2022,1,1,0.0,0,1,0,0,unknown,0.667,0,0,0,0,1,low_data_completeness
cc4dfeffcd7b5484,경기,경기도 김포시 북변동 200-7번지,경기도 김포시 봉화로 162-1 (북변동),10100,41570,11231100515331,,,2022,1,1,0.0,0,1,0,0,unknown,0.667,0,0,0,0,1,low_data_completeness
cc57aa8f2750eeac,경기,경기도 김포시 북변동 166번지,경기도 김포시 김포대로1127번길 105 (북변동),10100,41570,11231100316230,,제2종근린생활시설,2016,0,1,389.0,1,0,0,0,unknown,0.833,0,1,0,0,1,non_residential_main_use
cc65132534ae4fb7,경기,경기도 김포시 북변동 140번지,,10100,41570,112313601,,단독주택,2022,0,1,47.55,1,0,1,0,unknown,0.833,0,0,0,0,0,
cc662341c56596d6,경기,경기도 군포시 당동 14-1번지,경기도 군포시 공단로 149 (당동),10100,41410,111319595,아이밸리 군포,,2022,1,1,0.0,0,1,0,0,unknown,0.667,0,0,1,0,1,basement_or_unknown_floor|low_data_completeness
cc8f7b45a61aae37,인천,인천광역시 부평구 부평동 10-114번지,인천광역시 부평구 길주남로89번길 9 (부평동),10100,28237,1059134996,,다가구주택,1989,0,2,257.0,1,0,1,0,unknown,0.833,1,0,0,0,1,old_building
cc8fd864ae801887,인천,인천광역시 옹진군 북도면 신도리 451-2번지,인천광역시 옹진군 신도로 842 (북도면 신도리),31022,28720,10631100171488,,,2022,1,1,0.0,0,1,0,0,unknown,0.667,0,0,0,0,1,low_data_completeness
cca12d0fd52a9c0b,서울,서울특별시 구로구 신도림동 271-25번지,서울특별시 구로구 신도림로19길 144 (신도림동),10100,11530,10181100189278,신도림삼성쉐르빌 1,,2022,1,1,0.0,0,1,0,0,unknown,0.667,0,0,0,0,1,low_data_completeness
ccdaace8d8f78cdf,경기,경기도 광주시 경안동 10-24번지,경기도 광주시 광주대로71번길 6 (경안동),10100,41610,11251100247138,,공동주택(다세대주택(도시형생활주택)(원룸형)),2015,0,1,396.0,1,0,0,0,unknown,0.833,0,0,0,0,0,
cd0dd13c11c594ff,경기,경기도 가평군 가평읍 읍내리 80-2번지,경기도 가평군 잎너비길 17-80 (가평읍 읍내리),25021,41820,113011989,,다가구주택,2004,0,1,106.76,1,0,1,0,unknown,0.833,1,0,0,0,1,old_building
cd16f7bd0aee5d24,서울,서울특별시 강동구 명일동 15번지,서울특별시 강동구 고덕로 210 (명일동),10100,11740,1026138022,삼익그린맨션,,2022,1,1,0.0,0,1,0,0,unknown,0.667,0,0,0,0,1,low_data_completeness
cd1a8241be299d31,인천,인천광역시 동구 만석동 1-53번지,인천광역시 동구 보세로26번길 24-36 (만석동),10100,28140,10551100181550,,,2022,1,1,0.0,0,1,0,0,unknown,0.667,0,0,0,0,1,low_data_completeness
cd22e56fb3ce1d48,경기,경기도 구리시 갈매동 137-47번지,경기도 구리시 갈매순환로 235-12 (갈매동),10100,41310,11091100174185,,축사,1976,0,1,97.2,1,0,1,0,unknown,0.833,1,1,0,0,1,old_building|non_residential_main_use
cd27a99193cccede,서울,서울특별시 광진구 중곡동 18-13번지,서울특별시 광진구 용마산로 154 (중곡동),10100,11215,10061741,,소매점,1987,0,4,618.8,1,0,1,0,unknown,0.833,1,1,0,0,1,old_building|non_residential_main_use
cd29c164ad0fb641,서울,서울특별시 도봉구 쌍문동 23-1번지,서울특별시 도봉구 방학로3가길 7-3 (쌍문동),10500,11320,10111573,,교육연구및복지시설,2022,0,1,202.0,1,0,0,0,unknown,0.833,0,1,0,0,1,non_residential_main_use
cd42e9540eee522b,서울,서울특별시 금천구 가산동 32-9번지,서울특별시 금천구 벚꽃로52길 14 (가산동),10100,11545,1019116614,,다가구용 단독주택(6가구),1991,0,1,88.0,1,0,0,0,unknown,0.833,1,0,0,0,1,old_building
cd51b7144a31df48,인천,인천광역시 부평구 부평동 10-101번지,인천광역시 부평구 길주남로 100 (부평동),10100,28237,1059126715,,일반음식점,1994,0,3,583.61,1,0,1,0,unknown,0.833,1,1,0,0,1,old_building|non_residential_main_use
cd709922cb17a348,서울,서울특별시 관악구 봉천동 1-67번지,서울특별시 관악구 청림3마길 9 (봉천동),10100,11620,1022122276,,단독주택,1992,0,2,240.87,1,0,1,0,unknown,0.833,1,0,0,0,1,old_building
cd73a3510440c40b,서울,서울특별시 구로구 신도림동 271-25번지,서울특별시 구로구 신도림로19길 144 (신도림동),10100,11530,10181100189332,신도림삼성쉐르빌 1,,2022,1,1,0.0,0,1,0,0,unknown,0.667,0,0,0,0,1,low_data_completeness
cda16e3dcf8331da,경기,경기도 김포시 북변동 170-1번지,경기도 김포시 중봉로115번길 48 (북변동),10100,41570,11231100217801,,단독주택,2011,0,1,0.0,1,0,0,0,unknown,0.833,0,0,0,0,0,
cda187a430138eab,서울,서울특별시 강서구 염창동 65번지,서울특별시 강서구 양천로67길 71-3 (염창동),10100,11500,10171100318513,진영리버타운,,2022,1,1,0.0,0,1,0,0,unknown,0.667,0,0,0,0,1,low_data_completeness
cda570ec2e34dd5e,서울,서울특별시 강서구 방화동 128-1번지,서울특별시 강서구 방화대로52가길 36 (방화동),10900,11500,10171167857,한림빌리지,연립주택,2022,0,2,92.11,0,0,0,1,unknown,0.833,0,0,1,0,1,basement_or_unknown_floor
cda91e8b6b3a168b,인천,인천광역시 서구 백석동 블록,인천광역시 서구 한들로 33 (백석동),10100,28260,1000000000000002034311,검암역 로열파크씨티 푸르지오 1단지,,2023,1,1,0.0,0,1,0,0,unknown,0.667,0,0,0,0,1,low_data_completeness
cdbf7f7b980ef77c,경기,경기도 군포시 당동 14-1번지,경기도 군포시 공단로 149 (당동),10100,41410,111319601,아이밸리 군포,,2022,1,1,0.0,0,1,0,0,unknown,0.667,0,0,1,0,1,basement_or_unknown_floor|low_data_completeness
cdc60ccdaccd781c,경기,경기도 고양시 일산서구 일산동 551-21번지,경기도 고양시 일산서구 일중로55번길 28 (일산동),10100,41287,11041324492,,,2022,1,1,0.0,0,1,0,0,unknown,0.667,0,0,0,0,1,low_data_completeness
cddbb1f8eb3a4afe,인천,인천광역시 중구 중앙동2가 17-4번지,인천광역시 중구 신포로23번길 65 (중앙동2가),10200,28110,10541658,,"주택, 근린생활시설",1984,0,1,0.0,1,0,0,0,unknown,0.833,1,0,0,0,1,old_building
cddc9657cd9600ce,경기,경기도 고양시 일산동구 식사동 236-4번지,경기도 고양시 일산동구 견달산로210번길 45-15 (식사동),10100,41285,11041100226836,루미나리,,2022,1,1,0.0,0,1,0,0,unknown,0.667,0,0,0,0,1,low_data_completeness
cddfbee3a65fca7f,서울,서울특별시 금천구 가산동 32-35번지,서울특별시 금천구 벚꽃로52길 5 (가산동),10100,11545,101919479,,다가구용단독주택(5가구),1991,0,1,0.0,1,0,0,0,unknown,0.833,1,0,0,0,1,old_building
cde34dc12c070e38,서울,서울특별시 강서구 방화동 129-2번지,서울특별시 강서구 양천로27길 115-9 (방화동),10900,11500,10171100247759,소담밸리,다세대주택,2022,0,2,33.76,0,0,0,1,unknown,0.833,0,0,1,0,1,basement_or_unknown_floor
cdf83a549b148c83,서울,서울특별시 노원구 월계동 13번지,서울특별시 노원구 마들로 59 (월계동),10200,11350,101211603,,아파트,1986,0,1,0.0,1,0,0,0,unknown,0.833,1,0,0,0,1,old_building
cdff7aaffec8b53d,서울,서울특별시 구로구 신도림동 271-25번지,서울특별시 구로구 신도림로19길 144 (신도림동),10100,11530,10181100189343,신도림삼성쉐르빌 1,,2022,1,1,0.0,0,1,0,0,unknown,0.667,0,0,0,0,1,low_data_completeness
ce0a1f2bdde9528f,경기,경기도 가평군 가평읍 읍내리 214번지,경기도 가평군 가평제방길 233 (가평읍 읍내리),25021,41820,1000000000000002714527,힐스테이트 가평 더뉴클래스,,2023,1,1,0.0,0,1,0,0,unknown,0.667,0,0,0,0,1,low_data_completeness
ce286b39485ad28a,서울,서울특별시 강서구 염창동 113번지,,10100,11500,101714262,,주택,2022,0,1,0.0,1,0,0,0,unknown,0.833,0,0,0,0,0,
ce31fcde5f3ced23,인천,인천광역시 계양구 효성동 1-73번지,인천광역시 계양구 새벌로 183 (효성동),10100,28245,106012070,삼성하이츠맨션,공동주택,2002,0,1,186.0,1,0,0,0,unknown,0.833,1,0,0,0,1,old_building
ce5a7c93f9ce288a,서울,서울특별시 강남구 역삼동 601-30번지,서울특별시 강남구 강남대로110길 21 (역삼동),10100,11680,102415444,,근린생활시설,1992,0,1,227.7,1,0,0,0,unknown,0.833,1,1,0,0,1,old_building|non_residential_main_use
ce6f39aa520ae12c,서울,서울특별시 금천구 가산동 7-10번지,서울특별시 금천구 벚꽃로 338-8 (가산동),10100,11545,1019114721,,다가구주택,1994,0,2,261.12,1,0,1,0,unknown,0.833,1,0,0,0,1,old_building
ce767efc8fb0db6b,서울,서울특별시 강북구 미아동 3-10번지,서울특별시 강북구 오현로9길 19 (미아동),10100,11305,1010130838,,연립주택,2022,1,1,38.4,0,1,0,1,unknown,0.833,0,0,0,0,0,
ceac7a0ef4a7edda,경기,경기도 광주시 경안동 10-22번지,경기도 광주시 중앙로154번길 24 (경안동),10100,41610,11251100232563,,,2022,1,1,0.0,0,1,0,0,unknown,0.667,0,0,0,0,1,low_data_completeness
ceaebb3936982e09,서울,서울특별시 관악구 봉천동 1-264번지,서울특별시 관악구 청림3다길 21 (봉천동),10100,11620,1022195477,,,2022,1,1,0.0,0,1,0,0,unknown,0.667,0,0,0,0,1,low_data_completeness
ced6e3a592388ec4,서울,서울특별시 강남구 역삼동 755-1번지,서울특별시 강남구 역삼로 314 (역삼동),10100,11680,1024124521,개나리 푸르지오,,2022,1,1,0.0,0,1,0,0,unknown,0.667,0,0,0,0,1,low_data_completeness
ced719ae328f8c2e,서울,서울특별시 금천구 가산동 41-7번지,서울특별시 금천구 벚꽃로42길 18 (가산동),10100,11545,1019146407,,,2022,1,1,0.0,0,1,0,0,unknown,0.667,0,0,0,0,1,low_data_completeness
ced9290ed70ac8c2,인천,인천광역시 옹진군 북도면 신도리 514-2번지,인천광역시 옹진군 신도로896번길 31 (북도면 신도리),31022,28720,106318377,영광빌라,,2022,1,1,0.0,0,1,0,0,unknown,0.667,0,0,0,0,1,low_data_completeness
cedc38a9af691869,경기,경기도 광주시 경안동 10-24번지,경기도 광주시 광주대로71번길 6 (경안동),10100,41610,11251100247144,,,2022,1,1,0.0,0,1,0,0,unknown,0.667,0,0,0,0,1,low_data_completeness
cee9b9ca786d3d84,경기,경기도 광주시 경안동 20-16번지,경기도 광주시 광주대로 31 (경안동),10100,41610,1000000000000002747853,지에이타워,,2023,1,1,0.0,0,1,0,0,unknown,0.667,0,0,0,0,1,low_data_completeness
cf0c449d904ce4f7,서울,서울특별시 강서구 등촌동 14-7번지,서울특별시 강서구 양천로 424 (등촌동),10200,11500,10171100352487,가양역 데시앙플렉스 지식산업센터,기타공장,2022,0,2,86.19,0,0,0,1,unknown,0.833,0,1,1,0,1,non_residential_main_use|basement_or_unknown_floor
cf26eead6c0b0f82,인천,인천광역시 계양구 효성동 1-69번지,인천광역시 계양구 새벌로 177 (효성동),10100,28245,106012066,삼성하이츠맨션,공동주택,2002,0,1,244.0,1,0,0,0,unknown,0.833,1,0,0,0,1,old_building
cf2821c1730054ec,인천,인천광역시 서구 백석동 58번지,인천광역시 서구 녹색숲로 65 (백석동),10100,28260,10611100284034,,발전시설(발전소),2015,0,1,0.0,1,0,0,0,unknown,0.833,0,1,0,0,1,non_residential_main_use
cf2aad4d2775c715,인천,인천광역시 미추홀구 숭의동 1-102번지,인천광역시 미추홀구 경인로142번길 43 (숭의동),10100,28177,105612203,,근린생활시설,1975,0,1,0.0,1,0,0,0,unknown,0.833,1,1,0,0,1,old_building|non_residential_main_use
cf3ee4aca8e2fabc,경기,경기도 광주시 경안동 11-56번지,경기도 광주시 중앙로154번길 23 (경안동),10100,41610,1125117420,,주택,1984,0,1,0.0,1,0,0,0,unknown,0.833,1,0,0,0,1,old_building
cf40ed4ecf645b23,인천,인천광역시 남동구 구월동 3-94번지,인천광역시 남동구 석산로228번길 14-1 (구월동),10100,28200,105811883,,단독주택,1984,0,1,0.0,1,0,0,0,unknown,0.833,1,0,0,0,1,old_building
cf4f04846cd9c2e7,인천,인천광역시 부평구 부평동 10-30번지,인천광역시 부평구 장제로195번길 37 (부평동),10100,28237,10591100252756,예선타운,다가구주택,2014,0,3,537.45,1,0,1,0,unknown,0.833,0,0,0,0,0,
cf5ef8339c0047b9,서울,서울특별시 강북구 미아동 3-10번지,서울특별시 강북구 오현로9길 19 (미아동),10100,11305,1010130837,,연립주택,2022,1,1,39.69,0,1,0,1,unknown,0.833,0,0,0,0,0,
cf5f9ce7c8fc7008,경기,경기도 고양시 일산동구 식사동 236-4번지,경기도 고양시 일산동구 견달산로210번길 45-15 (식사동),10100,41285,11041100226835,루미나리,,2022,1,1,0.0,0,1,0,0,unknown,0.667,0,0,0,0,1,low_data_completeness
cf60ef6864e8de75,경기,경기도 광명시 광명동 24-68번지,경기도 광명시 연서일로17번길 29-16 (광명동),10100,41210,10981749,,다가구주택,1993,0,1,103.84,1,0,0,0,unknown,0.833,1,0,0,0,1,old_building
cf6287fd60492859,인천,인천광역시 서구 백석동 58번지,,10100,28260,10611100369605,수도권매립지 캠핑장,"수련시설, 제2종근린생활시설",2022,0,1,16002037.4,1,0,0,0,unknown,0.833,0,1,0,0,1,non_residential_main_use
cf6ce14f2f2eebff,인천,인천광역시 남동구 구월동 3-26번지,인천광역시 남동구 석산로228번길 29 (구월동),10100,28200,10581100331197,삼성주택,,2022,1,1,0.0,0,1,0,0,unknown,0.667,0,0,0,0,1,low_data_completeness
cf776b20f10b4e40,경기,경기도 고양시 일산동구 식사동,,10100,41285,11041126973,,단독주택,2022,0,1,55.44,1,0,1,0,unknown,0.833,0,0,0,0,0,
cf86471667da1638,서울,서울특별시 노원구 월계동 13번지,서울특별시 노원구 마들로 111 (월계동),10200,11350,101211585,,아파트,1986,0,1,0.0,1,0,0,0,unknown,0.833,1,0,0,0,1,old_building
cfa32eac200612d9,서울,서울특별시 강동구 명일동 15번지,서울특별시 강동구 고덕로 210 (명일동),10100,11740,1026138099,삼익그린맨션,,2022,1,1,0.0,0,1,0,0,unknown,0.667,0,0,0,0,1,low_data_completeness
cfb2224b2954f17c,서울,서울특별시 구로구 신도림동 281-98번지,서울특별시 구로구 구로중앙로42길 126-7 (신도림동),10100,11530,1018116106,,근린생활시설,1990,0,1,0.0,1,0,0,0,unknown,0.833,1,1,0,0,1,old_building|non_residential_main_use
cfc584515ed348e6,서울,서울특별시 도봉구 쌍문동 7-21번지,서울특별시 도봉구 도봉로139길 65 (쌍문동),10500,11320,10111100204641,와이앤캐슬,,2022,1,1,0.0,0,1,0,0,unknown,0.667,0,0,0,0,1,low_data_completeness
cfc5f9593c15089c,경기,경기도 군포시 당동 64-1번지,경기도 군포시 군포로580번길 1 (당동),10100,41410,11131532,A동,제2종근린생활시설및주택,1984,0,1,0.0,1,0,0,0,unknown,0.833,1,0,0,0,1,old_building
cfce8a934758637b,서울,서울특별시 강동구 명일동 15번지,서울특별시 강동구 고덕로 210 (명일동),10100,11740,1026138338,삼익그린맨션,,2022,1,1,0.0,0,1,0,0,unknown,0.667,0,0,0,0,1,low_data_completeness
cfd126bdf266ba4e,인천,인천광역시 동구 만석동 2-224번지,인천광역시 동구 만석부두로 4-1 (만석동),10100,28140,1055112096,,,2022,1,1,0.0,0,1,0,0,unknown,0.667,0,0,1,0,1,basement_or_unknown_floor|low_data_completeness
cfd71c7fc6b328d1,경기,경기도 가평군 가평읍 읍내리 75-4번지,경기도 가평군 잎너비길 17-156 (가평읍 읍내리),25021,41820,11301100238068,,다가구주택,2017,0,2,219.3,1,0,1,0,unknown,0.833,0,0,0,0,0,
cfd82eb2f02e97e2,경기,경기도 광명시 광명동 24-56번지,경기도 광명시 광삼로13번길 27 (광명동),10100,41210,1098117403,,,2022,1,1,0.0,0,1,0,0,unknown,0.667,0,0,1,0,1,basement_or_unknown_floor|low_data_completeness
cfe1297a845cad73,서울,서울특별시 도봉구 쌍문동 23-16번지,서울특별시 도봉구 방학로3길 114-13 (쌍문동),10500,11320,10111580,,주택,1966,0,1,0.0,1,0,0,0,unknown,0.833,1,0,0,0,1,old_building
cfec7dfbf1a2d8ef,경기,경기도 고양시 덕양구 주교동 272-1번지,경기도 고양시 덕양구 원당로59번길 94-7 (주교동),10100,41281,11041117548,윤창아파트,,2022,1,1,0.0,0,1,0,0,unknown,0.667,0,0,1,0,1,basement_or_unknown_floor|low_data_completeness
cff17803550b5657,인천,인천광역시 강화군 강화읍 신문리 205-5번지,인천광역시 강화군 강화대로 429 (강화읍 신문리),25021,28710,1062135752,중앙시장,,2022,1,1,0.0,0,1,0,0,unknown,0.667,0,0,1,0,1,basement_or_unknown_floor|low_data_completeness
cffd3a7dc08d6536,경기,경기도 김포시 북변동 154-2번지,경기도 김포시 김포대로 1009-49 (북변동),10100,41570,11231100206011,,창고,2010,0,1,791.5,1,0,1,0,unknown,0.833,0,1,0,0,1,non_residential_main_use
d0061e72129affa9,서울,서울특별시 강서구 개화동 418-174번지,서울특별시 강서구 개화동로7길 17-7 (개화동),11000,11500,10171100266758,,다세대주택,2022,0,2,49.33,0,0,0,1,unknown,0.833,0,0,0,0,0,
d01877e36ee2dec2,인천,인천광역시 미추홀구 숭의동 1-10번지,인천광역시 미추홀구 경인로 150 (숭의동),10100,28177,10561100237765,한우리,,2022,1,1,0.0,0,1,0,0,unknown,0.667,0,0,0,0,1,low_data_completeness
d026cba125cd19db,서울,서울특별시 금천구 가산동 32-28번지,서울특별시 금천구 벚꽃로 334-4 (가산동),10100,11545,1019115592,,다가구용단독주택(3가구),1992,0,1,0.0,1,0,0,0,unknown,0.833,1,0,0,0,1,old_building
d03abac01cbdb40d,인천,인천광역시 서구 백석동 블록,인천광역시 서구 한들로 73 (백석동),10100,28260,1000000000000002037479,검암역 로열파크씨티 푸르지오 2단지,,2023,1,1,0.0,0,1,0,0,unknown,0.667,0,0,0,0,1,low_data_completeness
d04086a187f1fa94,서울,서울특별시 강남구 역삼동 606-11번지,서울특별시 강남구 봉은사로26길 13 (역삼동),10100,11680,1000000000000003712161,역삼동 606-11,제2종 근린생활시설,2024,0,1,259.8,1,0,0,0,unknown,0.833,0,1,0,0,1,non_residential_main_use
d042360a6aa0f491,경기,경기도 고양시 일산동구 식사동 231번지,경기도 고양시 일산동구 견달산로210번길 47-3 (식사동),10100,41285,11041100326646,드림팰리스,,2022,1,1,0.0,0,1,0,0,unknown,0.667,0,0,0,0,1,low_data_completeness
d04c9cf38273de52,서울,서울특별시 금천구 가산동 50-3번지,서울특별시 금천구 벚꽃로 298 (가산동),10100,11545,10191100191217,대륭 포스트타워 6차,,2022,1,1,0.0,0,1,0,0,unknown,0.667,0,0,0,0,1,low_data_completeness
d053cdd14287c7eb,인천,인천광역시 연수구 옥련동 118-16번지,인천광역시 연수구 한진로72번길 30 (옥련동),10100,28185,105718322,,,2022,1,1,0.0,0,1,0,0,unknown,0.667,0,0,1,0,1,basement_or_unknown_floor|low_data_completeness
d070f982d11fb9fd,서울,서울특별시 강서구 염창동 57번지,서울특별시 강서구 양천로67길 50-33 (염창동),10100,11500,1017171437,지오빌,,2022,1,1,0.0,0,1,0,0,unknown,0.667,0,0,0,0,1,low_data_completeness
d082d717557988ea,인천,인천광역시 부평구 부평동 10-66번지,인천광역시 부평구 장제로221번길 23 (부평동),10100,28237,10591100251184,다온그린빌,,2022,1,1,0.0,0,1,0,0,unknown,0.667,0,0,0,0,1,low_data_completeness
d08a235612dc15b3,서울,서울특별시 광진구 중곡동 18-16번지,서울특별시 광진구 용마산로28길 24 (중곡동),10100,11215,1006127408,,,2022,1,1,0.0,0,1,0,0,unknown,0.667,0,0,0,0,1,low_data_completeness
d096a96e9e6c1100,경기,경기도 고양시 일산서구 일산동 524-16번지,경기도 고양시 일산서구 일중로 17 (일산동),10100,41287,11041325956,포오스프라자,,2022,1,1,0.0,0,1,0,0,unknown,0.667,0,0,0,0,1,low_data_completeness
d0991b86d594ffee,경기,경기도 구리시 갈매동 510번지,경기도 구리시 갈매순환로204번길 65 (갈매동),10100,41310,11091100207158,구리 스마트벤처타워,,2022,1,1,0.0,0,1,0,0,unknown,0.667,0,0,0,0,1,low_data_completeness
d0a3d1c02a88ab89,경기,경기도 고양시 덕양구 주교동 273-1번지,경기도 고양시 덕양구 원당로59번길 120 (주교동),10100,41281,11041103842,예중파크뷰아파트,,2022,1,1,0.0,0,1,0,0,unknown,0.667,0,0,0,0,1,low_data_completeness
d0b572fd27830c54,서울,서울특별시 강동구 명일동 15번지,서울특별시 강동구 고덕로 210 (명일동),10100,11740,1026138814,삼익그린맨션,,2022,1,1,0.0,0,1,0,0,unknown,0.667,0,0,0,0,1,low_data_completeness
d0bcc2b816944fb7,경기,경기도 김포시 북변동 152-4번지,경기도 김포시 중봉로115번길 42-24 (북변동),10100,41570,11231100420687,,제조업소,2019,0,1,92.88,1,0,1,0,unknown,0.833,0,1,0,0,1,non_residential_main_use
d0c63015d37517f2,인천,인천광역시 강화군 강화읍 신문리 2-46번지,인천광역시 강화군 강화대로403번길 6-1 (강화읍 신문리),25021,28710,1062120481,,근린생활시설,1970,0,1,165.0,1,0,0,0,unknown,0.833,1,1,0,0,1,old_building|non_residential_main_use
d0c77ad8fa223a49,서울,서울특별시 노원구 월계동 12번지,서울특별시 노원구 마들로 127 (월계동),10200,11350,10121170238,,,2022,1,1,0.0,0,1,0,0,unknown,0.667,0,0,0,0,1,low_data_completeness
d0d9d0a467cb0178,서울,서울특별시 강서구 염창동 66-9번지,서울특별시 강서구 양천로67길 77 (염창동),10100,11500,10171106578,염창동우성아파트,,2022,1,1,0.0,0,1,0,0,unknown,0.667,0,0,0,0,1,low_data_completeness
d0dc419cbc29265d,경기,경기도 광주시 경안동 19-7번지,경기도 광주시 광주대로55번길 7-4 (경안동),10100,41610,1125171984,,,2022,1,1,0.0,0,1,0,0,unknown,0.667,0,0,1,0,1,basement_or_unknown_floor|low_data_completeness
d0fefe8588425ff6,인천,인천광역시 남동구 구월동 4-19번지,인천광역시 남동구 석산로222번길 51 (구월동),10100,28200,105811907,,단독주택,1989,0,1,0.0,1,0,0,0,unknown,0.833,1,0,0,0,1,old_building
d12d6874aa633f95,서울,서울특별시 강남구 대치동 511번지,서울특별시 강남구 삼성로 150 (대치동),10600,11680,1024125075,,,2022,1,1,0.0,0,1,0,0,unknown,0.667,0,0,0,0,1,low_data_completeness
d13df0d8505fe5c8,서울,서울특별시 강서구 방화동 129-2번지,서울특별시 강서구 양천로27길 115-9 (방화동),10900,11500,10171100247771,소담밸리,다세대주택,2022,0,2,47.44,0,0,0,1,unknown,0.833,0,0,1,0,1,basement_or_unknown_floor
d14560170b92176f,인천,인천광역시 서구 백석동 블록,인천광역시 서구 한들로 73 (백석동),10100,28260,1000000000000002037485,검암역 로열파크씨티 푸르지오 2단지,,2023,1,1,0.0,0,1,0,0,unknown,0.667,0,0,0,0,1,low_data_completeness
d148aa32265ad9a8,서울,서울특별시 강북구 미아동 3-9번지,서울특별시 강북구 오현로9길 23 (미아동),10100,11305,1010130821,,다세대주택,2022,1,3,72.39,0,1,0,1,unknown,0.833,0,0,1,0,1,basement_or_unknown_floor
d15827a56552e9d8,인천,인천광역시 계양구 효성동 8-18번지,인천광역시 계양구 새벌로171번길 7-1 (효성동),10100,28245,106012086,대경넥스텔,공동주택,2002,0,1,188.0,1,0,0,0,unknown,0.833,1,0,0,0,1,old_building
d15996d495e17f49,서울,서울특별시 강남구 역삼동 603-1번지,서울특별시 강남구 봉은사로 134 (역삼동),10100,11680,10241100259551,,숙박시설(관광호텔),2016,0,1,1078.4,1,0,0,0,unknown,0.833,0,1,0,0,1,non_residential_main_use
d174a026b2a3a181,경기,경기도 가평군 가평읍 읍내리 214번지,경기도 가평군 가평제방길 233 (가평읍 읍내리),25021,41820,1000000000000002714748,힐스테이트 가평 더뉴클래스,,2023,1,1,0.0,0,1,0,0,unknown,0.667,0,0,0,0,1,low_data_completeness
d17884efca495c96,서울,서울특별시 노원구 월계동 3-7번지,서울특별시 노원구 마들로 45 (월계동),10200,11350,101211081,서울한천초등학교,기타교육연구시설,1997,0,1,28.08,1,0,1,0,unknown,0.833,1,1,0,0,1,old_building|non_residential_main_use
d17e230b13f7630e,경기,경기도 고양시 일산서구 일산동 13번지,,10100,41287,11041234072,,단독주택,2022,0,2,34.26,1,0,1,0,unknown,0.833,0,0,0,0,0,
d19fddedc153446e,경기,경기도 가평군 가평읍 읍내리 214번지,경기도 가평군 가평제방길 233 (가평읍 읍내리),25021,41820,1000000000000002714732,힐스테이트 가평 더뉴클래스,,2023,1,1,0.0,0,1,0,0,unknown,0.667,0,0,0,0,1,low_data_completeness
d1a555d0ee41e8ca,경기,경기도 광주시 경안동 10-24번지,경기도 광주시 광주대로71번길 6 (경안동),10100,41610,11251100247155,,,2022,1,1,0.0,0,1,0,0,unknown,0.667,0,0,0,0,1,low_data_completeness
d1ab630119725c0e,경기,경기도 과천시 문원동 15-41번지,경기도 과천시 공원마을4길 43 (문원동),10200,41290,11081187,,다가구주택(5가구),1996,0,1,248.0,1,0,0,0,unknown,0.833,1,0,0,0,1,old_building
d1e395396a142b74,인천,인천광역시 미추홀구 숭의동 1-157번지,인천광역시 미추홀구 경인로142번길 21 (숭의동),10100,28177,105617934,,공동주택,2002,0,1,174.9,1,0,0,0,unknown,0.833,1,0,0,0,1,old_building
d1e9b0180206bff7,서울,서울특별시 강동구 명일동 15번지,서울특별시 강동구 고덕로 210 (명일동),10100,11740,10261100758,삼익그린맨션,,2022,1,1,0.0,0,1,0,0,unknown,0.667,0,0,0,0,1,low_data_completeness
d1f131a866a412d5,경기,경기도 김포시 북변동 200-16번지,경기도 김포시 봉화로 164-2 (북변동),10100,41570,1000000000000003596022,MU빌리지,,2024,1,1,0.0,0,1,0,0,unknown,0.667,0,0,0,0,1,low_data_completeness
d20a0457792e9f08,서울,서울특별시 노원구 월계동 13번지,서울특별시 노원구 마들로 59 (월계동),10200,11350,101211581,,아파트,1986,0,1,0.0,1,0,0,0,unknown,0.833,1,0,0,0,1,old_building
d222987724b696fc,경기,경기도 고양시 일산서구 일산동 524-16번지,경기도 고양시 일산서구 일중로 17 (일산동),10100,41287,11041325954,포오스프라자,,2022,1,1,0.0,0,1,0,0,unknown,0.667,0,0,0,0,1,low_data_completeness
d22799cfce5993f1,서울,서울특별시 강남구 역삼동 754번지,서울특별시 강남구 역삼로 306 (역삼동),10100,11680,1024124680,개나리 래미안,,2022,1,1,0.0,0,1,0,0,unknown,0.667,0,0,0,0,1,low_data_completeness
d23170b928675a4d,인천,인천광역시 서구 백석동 58번지,인천광역시 서구 녹색숲로31번길 14 (백석동),10100,28260,10611100320478,,분뇨및쓰레기처리시설,1999,0,1,0.0,1,0,0,0,unknown,0.833,1,1,0,0,1,old_building|non_residential_main_use
d23254bd3a083572,경기,경기도 군포시 당동 64-5번지,경기도 군포시 군포로580번길 5 (당동),10100,41410,111312244,안일베스트빌,다세대주택,2002,0,1,166.0,1,0,0,0,unknown,0.833,1,0,0,0,1,old_building
d235d2a2d0e2b5ce,경기,경기도 군포시 당동 14-1번지,경기도 군포시 공단로 149 (당동),10100,41410,111319613,아이밸리 군포,,2022,1,1,0.0,0,1,0,0,unknown,0.667,0,0,1,0,1,basement_or_unknown_floor|low_data_completeness
d24ac2f7d32179ff,인천,인천광역시 부평구 부평동 10-43번지,인천광역시 부평구 길주남로102번길 11-11 (부평동),10100,28237,1000000000000004483925,부평동세창주택1차,,2024,1,1,0.0,0,1,0,0,unknown,0.667,0,0,0,0,1,low_data_completeness
d268519972d65965,인천,인천광역시 동구 만석동 2-15번지,인천광역시 동구 인중로 423 (만석동),10100,28140,10551100184582,,사무소,2017,0,1,0.0,1,0,0,0,unknown,0.833,0,1,0,0,1,non_residential_main_use
d283026f15292b3c,인천,인천광역시 동구 만석동 1-13번지,인천광역시 동구 보세로 22 (만석동),10100,28140,10551211,,창고,2007,0,1,444.69,1,0,1,0,unknown,0.833,0,1,0,0,1,non_residential_main_use
d28e6c2844083288,서울,서울특별시 도봉구 쌍문동 8-10번지,서울특별시 도봉구 도봉로139길 74 (쌍문동),10500,11320,10111543,,일반음식점,1993,0,5,1039.05,1,0,1,0,unknown,0.833,1,1,0,0,1,old_building|non_residential_main_use
d2915e058eca628b,인천,인천광역시 계양구 효성동 1-14번지,인천광역시 계양구 길마로88번길 11 (효성동),10100,28245,1060113239,원익그린맨션,,2022,1,1,0.0,0,1,0,0,unknown,0.667,0,0,0,0,1,low_data_completeness
d291ee77b17e4f01,경기,경기도 광명시 광명동 25-11번지,경기도 광명시 광명로928번길 42-1 (광명동),10100,41210,10981764,,"단독주택, 근린생활시설",1974,0,1,159.0,1,0,0,0,unknown,0.833,1,0,0,0,1,old_building
d2a52390fc381cc6,경기,경기도 고양시 일산서구 일산동 542-8번지,경기도 고양시 일산서구 일중로 57 (일산동),10100,41287,11041239453,,근린생활시설,1984,0,1,480.0,1,0,0,0,unknown,0.833,1,1,0,0,1,old_building|non_residential_main_use
d2a566aebef7e801,경기,경기도 고양시 일산동구 식사동,,10100,41285,11041126975,,단독주택,2022,0,1,16.09,1,0,1,0,unknown,0.833,0,0,0,0,0,
d2b4171f7fb1c7c1,서울,서울특별시 관악구 봉천동 1-69번지,서울특별시 관악구 청림3길 49 (봉천동),10100,11620,1022188552,,,2022,1,1,0.0,0,1,0,0,unknown,0.667,0,0,0,0,1,low_data_completeness
d2b82dc9e168962d,인천,인천광역시 연수구 옥련동 105번지,,10100,28185,10571604,,단독주택,2022,0,1,65.78,1,0,1,0,unknown,0.833,0,0,0,0,0,
d2c1e048e7ee3876,인천,인천광역시 미추홀구 숭의동 1-152번지,인천광역시 미추홀구 경인로142번길 19-13 (숭의동),10100,28177,105617931,수인아트빌,공동주택,2003,0,1,197.0,1,0,0,0,unknown,0.833,1,0,0,0,1,old_building
d2ee6fd51271b7b1,경기,경기도 고양시 덕양구 주교동 38-1번지,경기도 고양시 덕양구 원당로 116 (주교동),10100,41281,110416956,,수리점,1994,0,1,398.07,1,0,1,0,unknown,0.833,1,1,0,0,1,old_building|non_residential_main_use
d2f32fdada02038a,인천,인천광역시 중구 중앙동1가 16-1번지,인천광역시 중구 신포로23번길 95 (중앙동1가),10100,28110,10541619,,단독주택,1970,0,1,56.2,1,0,0,0,unknown,0.833,1,0,0,0,1,old_building
d2f524fd07998539,인천,인천광역시 강화군 강화읍 신문리 6-5번지,인천광역시 강화군 신문길 2 (강화읍 신문리),25021,28710,10621100184861,,제2종근린생활시설,2011,0,1,44.0,1,0,0,0,unknown,0.833,0,1,0,0,1,non_residential_main_use
d2f7ef7fba5a0e6c,인천,인천광역시 강화군 강화읍 신문리 205-5번지,인천광역시 강화군 강화대로 429 (강화읍 신문리),25021,28710,1062135723,중앙시장,,2022,1,1,0.0,0,1,0,0,unknown,0.667,0,0,1,0,1,basement_or_unknown_floor|low_data_completeness
d323c761db88bd3b,서울,서울특별시 강서구 개화동 348-2번지,서울특별시 강서구 개화3길 33 (개화동),11000,11500,1017196538,,연립주택,2022,0,1,29.59,0,0,0,1,unknown,0.833,0,0,0,0,0,
d334dd0da25129bd,인천,인천광역시 미추홀구 숭의동 1-10번지,인천광역시 미추홀구 경인로 150 (숭의동),10100,28177,10561100237799,한우리,,2022,1,1,0.0,0,1,0,0,unknown,0.667,0,0,0,0,1,low_data_completeness
d33a627f42e9e263,서울,서울특별시 금천구 가산동 40-8번지,서울특별시 금천구 벚꽃로42길 17 (가산동),10100,11545,1019142515,,,2022,1,1,0.0,0,1,0,0,unknown,0.667,0,0,0,0,1,low_data_completeness
d33ca73b3ff03856,경기,경기도 광주시 경안동 20-16번지,경기도 광주시 광주대로 31 (경안동),10100,41610,1000000000000002747904,지에이타워,,2023,1,1,0.0,0,1,0,0,unknown,0.667,0,0,0,0,1,low_data_completeness
d34e4ea38138a35a,경기,경기도 광주시 경안동 20-16번지,경기도 광주시 광주대로 31 (경안동),10100,41610,1000000000000002747854,지에이타워,,2023,1,1,0.0,0,1,0,0,unknown,0.667,0,0,0,0,1,low_data_completeness
d350a63a987b3a68,서울,서울특별시 강서구 염창동 65번지,서울특별시 강서구 양천로67길 71-3 (염창동),10100,11500,10171100318476,진영리버타운,,2022,1,1,0.0,0,1,0,0,unknown,0.667,0,0,0,0,1,low_data_completeness
d3556aa880dfd53c,인천,인천광역시 동구 만석동 1-47번지,인천광역시 동구 만석부두로7번길 15-13 (만석동),10100,28140,10551100177422,,일반공장,2010,0,2,1671.95,1,0,1,0,unknown,0.833,0,1,0,0,1,non_residential_main_use
d3705c56dbf14148,경기,경기도 고양시 덕양구 주교동 272-1번지,경기도 고양시 덕양구 원당로59번길 94-7 (주교동),10100,41281,11041117543,윤창아파트,,2022,1,1,0.0,0,1,0,0,unknown,0.667,0,0,1,0,1,basement_or_unknown_floor|low_data_completeness
d380dd189b6f24da,경기,경기도 김포시 북변동 200-41번지,경기도 김포시 봉화로 162-3 (북변동),10100,41570,11231100515363,,,2022,1,1,0.0,0,1,0,0,unknown,0.667,0,0,0,0,1,low_data_completeness
d3829b9b85439eca,서울,서울특별시 강서구 공항동 2-82번지,서울특별시 강서구 방화대로23길 29-7 (공항동),10800,11500,1017172464,주신빌라,다세대주택,2022,0,2,87.18,0,0,0,1,unknown,0.833,0,0,1,0,1,basement_or_unknown_floor
d38601e6b9752847,인천,인천광역시 동구 만석동 5-23번지,인천광역시 동구 화도진로198번길 7 (만석동),10100,28140,1055112153,삼성빌라,,2022,1,1,0.0,0,1,0,0,unknown,0.667,0,0,0,0,1,low_data_completeness
d38814b9be7d399b,경기,경기도 가평군 가평읍 읍내리 97-5번지,경기도 가평군 잎너비길 17-78 (가평읍 읍내리),25021,41820,11301100254355,3동,생활숙박시설,2018,0,2,156.73,1,0,1,0,unknown,0.833,0,1,0,0,1,non_residential_main_use
d38adc4ac605df4a,서울,서울특별시 강북구 미아동 3-10번지,서울특별시 강북구 오현로9길 19 (미아동),10100,11305,1010130845,,연립주택,2022,1,1,39.69,0,1,0,1,unknown,0.833,0,0,0,0,0,
d39c6f29c7664d56,인천,인천광역시 강화군 강화읍 신문리 75-1번지,인천광역시 강화군 남문안길 20 (강화읍 신문리),25021,28710,1062114312,,제1종근린생활시설,1943,0,1,0.0,1,0,0,0,unknown,0.833,1,1,0,0,1,old_building|non_residential_main_use
d3a298d3df28eafe,서울,서울특별시 강서구 공항동 8-5번지,서울특별시 강서구 방화대로19길 3 (공항동),10800,11500,1000000000000003188846,헬리그라프 마곡에디션,오피스텔,2024,0,2,32.13,0,0,0,1,unknown,0.833,0,0,0,0,0,
d3b0e4e3a2d5263d,서울,서울특별시 광진구 중곡동 18-29번지,서울특별시 광진구 용마산로 130 (중곡동),10100,11215,10061750,,"주택, 근린생활시설",1982,0,1,0.0,1,0,0,0,unknown,0.833,1,0,0,0,1,old_building
d3b5734da29a9327,인천,인천광역시 부평구 부평동 10-43번지,인천광역시 부평구 길주남로102번길 11-11 (부평동),10100,28237,1000000000000004484336,부평동세창주택1차,,2024,1,1,0.0,0,1,0,0,unknown,0.667,0,0,0,0,1,low_data_completeness
d3b635b45e00f992,서울,서울특별시 강동구 명일동 47-2번지,서울특별시 강동구 동남로75길 27 (명일동),10100,11740,10261100249066,고덕역 갑을명가시티 오피스텔,"업무시설,제2종근린생활시설",2018,0,1,1287.1,1,0,0,0,unknown,0.833,0,1,0,0,1,non_residential_main_use
d3be37575119b35f,서울,서울특별시 구로구 신도림동 271-25번지,서울특별시 구로구 신도림로19길 144 (신도림동),10100,11530,10181100189215,신도림삼성쉐르빌 1,,2022,1,1,0.0,0,1,0,0,unknown,0.667,0,0,0,0,1,low_data_completeness
d3ca7bc411104c21,경기,경기도 군포시 당동 14-1번지,경기도 군포시 공단로 149 (당동),10100,41410,111319575,아이밸리 군포,,2022,1,1,0.0,0,1,0,0,unknown,0.667,0,0,1,0,1,basement_or_unknown_floor|low_data_completeness
d3d2ee54924835e1,경기,경기도 과천시 문원동 15-31번지,경기도 과천시 공원마을3길 49 (문원동),10200,41290,11081100179137,갤러리 House,,2022,1,1,0.0,0,1,0,0,unknown,0.667,0,0,0,0,1,low_data_completeness
d3f62e4b5e7102c3,경기,경기도 구리시 갈매동 484번지,경기도 구리시 갈매길 113-9 (갈매동),10100,41310,11091100177891,,,2022,1,1,0.0,0,1,0,0,unknown,0.667,0,0,0,0,1,low_data_completeness
d40139e9c6903f6d,인천,인천광역시 미추홀구 숭의동 1-6번지,인천광역시 미추홀구 경인로 162 (숭의동),10100,28177,105612164,,단독주택,1985,0,2,113.73,1,0,1,0,unknown,0.833,1,0,0,0,1,old_building
d4056c79e1aaf8aa,경기,경기도 김포시 북변동 200-7번지,경기도 김포시 봉화로 162-1 (북변동),10100,41570,11231100515341,,,2022,1,1,0.0,0,1,0,0,unknown,0.667,0,0,0,0,1,low_data_completeness
d406ada0e7e9a720,인천,인천광역시 남동구 구월동 3-33번지,인천광역시 남동구 석산로222번길 7-3 (구월동),10100,28200,105811842,,단독주택,1974,0,1,0.0,1,0,0,0,unknown,0.833,1,0,0,0,1,old_building
d427a41871234e08,서울,서울특별시 강서구 마곡동 5-1번지,서울특별시 강서구 양천로47길 104-5 (마곡동),10500,11500,10171100295815,갤럭시오피스텔마곡2,오피스텔,2022,0,3,42.83,0,0,0,1,unknown,0.833,0,0,1,0,1,basement_or_unknown_floor
d43c25bf176ac1b9,인천,인천광역시 동구 만석동 1-12번지,인천광역시 동구 만석부두로7번길 15-17 (만석동),10100,28140,10551100173620,,폐기물재활용시설,2008,0,1,263.2,1,0,1,0,unknown,0.833,0,1,0,0,1,non_residential_main_use
d43f3b5896f2144a,인천,인천광역시 남동구 구월동 3-18번지,인천광역시 남동구 석산로228번길 17-8 (구월동),10100,28200,1058127546,,,2022,1,1,0.0,0,1,0,0,unknown,0.667,0,0,0,0,1,low_data_completeness
d46e80aff6887543,서울,서울특별시 강서구 염창동 64-1번지,서울특별시 강서구 양천로67길 63 (염창동),10100,11500,101712996,염창동공장,운동시설(체력단련장),2003,0,1,3352.0,1,0,0,0,unknown,0.833,1,1,0,0,1,old_building|non_residential_main_use
d48910e07751aafa,인천,인천광역시 남동구 구월동 3-26번지,인천광역시 남동구 당좌로35번길 8-1 (구월동),10100,28200,10581100331208,삼성주택,,2022,1,1,0.0,0,1,0,0,unknown,0.667,0,0,0,0,1,low_data_completeness
d49943dca6720a45,인천,인천광역시 부평구 부평동 10-266번지,인천광역시 부평구 장제로199번길 42 (부평동),10100,28237,10591100231921,승림하이츠,공동주택,2010,0,1,367.0,1,0,0,0,unknown,0.833,0,0,0,0,0,
d4ad6e177d1679c7,서울,서울특별시 노원구 월계동 12번지,서울특별시 노원구 마들로 127 (월계동),10200,11350,10121134243,,,2022,1,1,0.0,0,1,0,0,unknown,0.667,0,0,0,0,1,low_data_completeness
d4af0ad4135e1e65,경기,경기도 고양시 덕양구 주교동 221-1번지,경기도 고양시 덕양구 고양대로 1278 (주교동),10100,41281,1104116152,,"제1종근린생활시설(소매점),제2종근린생활시설(사무소)",2007,0,1,566.0,1,0,0,0,unknown,0.833,0,1,0,0,1,non_residential_main_use
d4afc00fca68a77a,서울,서울특별시 강서구 마곡동 5-1번지,서울특별시 강서구 양천로47길 104-5 (마곡동),10500,11500,10171100295812,갤럭시오피스텔마곡2,다세대주택,2022,0,3,39.16,0,0,0,1,unknown,0.833,0,0,1,0,1,basement_or_unknown_floor
d4b33a067e371756,경기,경기도 구리시 갈매동 484번지,경기도 구리시 갈매길 113-9 (갈매동),10100,41310,11091100177887,,,2022,1,1,0.0,0,1,0,0,unknown,0.667,0,0,0,0,1,low_data_completeness
d4b3760cb37dbb44,서울,서울특별시 강북구 미아동 3-228번지,서울특별시 강북구 도봉로18다길 21-11 (미아동),10100,11305,10101892,,단독주택,1995,0,1,142.0,1,0,0,0,unknown,0.833,1,0,0,0,1,old_building
d4ce335a0cce4ab1,인천,인천광역시 연수구 옥련동 116-33번지,인천광역시 연수구 비류대로 150 (옥련동),10100,28185,10571628,,"단독주택, 근린생활시설",2002,0,1,158.0,1,0,0,0,unknown,0.833,1,0,0,0,1,old_building
d4e20506d2eb00e7,인천,인천광역시 강화군 강화읍 신문리 1-4번지,인천광역시 강화군 강화대로 401 (강화읍 신문리),25021,28710,1062124119,재향군인회,기타제1종근린생활시설,1988,0,4,838.32,1,0,1,0,unknown,0.833,1,1,0,0,1,old_building|non_residential_main_use
d4f60d0033340d4a,경기,경기도 가평군 가평읍 읍내리 80-2번지,경기도 가평군 잎너비길 17-80 (가평읍 읍내리),25021,41820,113011988,,다가구주택,2004,0,2,120.88,1,0,1,0,unknown,0.833,1,0,0,0,1,old_building
d5179e17b901f70f,인천,인천광역시 계양구 효성동 1-11번지,인천광역시 계양구 길마로88번길 5 (효성동),10100,28245,106012042,원익그린맨션,다세대주택,1995,0,4,610.02,1,0,1,0,unknown,0.833,1,0,0,0,1,old_building
d52cad5e2c887c63,경기,경기도 가평군 가평읍 읍내리 111-4번지,경기도 가평군 잎너비길 35-46 (가평읍 읍내리),25021,41820,113012005,,단독주택,1996,0,1,810.0,1,0,0,0,unknown,0.833,1,0,0,0,1,old_building
d52ea0fb37c67bc3,서울,서울특별시 강서구 염창동 75-8번지,서울특별시 강서구 양천로67길 99 (염창동),10100,11500,10171100202415,리첸,"교육연구시설, 제1종근린생활시설",2009,0,1,1069.0,1,0,0,0,unknown,0.833,0,1,0,0,1,non_residential_main_use
d53a9a3a6f309bc4,인천,인천광역시 동구 만석동 2-224번지,인천광역시 동구 만석부두로 4-1 (만석동),10100,28140,1055112095,,,2022,1,1,0.0,0,1,0,0,unknown,0.667,0,0,1,0,1,basement_or_unknown_floor|low_data_completeness
d53d994f34ae0a73,인천,인천광역시 옹진군 북도면 모도리 267-1번지,인천광역시 옹진군 모도로140번길 19-16 (북도면 모도리),31023,28720,1000000000000001872410,모도파라다이스,,2023,1,1,0.0,0,1,0,0,unknown,0.667,0,0,0,0,1,low_data_completeness
d543e864012614ef,인천,인천광역시 계양구 효성동 1-17번지,인천광역시 계양구 새벌로 191 (효성동),10100,28245,1060113242,그린파크,,2022,1,1,0.0,0,1,0,0,unknown,0.667,0,0,0,0,1,low_data_completeness
d556085238e053c7,인천,인천광역시 연수구 옥련동 118-3번지,인천광역시 연수구 비류대로144번길 23-2 (옥련동),10100,28185,105718279,,,2022,1,1,0.0,0,1,0,0,unknown,0.667,0,0,1,0,1,basement_or_unknown_floor|low_data_completeness
d579363783cc9c2d,서울,서울특별시 금천구 가산동 5-11번지,서울특별시 금천구 벚꽃로 342-1 (가산동),10100,11545,1019112527,,다가구주택,1991,0,2,197.64,1,0,1,0,unknown,0.833,1,0,0,0,1,old_building
d57fc512a1578d6c,인천,인천광역시 미추홀구 숭의동 1-10번지,인천광역시 미추홀구 경인로 150 (숭의동),10100,28177,10561100237763,한우리,,2022,1,1,0.0,0,1,0,0,unknown,0.667,0,0,0,0,1,low_data_completeness
d58b48d6e3c81833,인천,인천광역시 미추홀구 숭의동 1-5번지,인천광역시 미추홀구 경인로 154 (숭의동),10100,28177,105612163,하람엘스퀘어,학원,1989,0,4,1866.09,1,0,1,0,unknown,0.833,1,1,0,0,1,old_building|non_residential_main_use
d592131c5e6d5ee1,서울,서울특별시 강동구 명일동 15번지,서울특별시 강동구 고덕로 210 (명일동),10100,11740,1026138313,삼익그린맨션,,2022,1,1,0.0,0,1,0,0,unknown,0.667,0,0,0,0,1,low_data_completeness
d5ac35ffcd9e6d77,서울,서울특별시 강남구 역삼동 604-7번지,서울특별시 강남구 봉은사로 150 (역삼동),10100,11680,1024120603,,숙박시설 위락시설 근린생활시설 문화시설,1982,0,1,5867.5,1,0,0,0,unknown,0.833,1,1,0,0,1,old_building|non_residential_main_use
d5b63e479463294c,서울,서울특별시 강북구 미아동 3-97번지,서울특별시 강북구 오현로 42 (미아동),10100,11305,1010130894,,,2022,1,1,0.0,0,1,0,0,unknown,0.667,0,0,0,0,1,low_data_completeness
d5bfb3743cd886b0,서울,서울특별시 구로구 신도림동 271-25번지,서울특별시 구로구 신도림로19길 144 (신도림동),10100,11530,10181100189178,신도림삼성쉐르빌 1,오피스텔,2010,0,6,2182.34,1,0,1,0,unknown,0.833,0,0,0,0,0,
d5dc70506a906b98,경기,경기도 과천시 문원동 15-46번지,경기도 과천시 공원마을5길 35 (문원동),10200,41290,110813634,,,2022,1,1,0.0,0,1,0,0,unknown,0.667,0,0,0,0,1,low_data_completeness
d5e8f8dbfea3ae61,서울,서울특별시 강남구 역삼동 604-10번지,서울특별시 강남구 논현로105길 42 (역삼동),10100,11680,102419275,,창고시설,1994,0,1,396.3,1,0,0,0,unknown,0.833,1,1,0,0,1,old_building|non_residential_main_use
d5eebe940586e581,서울,서울특별시 구로구 신도림동 276-56번지,서울특별시 구로구 신도림로19길 108 (신도림동),10100,11530,1018116535,신도림빗물펌프장,유수지,1978,0,1,0.0,1,0,0,0,unknown,0.833,1,1,0,0,1,old_building|non_residential_main_use
d5fb20ca5c0bcfc8,서울,서울특별시 노원구 월계동 12번지,서울특별시 노원구 마들로 127 (월계동),10200,11350,10121195254,,,2022,1,1,0.0,0,1,0,0,unknown,0.667,0,0,0,0,1,low_data_completeness
d606670dbba36e20,서울,서울특별시 관악구 봉천동 1-433번지,서울특별시 관악구 청림3가길 3-5 (봉천동),10100,11620,102216419,,단독주택,2022,0,1,0.0,1,0,0,0,unknown,0.833,0,0,0,0,0,
d606b68c16d204e2,서울,서울특별시 강동구 명일동 15번지,서울특별시 강동구 고덕로 210 (명일동),10100,11740,1026188648,삼익그린맨션,,2022,1,1,0.0,0,1,0,0,unknown,0.667,0,0,0,0,1,low_data_completeness
d60d9cab0e4d152a,경기,경기도 구리시 갈매동 142-68번지,경기도 구리시 금강로 102 (갈매동),10100,41310,11091274,,버섯재배사,2001,0,1,864.0,1,0,0,0,unknown,0.833,1,1,0,0,1,old_building|non_residential_main_use
d63b5a05871b48c5,경기,경기도 광주시 경안동 9-41번지,경기도 광주시 광주대로71번길 9-4 (경안동),10100,41610,1125122993,,단독주택,1986,0,2,128.58,1,0,1,0,unknown,0.833,1,0,0,0,1,old_building
d64b418d9e0e9b00,경기,경기도 고양시 일산서구 일산동 551-21번지,경기도 고양시 일산서구 일중로55번길 28 (일산동),10100,41287,11041324493,,,2022,1,1,0.0,0,1,0,0,unknown,0.667,0,0,0,0,1,low_data_completeness
d64c2319902b21fd,인천,인천광역시 동구 만석동 2-370번지,인천광역시 동구 만석부두로13번길 47 (만석동),10100,28140,10551100174242,,,2022,1,1,0.0,0,1,0,0,unknown,0.667,0,0,0,0,1,low_data_completeness
d67be2b52fa737e1,경기,경기도 군포시 당동 134-61번지,,10100,41410,11131100210900,군포전기실,운수시설(운전보안시설),2018,0,1,345.6,1,0,0,0,unknown,0.833,0,1,0,0,1,non_residential_main_use
d6b05f601973247c,인천,인천광역시 강화군 강화읍 신문리 2-5번지,인천광역시 강화군 강화대로403번길 4-4 (강화읍 신문리),25021,28710,1062130692,,소매점,1962,0,1,62.83,1,0,1,0,unknown,0.833,1,1,0,0,1,old_building|non_residential_main_use
d6b106d9e279ce01,서울,서울특별시 강서구 개화동 348-2번지,서울특별시 강서구 개화3길 33 (개화동),11000,11500,1017149556,,연립주택,2022,0,1,46.28,0,0,0,1,unknown,0.833,0,0,0,0,0,
d6ba2844428cf3f7,서울,서울특별시 강서구 공항동 2-82번지,서울특별시 강서구 방화대로23길 29-7 (공항동),10800,11500,1017172468,주신빌라,다세대주택,2022,0,2,122.44,0,0,0,1,unknown,0.833,0,0,1,0,1,basement_or_unknown_floor
d6bbba5de8e14de3,인천,인천광역시 남동구 구월동 3-26번지,인천광역시 남동구 석산로228번길 29 (구월동),10100,28200,10581100331194,삼성주택,,2022,1,1,0.0,0,1,0,0,unknown,0.667,0,0,0,0,1,low_data_completeness
d6bf33ad7e2cd6d9,서울,서울특별시 금천구 가산동 29-17번지,서울특별시 금천구 벚꽃로46다길 4 (가산동),10100,11545,10191100208602,,다가구주택,2014,0,1,99.0,1,0,0,0,unknown,0.833,0,0,0,0,0,
d6c1e4ebe5567e9e,인천,인천광역시 미추홀구 숭의동 1-11번지,인천광역시 미추홀구 경인로 148 (숭의동),10100,28177,10561100237034,다우림,,2022,1,1,0.0,0,1,0,0,unknown,0.667,0,0,0,0,1,low_data_completeness
d6ccecb6493ca7f8,서울,서울특별시 도봉구 쌍문동 11-17번지,서울특별시 도봉구 방학로7길 41 (쌍문동),10500,11320,10111100208254,젬스톤빌리지,"공동주택(다세대주택(도시형생활주택-단지형다세대 10세대)),제1종근생(소매점)",2016,0,1,304.77,1,0,0,0,unknown,0.833,0,0,0,0,0,
d6d143b8c02f1af6,인천,인천광역시 옹진군 북도면 모도리 267-1번지,인천광역시 옹진군 모도로140번길 19-16 (북도면 모도리),31023,28720,1000000000000001872490,모도파라다이스,,2023,1,1,0.0,0,1,0,0,unknown,0.667,0,0,0,0,1,low_data_completeness
d6e079ee35676994,경기,경기도 군포시 당동 14-1번지,경기도 군포시 공단로 149 (당동),10100,41410,111319626,아이밸리 군포,,2022,1,1,0.0,0,1,0,0,unknown,0.667,0,0,1,0,1,basement_or_unknown_floor|low_data_completeness
d6f6a564a3b4b46f,경기,경기도 광주시 경안동 9-13번지,경기도 광주시 광주대로71번길 9-5 (경안동),10100,41610,1125119791,,다가구주택,1994,0,3,542.87,1,0,1,0,unknown,0.833,1,0,0,0,1,old_building
d7067a48621f31af,인천,인천광역시 미추홀구 숭의동 1-10번지,인천광역시 미추홀구 경인로 150 (숭의동),10100,28177,10561100237803,한우리,,2022,1,1,0.0,0,1,0,0,unknown,0.667,0,0,0,0,1,low_data_completeness
d70a9f7dfd183eb1,경기,경기도 김포시 북변동 108번지,,10100,41570,112313577,,단독주택,2022,0,1,163.78,1,0,1,0,unknown,0.833,0,0,0,0,0,
d70c544cf96ec05d,서울,서울특별시 강동구 명일동 15번지,서울특별시 강동구 고덕로 210 (명일동),10100,11740,1026139060,삼익그린맨션,,2022,1,1,0.0,0,1,0,0,unknown,0.667,0,0,0,0,1,low_data_completeness
d7288c5d56a9f1c3,서울,서울특별시 도봉구 쌍문동 13-2번지,서울특별시 도봉구 도당로 18 (쌍문동),10500,11320,1011117202,,,2022,1,1,0.0,0,1,0,0,unknown,0.667,0,0,0,0,1,low_data_completeness
d73cfbbcc9271b19,인천,인천광역시 서구 백석동 블록,인천광역시 서구 한들로 33 (백석동),10100,28260,1000000000000002031982,검암역 로열파크씨티 푸르지오 1단지,,2023,1,1,0.0,0,1,0,0,unknown,0.667,0,0,0,0,1,low_data_completeness
d741f69a25b116ca,경기,경기도 고양시 일산서구 일산동 438번지,,10100,41287,11041229704,,단독주택,2022,0,1,49.68,1,0,1,0,unknown,0.833,0,0,0,0,0,
d742d4a3b46db7c1,경기,경기도 가평군 가평읍 읍내리 214번지,경기도 가평군 가평제방길 233 (가평읍 읍내리),25021,41820,1000000000000002714955,힐스테이트 가평 더뉴클래스,,2023,1,1,0.0,0,1,0,0,unknown,0.667,0,0,0,0,1,low_data_completeness
d757b87c8fa70dc2,서울,서울특별시 강동구 명일동 15번지,서울특별시 강동구 고덕로 210 (명일동),10100,11740,102611201,삼익그린맨션,아파트,1983,0,1,0.0,1,0,0,0,unknown,0.833,1,0,0,0,1,old_building
d75be4a2067f1716,서울,서울특별시 구로구 신도림동 279-4번지,서울특별시 구로구 신도림로11라길 55 (신도림동),10100,11530,1018123925,,연립주택,1975,0,1,0.0,1,0,0,0,unknown,0.833,1,0,0,0,1,old_building
d76d0a74b1aa31f9,경기,경기도 고양시 일산서구 일산동 524-16번지,경기도 고양시 일산서구 일중로 17 (일산동),10100,41287,11041325935,포오스프라자,,2022,1,1,0.0,0,1,0,0,unknown,0.667,0,0,0,0,1,low_data_completeness
d77ceb6bae819818,경기,경기도 고양시 덕양구 주교동 197-1번지,경기도 고양시 덕양구 고양대로 1303 (주교동),10100,41281,110418181,,위험물저장및처리시설(주유소),1994,0,1,774.0,1,0,0,0,unknown,0.833,1,1,0,0,1,old_building|non_residential_main_use
d77f0587be45a43a,경기,경기도 가평군 가평읍 읍내리 92-2번지,경기도 가평군 잎너비길 35-177 (가평읍 읍내리),25021,41820,113011994,,단독주택,1955,0,1,1206.15,1,0,1,0,unknown,0.833,1,0,0,0,1,old_building
d78de7523e9e8124,인천,인천광역시 강화군 강화읍 신문리 10-10번지,인천광역시 강화군 강화대로 371-1 (강화읍 신문리),25021,28710,106218249,장애인회관,노유자시설,1981,0,1,0.0,1,0,0,0,unknown,0.833,1,1,0,0,1,old_building|non_residential_main_use
d7b71ad5e9e01a01,경기,경기도 광주시 경안동 10-24번지,경기도 광주시 광주대로71번길 6 (경안동),10100,41610,11251100247157,,,2022,1,1,0.0,0,1,0,0,unknown,0.667,0,0,0,0,1,low_data_completeness
d7c3f8af8369015b,인천,인천광역시 남동구 구월동 3-18번지,인천광역시 남동구 석산로228번길 17-8 (구월동),10100,28200,1058127542,,,2022,1,1,0.0,0,1,0,0,unknown,0.667,0,0,0,0,1,low_data_completeness
d7c7b25571ae8e69,서울,서울특별시 노원구 월계동 13번지,서울특별시 노원구 마들로 59 (월계동),10200,11350,101211610,,아파트,1986,0,1,0.0,1,0,0,0,unknown,0.833,1,0,0,0,1,old_building
d7ca752d045ee4a1,경기,경기도 고양시 덕양구 주교동,,10100,41281,110411532,,창고,2022,0,1,67.08,1,0,1,0,unknown,0.833,0,1,0,0,1,non_residential_main_use
d7cbe2c8f0926d63,서울,서울특별시 강남구 역삼동 605-12번지,서울특별시 강남구 봉은사로24길 9 (역삼동),10100,11680,102415949,,근린생활시설,1984,0,1,0.0,1,0,0,0,unknown,0.833,1,1,0,0,1,old_building|non_residential_main_use
d7dde342a01a2100,인천,인천광역시 남동구 구월동 3-14번지,인천광역시 남동구 석산로228번길 7-1 (구월동),10100,28200,1058127534,동부주택2동,,2022,1,1,0.0,0,1,0,0,unknown,0.667,0,0,0,0,1,low_data_completeness
d7de8aede27a9b7b,경기,경기도 광주시 경안동 11-34번지,경기도 광주시 광주대로71번길 16-18 (경안동),10100,41610,1125117342,지은다가구주택,"단독주택,다가구주택",2003,0,1,280.0,1,0,0,0,unknown,0.833,1,0,0,0,1,old_building
d7e7cd3f94506ffb,서울,서울특별시 금천구 가산동 35-5번지,서울특별시 금천구 벚꽃로48길 8 (가산동),10100,11545,1019144633,가산빌라,,2022,1,1,0.0,0,1,0,0,unknown,0.667,0,0,0,0,1,low_data_completeness
d7ea59db06e3d86e,경기,경기도 광주시 경안동 20-16번지,경기도 광주시 광주대로 31 (경안동),10100,41610,1000000000000002748005,지에이타워,,2023,1,1,0.0,0,1,0,0,unknown,0.667,0,0,0,0,1,low_data_completeness
d7f6c36ffd05d9c5,서울,서울특별시 구로구 신도림동 271-25번지,서울특별시 구로구 신도림로19길 144 (신도림동),10100,11530,10181100189183,신도림삼성쉐르빌 1,,2022,1,1,0.0,0,1,0,0,unknown,0.667,0,0,0,0,1,low_data_completeness
d8045f9506cb3c5d,경기,경기도 가평군 가평읍 읍내리 133번지,,25021,41820,113012014,,주택,1952,0,1,0.0,1,0,0,0,unknown,0.833,1,0,0,0,1,old_building
d806b87d3c150c4e,서울,서울특별시 광진구 중곡동 18-78번지,서울특별시 광진구 용마산로22길 5-8 (중곡동),10100,11215,10061100207807,삼환엘리트빌,공동주택-다세대주택(도시형생활주택:단지형다세대),2013,0,1,215.9,1,0,0,0,unknown,0.833,0,0,0,0,0,
d821dfa39c41d8c4,경기,경기도 구리시 갈매동 510번지,경기도 구리시 갈매순환로204번길 65 (갈매동),10100,41310,11091100207198,구리 스마트벤처타워,,2022,1,1,0.0,0,1,0,0,unknown,0.667,0,0,0,0,1,low_data_completeness
d8315e0d78adafb1,인천,인천광역시 옹진군 북도면 모도리 267-1번지,인천광역시 옹진군 모도로140번길 19-16 (북도면 모도리),31023,28720,1000000000000001872419,모도파라다이스,,2023,1,1,0.0,0,1,0,0,unknown,0.667,0,0,0,0,1,low_data_completeness
d85d371296802944,인천,인천광역시 미추홀구 숭의동 1-10번지,인천광역시 미추홀구 경인로 150 (숭의동),10100,28177,10561100237800,한우리,,2022,1,1,0.0,0,1,0,0,unknown,0.667,0,0,0,0,1,low_data_completeness
d862672c1ad90f06,경기,경기도 가평군 가평읍 읍내리 87번지,경기도 가평군 잎너비길 35-237 (가평읍 읍내리),25021,41820,11301100232331,,기타동식물관련시설,2016,0,1,54.47,1,0,1,0,unknown,0.833,0,1,0,0,1,non_residential_main_use
d863ef96b9e3eab3,인천,인천광역시 동구 만석동 1-86번지,인천광역시 동구 보세로26번길 24-68 (만석동),10100,28140,10551100189402,,공장,2022,0,1,712.8,1,0,0,0,unknown,0.833,0,1,0,0,1,non_residential_main_use
d869460c1e481787,경기,경기도 과천시 문원동 15-23번지,경기도 과천시 공원마을2길 52 (문원동),10200,41290,110813611,,,2022,1,1,0.0,0,1,0,0,unknown,0.667,0,0,0,0,1,low_data_completeness
d877ab16737e56af,인천,인천광역시 강화군 강화읍 신문리 4-2번지,인천광역시 강화군 강화대로393번길 10 (강화읍 신문리),25021,28710,1062137460,,,2022,1,1,0.0,0,1,0,0,unknown,0.667,0,0,0,0,1,low_data_completeness
d887e5753680be09,서울,서울특별시 구로구 신도림동 271-25번지,서울특별시 구로구 신도림로19길 144 (신도림동),10100,11530,10181100189328,신도림삼성쉐르빌 1,,2022,1,1,0.0,0,1,0,0,unknown,0.667,0,0,0,0,1,low_data_completeness
d8917633fe9d2958,서울,서울특별시 광진구 중곡동 18-35번지,서울특별시 광진구 용마산로26길 19 (중곡동),10100,11215,10061756,,주택,1983,0,1,0.0,1,0,0,0,unknown,0.833,1,0,0,0,1,old_building
d8a7ee8670417382,서울,서울특별시 강북구 미아동 3-37번지,서울특별시 강북구 오현로9길 41 (미아동),10100,11305,1010130889,,,2022,1,1,0.0,0,1,0,0,unknown,0.667,0,0,0,0,1,low_data_completeness
d8a8d78dbc05a7cd,경기,경기도 가평군 가평읍 읍내리 98-1번지,경기도 가평군 잎너비길 17-64 (가평읍 읍내리),25021,41820,113011997,,단독주택,1999,0,1,822.16,1,0,1,0,unknown,0.833,1,0,0,0,1,old_building
d8bbe135f44176d2,서울,서울특별시 구로구 신도림동 271-25번지,서울특별시 구로구 신도림로19길 144 (신도림동),10100,11530,10181100189213,신도림삼성쉐르빌 1,,2022,1,1,0.0,0,1,0,0,unknown,0.667,0,0,0,0,1,low_data_completeness
d8c487b4b05052dc,인천,인천광역시 중구 중앙동1가 3-3번지,인천광역시 중구 제물량로232번안길 23 (중앙동1가),10100,28110,10541596,,제조업소,2022,0,1,119.0,1,0,1,0,unknown,0.833,0,1,0,0,1,non_residential_main_use
d8db157a952c8fb5,인천,인천광역시 서구 백석동 블록,인천광역시 서구 한들로 33 (백석동),10100,28260,1000000000000002032277,검암역 로열파크씨티 푸르지오 1단지,,2023,1,1,0.0,0,1,0,0,unknown,0.667,0,0,0,0,1,low_data_completeness
d8de1cd73666a7d6,인천,인천광역시 미추홀구 숭의동 1-10번지,인천광역시 미추홀구 경인로 150 (숭의동),10100,28177,10561100237804,한우리,,2022,1,1,0.0,0,1,0,0,unknown,0.667,0,0,0,0,1,low_data_completeness
d8e12ccd6880e090,서울,서울특별시 강북구 미아동 3-10번지,서울특별시 강북구 오현로9길 19 (미아동),10100,11305,1010130836,,연립주택,2022,1,1,39.0,0,1,0,1,unknown,0.833,0,0,0,0,0,
d9019c46ebe3d561,인천,인천광역시 강화군 강화읍 신문리 2-6번지,인천광역시 강화군 강화대로409번길 3 (강화읍 신문리),25021,28710,106218242,,소매점,1985,0,3,146.28,1,0,1,0,unknown,0.833,1,1,0,0,1,old_building|non_residential_main_use
d938cda9ef46c2e2,인천,인천광역시 계양구 효성동 1-30번지,인천광역시 계양구 길마로 98 (효성동),10100,28245,1060113263,삼성하이츠맨션,,2023,1,1,0.0,0,1,0,0,unknown,0.667,0,0,0,0,1,low_data_completeness
d93d11e052836c1b,서울,서울특별시 도봉구 쌍문동 11-3번지,서울특별시 도봉구 도봉로139길 80-9 (쌍문동),10500,11320,10111100193046,,,2022,1,1,0.0,0,1,0,0,unknown,0.667,0,0,0,0,1,low_data_completeness
d950d5a2d2e1358a,인천,인천광역시 미추홀구 숭의동 1-127번지,인천광역시 미추홀구 수봉로33번길 24 (숭의동),10100,28177,105612218,,주택,1971,0,1,0.0,1,0,0,0,unknown,0.833,1,0,0,0,1,old_building
d951d5a4a3777a09,서울,서울특별시 광진구 중곡동 18-12번지,서울특별시 광진구 용마산로 156 (중곡동),10100,11215,10061100225209,월드하우스,,2022,1,1,0.0,0,1,0,0,unknown,0.667,0,0,0,0,1,low_data_completeness
d956d9edf39d9d02,서울,서울특별시 강남구 역삼동 603-5번지,서울특별시 강남구 봉은사로 138 (역삼동),10100,11680,10241100249368,더스위트캐슬,오피스텔,2022,0,4,31.565,0,0,0,1,unknown,0.833,0,0,1,0,1,basement_or_unknown_floor
d96552c6d3f70984,인천,인천광역시 남동구 구월동 3-114번지,인천광역시 남동구 석산로228번길 7 (구월동),10100,28200,105816264,동부주택1동,공동주택,2003,0,1,295.0,1,0,0,0,unknown,0.833,1,0,0,0,1,old_building
d968648ec90bc188,경기,경기도 광명시 광명동 24-29번지,경기도 광명시 연서일로17번길 29-8 (광명동),10100,41210,109815388,,다세대주택,1986,0,2,287.83,1,0,1,0,unknown,0.833,1,0,0,0,1,old_building
d97d4fe183e1493a,서울,서울특별시 구로구 신도림동 279-1번지,서울특별시 구로구 신도림로11라길 67 (신도림동),10100,11530,1018122217,,공장,1976,0,1,0.0,1,0,0,0,unknown,0.833,1,1,0,0,1,old_building|non_residential_main_use
d98afb383b2ac6a3,서울,서울특별시 도봉구 쌍문동 19-19번지,서울특별시 도봉구 도당로2길 8 (쌍문동),10500,11320,10111558,쌍문동김가네,"제2종근린생활시설,다가구주택",2002,0,1,174.0,1,0,0,0,unknown,0.833,1,0,0,0,1,old_building
d9d6b1a688ea251c,인천,인천광역시 계양구 효성동 1-11번지,인천광역시 계양구 길마로88번길 5 (효성동),10100,28245,1060113209,원익그린맨션,,2022,1,1,0.0,0,1,0,0,unknown,0.667,0,0,0,0,1,low_data_completeness
d9db90fb8a03dbf2,인천,인천광역시 중구 중앙동3가 4-8번지,인천광역시 중구 홍예문로 7 (중앙동3가),10300,28110,1054115546,,,2022,1,1,0.0,0,1,0,0,unknown,0.667,0,0,0,0,1,low_data_completeness
d9f136070d229027,인천,인천광역시 남동구 구월동 3-16번지,인천광역시 남동구 당좌로 45-1 (구월동),10100,28200,105811829,,단독주택,1993,0,2,307.12,1,0,1,0,unknown,0.833,1,0,0,0,1,old_building
d9f4a59e9297c131,경기,경기도 구리시 갈매동 142-23번지,,10100,41310,11091100219399,휴게소,교정및군사시설,1991,0,1,13141.0,1,0,0,0,unknown,0.833,1,1,0,0,1,old_building|non_residential_main_use
d9fe6753e510ef0a,서울,서울특별시 구로구 신도림동 281-70번지,,10100,11530,101819026,,제2종근린생활시설(제조업소),1975,0,1,0.0,1,0,0,0,unknown,0.833,1,1,0,0,1,old_building|non_residential_main_use
da146fc75738756d,경기,경기도 구리시 갈매동 146-1번지,경기도 구리시 금강로 71 (갈매동),10100,41310,11091100197336,,근린생활시설,2017,0,1,330.0,1,0,0,0,unknown,0.833,0,1,0,0,1,non_residential_main_use
da1e63b693ed5380,경기,경기도 과천시 관문동 산20-1번지,경기도 과천시 중앙로 329 (관문동),10100,41290,11081156,,주택,1977,0,1,0.0,1,0,0,0,unknown,0.833,1,0,0,0,1,old_building
da25022350639fcf,인천,인천광역시 서구 백석동 6번지,인천광역시 서구 독정로 28-8 (백석동),10100,28260,106112212,,단독주택,1985,0,1,509.65,1,0,1,0,unknown,0.833,1,0,0,0,1,old_building
da2585cabcd57ea8,인천,인천광역시 서구 백석동 블록,인천광역시 서구 한들로 73 (백석동),10100,28260,1000000000000002035369,검암역 로열파크씨티 푸르지오 2단지,,2023,1,1,0.0,0,1,0,0,unknown,0.667,0,0,0,0,1,low_data_completeness
da2615eeca1b8c25,서울,서울특별시 금천구 가산동 31-6번지,서울특별시 금천구 벚꽃로56길 36 (가산동),10100,11545,1019112581,,"근린생활시설, 다가구용단독주택",1993,0,1,82.7,1,0,0,0,unknown,0.833,1,0,0,0,1,old_building
da2a89c3d70f62b9,인천,인천광역시 서구 백석동 58번지,인천광역시 서구 자원순환로356번길 11-8 (백석동),10100,28260,10611100315139,,자원순환관련시설(폐기물재활용시설),2016,0,1,0.0,1,0,0,0,unknown,0.833,0,1,0,0,1,non_residential_main_use
da2d7eea0964b7a0,서울,서울특별시 광진구 중곡동 18-16번지,서울특별시 광진구 용마산로28길 24 (중곡동),10100,11215,1006127409,,,2022,1,1,0.0,0,1,0,0,unknown,0.667,0,0,0,0,1,low_data_completeness
da37bf8381d5d56e,인천,인천광역시 부평구 부평동 10-66번지,인천광역시 부평구 장제로221번길 23 (부평동),10100,28237,10591100251179,다온그린빌,,2022,1,1,0.0,0,1,0,0,unknown,0.667,0,0,0,0,1,low_data_completeness
da4fa0ab2345e0af,서울,서울특별시 금천구 가산동 41-7번지,서울특별시 금천구 벚꽃로42길 18 (가산동),10100,11545,1019146402,,,2022,1,1,0.0,0,1,0,0,unknown,0.667,0,0,0,0,1,low_data_completeness
da5234f7e531a918,서울,서울특별시 강남구 대치동 511번지,서울특별시 강남구 삼성로 150 (대치동),10600,11680,1024125025,,,2022,1,1,0.0,0,1,0,0,unknown,0.667,0,0,0,0,1,low_data_completeness
da555a4cd9589e69,경기,경기도 고양시 일산동구 식사동 236-4번지,경기도 고양시 일산동구 견달산로210번길 45-15 (식사동),10100,41285,11041100226824,루미나리,,2022,1,1,0.0,0,1,0,0,unknown,0.667,0,0,0,0,1,low_data_completeness
da69619875862184,인천,인천광역시 부평구 부평동 10-43번지,인천광역시 부평구 길주남로102번길 11-11 (부평동),10100,28237,1000000000000004484330,부평동세창주택1차,,2024,1,1,0.0,0,1,0,0,unknown,0.667,0,0,0,0,1,low_data_completeness
da82bf89ff485bdf,경기,경기도 광주시 경안동 10-24번지,경기도 광주시 광주대로71번길 6 (경안동),10100,41610,11251100247141,,,2022,1,1,0.0,0,1,0,0,unknown,0.667,0,0,0,0,1,low_data_completeness
da9a0d23f3b07770,서울,서울특별시 구로구 신도림동 276-20번지,서울특별시 구로구 구로중앙로42길 152 (신도림동),10100,11530,1018118463,,자동차관련시설(정비공장),1994,0,1,564.0,1,0,0,0,unknown,0.833,1,1,0,0,1,old_building|non_residential_main_use
da9b40617bbb95d1,인천,인천광역시 옹진군 북도면 시도리 10-5번지,인천광역시 옹진군 시도로86번길 348 (북도면 시도리),31021,28720,10631100200139,,단독주택,2017,0,2,713.85,1,0,1,0,unknown,0.833,0,0,0,0,0,
da9f896867e4fa1d,서울,서울특별시 관악구 봉천동 1-303번지,서울특별시 관악구 청림3다길 23 (봉천동),10100,11620,1022122941,,단독주택,1993,0,1,129.8,1,0,0,0,unknown,0.833,1,0,0,0,1,old_building
daa15ac183089eb8,인천,인천광역시 강화군 강화읍 신문리 205-5번지,인천광역시 강화군 강화대로 429 (강화읍 신문리),25021,28710,1062135805,중앙시장,,2022,1,1,0.0,0,1,0,0,unknown,0.667,0,0,1,0,1,basement_or_unknown_floor|low_data_completeness
daae0a0345ec7aae,인천,인천광역시 강화군 강화읍 신문리 205-5번지,인천광역시 강화군 강화대로 429 (강화읍 신문리),25021,28710,1062135874,중앙시장,,2022,1,1,0.0,0,1,0,0,unknown,0.667,0,0,1,0,1,basement_or_unknown_floor|low_data_completeness
daae0b9541dbff5f,서울,서울특별시 구로구 신도림동 276-48번지,서울특별시 구로구 신도림로11라길 71-7 (신도림동),10100,11530,101817056,,공장,1976,0,1,0.0,1,0,0,0,unknown,0.833,1,1,0,0,1,old_building|non_residential_main_use
dad772eb3c1da519,경기,경기도 고양시 일산동구 식사동 4-3번지,경기도 고양시 일산동구 사리현로 77 (식사동),10100,41285,1000000000000003552001,,일반창고,2024,0,1,2549.78,1,0,1,0,unknown,0.833,0,1,0,0,1,non_residential_main_use
dade6dd9c554ef8f,서울,서울특별시 강서구 개화동 421-70번지,서울특별시 강서구 개화동로5길 9-11 (개화동),11000,11500,10171100238147,경동 미르웰,다세대주택,2022,0,1,31.47,0,0,0,1,unknown,0.833,0,0,0,0,0,
dae84c299f99b337,인천,인천광역시 연수구 옥련동 118-44번지,인천광역시 연수구 한진로 77 (옥련동),10100,28185,1000000000000005573416,송도역 서해그랑블 더파크,,2025,1,1,0.0,0,1,0,0,unknown,0.667,0,0,0,0,1,low_data_completeness
daeac8738aa7b75a,인천,인천광역시 중구 중앙동1가 18번지,인천광역시 중구 신포로23번길 101 (중앙동1가),10100,28110,10541100223290,대불호텔 전시관,전시장,2017,0,1,386.8,1,0,0,0,unknown,0.833,0,1,0,0,1,non_residential_main_use
db11c301f34a5bbf,서울,서울특별시 광진구 중곡동 18-12번지,서울특별시 광진구 용마산로 156 (중곡동),10100,11215,10061100225205,월드하우스,,2022,1,1,0.0,0,1,0,0,unknown,0.667,0,0,0,0,1,low_data_completeness
db1b8434e08b3cfa,서울,서울특별시 금천구 가산동 41-7번지,서울특별시 금천구 벚꽃로42길 18 (가산동),10100,11545,1019146401,,,2022,1,1,0.0,0,1,0,0,unknown,0.667,0,0,0,0,1,low_data_completeness
db39dbdea9076a65,경기,경기도 광명시 광명동 24-78번지,경기도 광명시 광삼로13번길 30-12 (광명동),10100,41210,109815394,부안빌라,다세대주택,2002,0,1,143.0,1,0,0,0,unknown,0.833,1,0,0,0,1,old_building
db3f19206ccf1251,인천,인천광역시 부평구 부평동 10-205번지,인천광역시 부평구 길주남로 69 (부평동),10100,28237,1059120908,,종교시설(부대),1984,0,1,0.0,1,0,0,0,unknown,0.833,1,1,0,0,1,old_building|non_residential_main_use
db40e29bc404a806,인천,인천광역시 강화군 강화읍 신문리 7-3번지,인천광역시 강화군 남문로 74 (강화읍 신문리),25021,28710,1000000000000002024028,,제2종근린생활시설,2023,0,1,768.0,1,0,0,0,unknown,0.833,0,1,0,0,1,non_residential_main_use
db4b29736980bf18,서울,서울특별시 강남구 역삼동 607-2번지,서울특별시 강남구 봉은사로26길 21 (역삼동),10100,11680,10241100207587,이안빌딩,"근린생활시설, 주거시설",2011,0,1,459.3,1,0,0,0,unknown,0.833,0,1,0,0,1,non_residential_main_use
db543b71272b231f,서울,서울특별시 관악구 봉천동 1-266번지,서울특별시 관악구 관악로38길 21 (봉천동),10100,11620,1022120369,,단독주택 외1,1994,0,1,183.64,1,0,0,0,unknown,0.833,1,0,0,0,1,old_building
db5c730802e199fc,경기,경기도 김포시 북변동 200-6번지,경기도 김포시 봉화로 164-4 (북변동),10100,41570,1000000000000002665899,MU빌리지,,2023,1,1,0.0,0,1,0,0,unknown,0.667,0,0,0,0,1,low_data_completeness
db5de194b93ccfa9,인천,인천광역시 계양구 효성동 21-11번지,인천광역시 계양구 길마로 70 (효성동),10100,28245,106012097,현대아파트,아파트,1991,0,1,0.0,1,0,0,0,unknown,0.833,1,0,0,0,1,old_building
db62cbdd90241216,인천,인천광역시 강화군 강화읍 신문리 2-49번지,인천광역시 강화군 강화대로403번길 8 (강화읍 신문리),25021,28710,1062125706,,근린생활시설,1983,0,1,0.0,1,0,0,0,unknown,0.833,1,1,0,0,1,old_building|non_residential_main_use
db65b2370a8c62f1,인천,인천광역시 계양구 효성동 1-13번지,인천광역시 계양구 길마로88번길 9 (효성동),10100,28245,1060113224,원익그린맨션,,2022,1,1,0.0,0,1,0,0,unknown,0.667,0,0,0,0,1,low_data_completeness
db68de7b7cafc84e,인천,인천광역시 동구 만석동 5-23번지,인천광역시 동구 화도진로198번길 7 (만석동),10100,28140,1055112149,삼성빌라,,2022,1,1,0.0,0,1,0,0,unknown,0.667,0,0,0,0,1,low_data_completeness
db8f75d017e63658,경기,경기도 군포시 당동 134번지,,10100,41410,11131553,,주택,1966,0,1,0.0,1,0,0,0,unknown,0.833,1,0,0,0,1,old_building
db972b5f75205512,서울,서울특별시 강북구 미아동 3-56번지,서울특별시 강북구 오현로 40 (미아동),10100,11305,10101780,,"근린생활시설, 주택",1993,0,1,70.15,1,0,0,0,unknown,0.833,1,0,0,0,1,old_building
db99e88d1bbd9fa7,인천,인천광역시 동구 만석동 1-74번지,인천광역시 동구 보세로26번길 24-27 (만석동),10100,28140,10551100182323,,공장,2014,0,1,474.6,1,0,0,0,unknown,0.833,0,1,0,0,1,non_residential_main_use
dba1b1049500a9a5,서울,서울특별시 강남구 역삼동 755-1번지,서울특별시 강남구 역삼로 314 (역삼동),10100,11680,1024124608,개나리 푸르지오,,2022,1,1,0.0,0,1,0,0,unknown,0.667,0,0,0,0,1,low_data_completeness
dba4e3711cde0d5d,경기,경기도 고양시 덕양구 주교동 38-13번지,경기도 고양시 덕양구 원당로 112 (주교동),10100,41281,11041100458208,고양 엘림프라자,,2022,1,1,0.0,0,1,0,0,unknown,0.667,0,0,0,0,1,low_data_completeness
dba6b8636e45d35a,인천,인천광역시 서구 백석동 블록,인천광역시 서구 한들로 33 (백석동),10100,28260,1000000000000002031325,검암역 로열파크씨티 푸르지오 1단지,,2023,1,1,0.0,0,1,0,0,unknown,0.667,0,0,0,0,1,low_data_completeness
dbc64c26e5a7d9dd,인천,인천광역시 미추홀구 숭의동 1-149번지,인천광역시 미추홀구 경인로144번길 16 (숭의동),10100,28177,105617930,장원아파트,"공동주택,근린생활시설",2005,0,1,374.0,1,0,0,0,unknown,0.833,1,0,0,0,1,old_building
dbc6502b76779e95,인천,인천광역시 미추홀구 숭의동 1-10번지,인천광역시 미추홀구 경인로 150 (숭의동),10100,28177,10561100237767,한우리,,2022,1,1,0.0,0,1,0,0,unknown,0.667,0,0,0,0,1,low_data_completeness
dbd2f397ec7f5ccc,서울,서울특별시 강동구 명일동 15번지,서울특별시 강동구 고덕로 210 (명일동),10100,11740,1026138932,삼익그린맨션,,2022,1,1,0.0,0,1,0,0,unknown,0.667,0,0,0,0,1,low_data_completeness
dbd979f5790d6b84,경기,경기도 광명시 광명동 25-10번지,경기도 광명시 광명로928번길 41-6 (광명동),10100,41210,1098117433,,,2022,1,1,0.0,0,1,0,0,unknown,0.667,0,0,0,0,1,low_data_completeness
dbdf37d6d97d8b0d,서울,서울특별시 강북구 미아동 3-110번지,서울특별시 강북구 오패산로30가길 5-9 (미아동),10100,11305,10101812,,단독주택,1969,0,1,0.0,1,0,0,0,unknown,0.833,1,0,0,0,1,old_building
dbe27684f6b94562,경기,경기도 고양시 일산서구 일산동 524-16번지,경기도 고양시 일산서구 일중로 17 (일산동),10100,41287,11041325931,포오스프라자,,2022,1,1,0.0,0,1,0,0,unknown,0.667,0,0,0,0,1,low_data_completeness
dbf46c610ce1c031,서울,서울특별시 강남구 역삼동 605-6번지,서울특별시 강남구 봉은사로 164 (역삼동),10100,11680,102418002,,숙박시설,2003,0,1,477.6,1,0,0,0,unknown,0.833,1,1,0,0,1,old_building|non_residential_main_use
dbf94ac1dac99a44,경기,경기도 군포시 당동 70-3번지,경기도 군포시 군포로580번길 45 (당동),10100,41410,11131100211341,수자인하우스,숙박시설,2019,0,1,213.0,1,0,0,0,unknown,0.833,0,1,0,0,1,non_residential_main_use
dc06147aef10ae66,경기,경기도 광명시 광명동 24-75번지,경기도 광명시 광삼로13번길 30-14 (광명동),10100,41210,10981753,,단독주택,1975,0,1,152.0,1,0,0,0,unknown,0.833,1,0,0,0,1,old_building
dc0cc1a668113606,경기,경기도 군포시 당동 261-7번지,경기도 군포시 군포역1길 33 (당동),10100,41410,11131606,,점포,1975,0,1,0.0,1,0,0,0,unknown,0.833,1,1,0,0,1,old_building|non_residential_main_use
dc16041f81064d1f,인천,인천광역시 미추홀구 숭의동 1-10번지,인천광역시 미추홀구 경인로 150 (숭의동),10100,28177,10561100237790,한우리,,2022,1,1,0.0,0,1,0,0,unknown,0.667,0,0,0,0,1,low_data_completeness
dc16d4cde4e2132c,서울,서울특별시 강서구 염창동 5-17번지,서울특별시 강서구 양천로61길 90 (염창동),10100,11500,1017118098,,단독주택,2022,0,1,29.76,1,0,1,0,unknown,0.833,0,0,0,0,0,
dc2ee382821f1c41,경기,경기도 구리시 갈매동 484번지,경기도 구리시 갈매길 113-9 (갈매동),10100,41310,11091100177885,,,2022,1,1,0.0,0,1,0,0,unknown,0.667,0,0,0,0,1,low_data_completeness
dc3e086f80676597,인천,인천광역시 부평구 부평동 10-74번지,인천광역시 부평구 길주남로65번길 12-15 (부평동),10100,28237,1059113195,,다가구주택,1990,0,2,304.48,1,0,1,0,unknown,0.833,1,0,0,0,1,old_building
dc3e2e418e262c4f,경기,경기도 광주시 경안동 19-7번지,경기도 광주시 광주대로55번길 7-4 (경안동),10100,41610,1125171982,,,2022,1,1,0.0,0,1,0,0,unknown,0.667,0,0,1,0,1,basement_or_unknown_floor|low_data_completeness
dc4c2ed2618221e7,서울,서울특별시 관악구 봉천동 1-485번지,서울특별시 관악구 청림3길 60 (봉천동),10100,11620,1022188228,,,2022,1,1,0.0,0,1,0,0,unknown,0.667,0,0,0,0,1,low_data_completeness
dc559018e61f9176,인천,인천광역시 강화군 강화읍 신문리 2-44번지,인천광역시 강화군 강화대로403번길 4-1 (강화읍 신문리),25021,28710,1062119974,,근린생활시설,1981,0,1,89.0,1,0,0,0,unknown,0.833,1,1,0,0,1,old_building|non_residential_main_use
dc8930d595a70c01,서울,서울특별시 관악구 봉천동 1-393번지,서울특별시 관악구 청림3마길 8 (봉천동),10100,11620,1022128168,,단독주택,1990,0,1,0.0,1,0,0,0,unknown,0.833,1,0,0,0,1,old_building
dcac9d3b444199b1,서울,서울특별시 도봉구 쌍문동 11-17번지,서울특별시 도봉구 방학로7길 41 (쌍문동),10500,11320,10111100208265,젬스톤빌리지,,2022,1,1,0.0,0,1,0,0,unknown,0.667,0,0,0,0,1,low_data_completeness
dcb6edf6ead02475,인천,인천광역시 계양구 효성동 1-17번지,인천광역시 계양구 새벌로 191 (효성동),10100,28245,1060113247,그린파크,,2022,1,1,0.0,0,1,0,0,unknown,0.667,0,0,0,0,1,low_data_completeness
dcc57cc24374afb4,인천,인천광역시 동구 만석동 2-23번지,인천광역시 동구 만석부두로 16-3 (만석동),10100,28140,10551228,3동,공장,2001,0,1,0.0,1,0,0,0,unknown,0.833,1,1,0,0,1,old_building|non_residential_main_use
dccb1453b1889b61,인천,인천광역시 남동구 구월동 3-23번지,인천광역시 남동구 당좌로 39 (구월동),10100,28200,10581100316228,나라사랑주택,,2022,1,1,0.0,0,1,0,0,unknown,0.667,0,0,0,0,1,low_data_completeness
dcf868b972435cb3,서울,서울특별시 강남구 대치동 511번지,서울특별시 강남구 삼성로 150 (대치동),10600,11680,1024125376,한보미도맨션211동,,2022,1,1,0.0,0,1,0,0,unknown,0.667,0,0,0,0,1,low_data_completeness
dcfd274a9a1dab8c,인천,인천광역시 강화군 강화읍 신문리 205-5번지,인천광역시 강화군 강화대로 429 (강화읍 신문리),25021,28710,1062135721,중앙시장,,2022,1,1,0.0,0,1,0,0,unknown,0.667,0,0,1,0,1,basement_or_unknown_floor|low_data_completeness
dd0c9183b7ae7c7b,인천,인천광역시 부평구 부평동 10-222번지,인천광역시 부평구 길주남로 44 (부평동),10100,28237,1059138174,,"근린생활시설, 주택",1992,0,1,230.0,1,0,0,0,unknown,0.833,1,0,0,0,1,old_building
dd0d78eb24d3f694,인천,인천광역시 부평구 부평동 10-66번지,인천광역시 부평구 장제로221번길 23 (부평동),10100,28237,10591100251188,다온그린빌,,2022,1,1,0.0,0,1,0,0,unknown,0.667,0,0,0,0,1,low_data_completeness
dd148a130fcaee1c,경기,경기도 군포시 당동 178-1번지,경기도 군포시 공단로 1 (당동),10100,41410,11131596,,공장,2002,0,1,2433.0,1,0,0,0,unknown,0.833,1,1,0,0,1,old_building|non_residential_main_use
dd18c905c2de9e5e,인천,인천광역시 옹진군 북도면 모도리 267-1번지,인천광역시 옹진군 모도로140번길 19-16 (북도면 모도리),31023,28720,1000000000000001872495,모도파라다이스,,2023,1,1,0.0,0,1,0,0,unknown,0.667,0,0,0,0,1,low_data_completeness
dd2195b09c90e8bc,서울,서울특별시 강서구 방화동 128-1번지,서울특별시 강서구 방화대로52가길 36 (방화동),10900,11500,10171167855,한림빌리지,연립주택,2022,0,2,91.34,0,0,0,1,unknown,0.833,0,0,1,0,1,basement_or_unknown_floor
dd2fbb6654ecea34,서울,서울특별시 강남구 역삼동 602번지,서울특별시 강남구 봉은사로 120 (역삼동),10100,11680,1024117066,르메르디앙서울호텔,숙박시설 근린생활시설 운동시설 위락시설,1995,0,1,10362.5,1,0,0,0,unknown,0.833,1,1,1,0,1,old_building|non_residential_main_use|basement_or_unknown_floor
dd436e89fad6caaa,경기,경기도 고양시 일산서구 일산동 524-16번지,경기도 고양시 일산서구 일중로 17 (일산동),10100,41287,11041325952,포오스프라자,,2022,1,1,0.0,0,1,0,0,unknown,0.667,0,0,0,0,1,low_data_completeness
dd4de40085226140,서울,서울특별시 강북구 미아동 3-36번지,서울특별시 강북구 오현로9길 45 (미아동),10100,11305,10101100197336,,,2022,1,1,0.0,0,1,0,0,unknown,0.667,0,0,0,0,1,low_data_completeness
dd776e5a0cb56f6f,경기,경기도 과천시 관문동 3번지,경기도 과천시 중앙로 294 (관문동),10100,41290,11081100200834,관문동 3 운동시설 (과천시),테니스장,2022,0,1,177840.3,1,0,1,0,unknown,0.833,0,1,0,0,1,non_residential_main_use
dda2f28fdcab3a9c,경기,경기도 고양시 일산동구 식사동 7-6번지,경기도 고양시 일산동구 사리현로 49 (식사동),10100,41285,1000000000000003139824,,사무소,2024,0,1,9.45,1,0,1,0,unknown,0.833,0,1,0,0,1,non_residential_main_use
dda38c5300ed65ff,경기,경기도 고양시 일산동구 식사동 13-8번지,,10100,41285,11041100436773,저장고(탄36),국방ㆍ군사시설,1974,0,1,652599.92,1,0,1,0,unknown,0.833,1,1,0,0,1,old_building|non_residential_main_use
ddb05ff75d8036a0,인천,인천광역시 옹진군 북도면 모도리 267-1번지,인천광역시 옹진군 모도로140번길 19-16 (북도면 모도리),31023,28720,1000000000000001872481,모도파라다이스,,2023,1,1,0.0,0,1,0,0,unknown,0.667,0,0,0,0,1,low_data_completeness
ddb90c25bc208e8a,인천,인천광역시 계양구 효성동 1-14번지,인천광역시 계양구 길마로88번길 11 (효성동),10100,28245,1060113241,원익그린맨션,,2022,1,1,0.0,0,1,0,0,unknown,0.667,0,0,0,0,1,low_data_completeness
ddc0b575563d39bf,서울,서울특별시 강서구 염창동 65번지,서울특별시 강서구 양천로67길 71-3 (염창동),10100,11500,10171100318503,진영리버타운,,2022,1,1,0.0,0,1,0,0,unknown,0.667,0,0,0,0,1,low_data_completeness
ddc280be55247f43,경기,경기도 김포시 북변동 200-16번지,경기도 김포시 봉화로 164-2 (북변동),10100,41570,1000000000000003596017,MU빌리지,,2024,1,1,0.0,0,1,0,0,unknown,0.667,0,0,0,0,1,low_data_completeness
ddd2074cc6bc901f,서울,서울특별시 금천구 가산동 50-3번지,서울특별시 금천구 벚꽃로 298 (가산동),10100,11545,10191100191075,대륭 포스트타워 6차,,2022,1,1,0.0,0,1,0,0,unknown,0.667,0,0,0,0,1,low_data_completeness
ddd82add79c0ec2e,인천,인천광역시 강화군 강화읍 신문리 205-5번지,인천광역시 강화군 강화대로 429 (강화읍 신문리),25021,28710,1062135905,중앙시장,,2022,1,1,0.0,0,1,0,0,unknown,0.667,0,0,1,0,1,basement_or_unknown_floor|low_data_completeness
ddda651dbf06ca25,서울,서울특별시 도봉구 쌍문동 13-2번지,서울특별시 도봉구 도당로 18 (쌍문동),10500,11320,1011117152,,,2022,1,1,0.0,0,1,0,0,unknown,0.667,0,0,0,0,1,low_data_completeness
ddedb412e876909f,서울,서울특별시 강동구 명일동 15번지,서울특별시 강동구 고덕로 210 (명일동),10100,11740,10261100780,삼익그린맨션,,2022,1,1,0.0,0,1,0,0,unknown,0.667,0,0,0,0,1,low_data_completeness
de0de316436b65a5,경기,경기도 가평군 가평읍 읍내리 102-4번지,경기도 가평군 잎너비길 17-66 (가평읍 읍내리),25021,41820,11301100213669,다동,생활숙박시설,2014,0,1,45.86,1,0,1,0,unknown,0.833,0,1,0,0,1,non_residential_main_use
de2af305bb4060a9,경기,경기도 고양시 일산동구 식사동 13-8번지,,10100,41285,11041100436831,구간부숙소,교정및군사시설,1995,0,1,652295.0,1,0,0,0,unknown,0.833,1,1,0,0,1,old_building|non_residential_main_use
de34b30abd86d54d,인천,인천광역시 미추홀구 숭의동 1-154번지,인천광역시 미추홀구 경인로142번길 17 (숭의동),10100,28177,105617933,한솔빌라,공동주택,2002,0,1,194.0,1,0,0,0,unknown,0.833,1,0,0,0,1,old_building
de3b2729466c5cbd,인천,인천광역시 서구 백석동 25-1번지,인천광역시 서구 아라로51번길 72-34 (백석동),10100,28260,106112224,,축사,1970,0,2,842.32,1,0,1,0,unknown,0.833,1,1,0,0,1,old_building|non_residential_main_use
de5392aca24e47a9,인천,인천광역시 서구 백석동 블록,인천광역시 서구 한들로 33 (백석동),10100,28260,1000000000000002033174,검암역 로열파크씨티 푸르지오 1단지,,2023,1,1,0.0,0,1,0,0,unknown,0.667,0,0,0,0,1,low_data_completeness
de60fc59de4c9da5,경기,경기도 광주시 경안동 20-16번지,경기도 광주시 광주대로 31 (경안동),10100,41610,1000000000000002747885,지에이타워,,2023,1,1,0.0,0,1,0,0,unknown,0.667,0,0,0,0,1,low_data_completeness
de659befe3fbe21e,인천,인천광역시 연수구 옥련동 116-34번지,인천광역시 연수구 비류대로 152 (옥련동),10100,28185,10571629,,근린생활시설,2000,0,1,158.0,1,0,0,0,unknown,0.833,1,1,0,0,1,old_building|non_residential_main_use
de6e2d755387e6c5,서울,서울특별시 구로구 신도림동 281-45번지,서울특별시 구로구 신도림로11라길 59-16 (신도림동),10100,11530,1018118995,,근린생활시설,1976,0,1,0.0,1,0,0,0,unknown,0.833,1,1,0,0,1,old_building|non_residential_main_use
de7215225067d58c,서울,서울특별시 강서구 마곡동 5-1번지,서울특별시 강서구 양천로47길 104-5 (마곡동),10500,11500,10171100295807,갤럭시오피스텔마곡2,다세대주택,2022,0,3,39.07,0,0,0,1,unknown,0.833,0,0,1,0,1,basement_or_unknown_floor
de80b4ded5da7d36,서울,서울특별시 도봉구 쌍문동 23-20번지,서울특별시 도봉구 방학로3가길 27-7 (쌍문동),10500,11320,10111582,,다가구용단독주택(5),1995,0,1,121.54,1,0,0,0,unknown,0.833,1,0,0,0,1,old_building
de8dc8c832df5a5b,서울,서울특별시 강북구 미아동 3-10번지,서울특별시 강북구 오현로9길 19 (미아동),10100,11305,1010130828,,연립주택,2022,1,1,39.69,0,1,0,1,unknown,0.833,0,0,0,0,0,
de934aab6bb67392,서울,서울특별시 도봉구 쌍문동 22-1번지,서울특별시 도봉구 도봉로133길 40-32 (쌍문동),10500,11320,10111571,,"주택, 점포",1980,0,1,0.0,1,0,0,0,unknown,0.833,1,0,0,0,1,old_building
de991238bbd4ed9c,서울,서울특별시 광진구 중곡동 18-19번지,서울특별시 광진구 용마산로 152 (중곡동),10100,11215,10061100182248,진성교회,종교시설,2008,0,1,805.2,1,0,0,0,unknown,0.833,0,1,0,0,1,non_residential_main_use
de9b444f553e31ea,경기,경기도 가평군 가평읍 읍내리 97-5번지,경기도 가평군 잎너비길 17-78 (가평읍 읍내리),25021,41820,11301100254353,1동,생활숙박시설,2018,0,2,178.58,1,0,1,0,unknown,0.833,0,1,0,0,1,non_residential_main_use
deade8f5b9cb644d,서울,서울특별시 강남구 역삼동 754번지,서울특별시 강남구 역삼로 306 (역삼동),10100,11680,1024124660,개나리 래미안,,2022,1,1,0.0,0,1,0,0,unknown,0.667,0,0,0,0,1,low_data_completeness
dedeaa5adf03e9ad,경기,경기도 광명시 광명동 24-56번지,경기도 광명시 광삼로13번길 27 (광명동),10100,41210,1098117401,,,2022,1,1,0.0,0,1,0,0,unknown,0.667,0,0,1,0,1,basement_or_unknown_floor|low_data_completeness
dedeefe58d12cfb2,서울,서울특별시 강남구 대치동 511번지,서울특별시 강남구 삼성로 150 (대치동),10600,11680,1024125577,한보미도맨션209동,,2022,1,1,0.0,0,1,0,0,unknown,0.667,0,0,0,0,1,low_data_completeness
dee8ef9c525ccfb6,서울,서울특별시 강서구 염창동 110-13번지,서울특별시 강서구 양천로73길 56-5 (염창동),10100,11500,1017114497,,"근린생활시설(제조장,제조업)",2003,0,1,106.0,1,0,0,0,unknown,0.833,1,1,0,0,1,old_building|non_residential_main_use
def3e4c66b1cf13d,경기,경기도 광명시 광명동 24-31번지,경기도 광명시 광삼로13번길 38 (광명동),10100,41210,1098117383,공주빌라,,2022,1,1,0.0,0,1,0,0,unknown,0.667,0,0,1,0,1,basement_or_unknown_floor|low_data_completeness
def6843760417e5b,경기,경기도 김포시 북변동 152-3번지,경기도 김포시 중봉로115번길 42-28 (북변동),10100,41570,11231100380665,,제조업소,2018,0,1,911.0,1,0,1,0,unknown,0.833,0,1,0,0,1,non_residential_main_use
df1b781ade791ce5,서울,서울특별시 강서구 염창동 57번지,서울특별시 강서구 양천로67길 50-33 (염창동),10100,11500,1017171452,지오빌,,2022,1,1,0.0,0,1,0,0,unknown,0.667,0,0,0,0,1,low_data_completeness
df1f50e5ff96ff89,경기,경기도 가평군 가평읍 읍내리,,25021,41820,113011982,,단독주택,1965,0,1,69.44,1,0,1,0,unknown,0.833,1,0,0,0,1,old_building
df2ec76676bad665,경기,경기도 광주시 경안동 11-35번지,경기도 광주시 광주대로71번길 16-12 (경안동),10100,41610,1125112121,,주택,1951,0,1,0.0,1,0,0,0,unknown,0.833,1,0,0,0,1,old_building
df30f8b6b6799561,서울,서울특별시 관악구 봉천동 1-486번지,서울특별시 관악구 청림3길 58 (봉천동),10100,11620,1022133175,,단독주택 외1,1993,0,1,80.46,1,0,0,0,unknown,0.833,1,0,0,0,1,old_building
df34417e259ca838,경기,경기도 광주시 경안동 20-16번지,경기도 광주시 광주대로 31 (경안동),10100,41610,1000000000000002747959,지에이타워,,2023,1,1,0.0,0,1,0,0,unknown,0.667,0,0,0,0,1,low_data_completeness
df497b3d8dec0ec8,인천,인천광역시 부평구 부평동 10-66번지,인천광역시 부평구 장제로221번길 23 (부평동),10100,28237,10591100251189,다온그린빌,,2022,1,1,0.0,0,1,0,0,unknown,0.667,0,0,0,0,1,low_data_completeness
df5783025d1f4561,경기,경기도 김포시 북변동 200-16번지,경기도 김포시 봉화로 164-2 (북변동),10100,41570,1000000000000003596021,MU빌리지,,2024,1,1,0.0,0,1,0,0,unknown,0.667,0,0,0,0,1,low_data_completeness
dfd787a945ec2157,서울,서울특별시 강북구 미아동 3-51번지,서울특별시 강북구 오패산로30가길 8-6 (미아동),10100,11305,1010130890,,,2022,1,1,0.0,0,1,0,0,unknown,0.667,0,0,0,0,1,low_data_completeness
dfdc83c1ad669e38,인천,인천광역시 미추홀구 숭의동 1-10번지,인천광역시 미추홀구 경인로 150 (숭의동),10100,28177,10561100237793,한우리,,2022,1,1,0.0,0,1,0,0,unknown,0.667,0,0,0,0,1,low_data_completeness
dfe4d1645ee4d339,인천,인천광역시 옹진군 북도면 모도리 267-1번지,인천광역시 옹진군 모도로140번길 19-16 (북도면 모도리),31023,28720,1000000000000001872488,모도파라다이스,,2023,1,1,0.0,0,1,0,0,unknown,0.667,0,0,0,0,1,low_data_completeness
dfed1cb19558df2d,서울,서울특별시 구로구 신도림동 279-11번지,서울특별시 구로구 신도림로11라길 63 (신도림동),10100,11530,1018115921,,"제1,2종근린생활시설",1975,0,1,0.0,1,0,0,0,unknown,0.833,1,1,0,0,1,old_building|non_residential_main_use
dfed4d1c409d0174,서울,서울특별시 강동구 명일동 15번지,서울특별시 강동구 고덕로 210 (명일동),10100,11740,1026138147,삼익그린맨션,,2022,1,1,0.0,0,1,0,0,unknown,0.667,0,0,0,0,1,low_data_completeness
dffb5e6b57bef974,경기,경기도 광주시 경안동 8-23번지,,10100,41610,1125131646,,단독주택,1941,0,1,37.22,1,0,1,0,unknown,0.833,1,0,0,0,1,old_building
e019f73b91e576a6,경기,경기도 광명시 광명동 26-11번지,경기도 광명시 광명로928번길 42-8 (광명동),10100,41210,10981769,,다가구주택,1994,0,1,132.0,1,0,0,0,unknown,0.833,1,0,0,0,1,old_building
e032a651ee2976a1,인천,인천광역시 강화군 강화읍 신문리 205-5번지,인천광역시 강화군 강화대로 429 (강화읍 신문리),25021,28710,1062135761,중앙시장,,2022,1,1,0.0,0,1,0,0,unknown,0.667,0,0,1,0,1,basement_or_unknown_floor|low_data_completeness
e04593dc07102018,경기,경기도 김포시 북변동 58-2번지,,10100,41570,112313574,,단독주택,2022,0,1,99.39,1,0,1,0,unknown,0.833,0,0,0,0,0,
e0525ee8e42e88c6,서울,서울특별시 금천구 가산동 40-11번지,서울특별시 금천구 벚꽃로42길 13 (가산동),10100,11545,10191100200313,휴먼빌,,2022,1,1,0.0,0,1,0,0,unknown,0.667,0,0,0,0,1,low_data_completeness
e055339d1f8c2722,서울,서울특별시 금천구 가산동 32-59번지,서울특별시 금천구 벚꽃로50길 4 (가산동),10100,11545,101919838,,다가구용단독주택(4가구),1992,0,1,87.0,1,0,0,0,unknown,0.833,1,0,0,0,1,old_building
e05b3b000611a6dc,경기,경기도 가평군 가평읍 읍내리 81-2번지,경기도 가평군 잎너비길 17-80 (가평읍 읍내리),25021,41820,11301100179789,,교육(연수)원,2008,0,1,195.72,1,0,1,0,unknown,0.833,0,1,0,0,1,non_residential_main_use
e05ba4d29d0629ea,인천,인천광역시 강화군 강화읍 신문리 205-5번지,인천광역시 강화군 강화대로 429 (강화읍 신문리),25021,28710,1062135716,중앙시장,,2022,1,1,0.0,0,1,0,0,unknown,0.667,0,0,1,0,1,basement_or_unknown_floor|low_data_completeness
e06742f4dccb2890,서울,서울특별시 금천구 가산동 32-36번지,서울특별시 금천구 벚꽃로52길 3 (가산동),10100,11545,101917714,,다가구주택(5가구),2006,0,1,96.3,1,0,0,0,unknown,0.833,0,0,0,0,0,
e07f281b44a058d5,경기,경기도 구리시 갈매동 147-17번지,경기도 구리시 담터길21번길 81 (갈매동),10100,41310,11091283,,근린생활시설,1989,0,1,282.0,1,0,0,0,unknown,0.833,1,1,0,0,1,old_building|non_residential_main_use
e080095f614d352b,경기,경기도 가평군 가평읍 읍내리 214번지,경기도 가평군 가평제방길 233 (가평읍 읍내리),25021,41820,1000000000000002714503,힐스테이트 가평 더뉴클래스,,2023,1,1,0.0,0,1,0,0,unknown,0.667,0,0,0,0,1,low_data_completeness
e08243f7b4d762ca,경기,경기도 광주시 경안동,,10100,41610,1125110791,,단독주택,2022,0,1,18.0,1,0,1,0,unknown,0.833,0,0,0,0,0,
e0871dbc6fad4ef0,경기,경기도 광주시 경안동 10-12번지,경기도 광주시 광주대로71번길 10 (경안동),10100,41610,1125129735,,단독주택,1991,0,3,389.02,1,0,1,0,unknown,0.833,1,0,0,0,1,old_building
e0a9ca0edb07b58d,인천,인천광역시 연수구 옥련동 81-19번지,인천광역시 연수구 독배로 109 (옥련동),10100,28185,105718095,,,2022,1,1,0.0,0,1,0,0,unknown,0.667,0,0,1,0,1,basement_or_unknown_floor|low_data_completeness
e0c0613ad7088dfe,경기,경기도 구리시 갈매동 484번지,경기도 구리시 갈매길 113-9 (갈매동),10100,41310,11091100177898,,,2022,1,1,0.0,0,1,0,0,unknown,0.667,0,0,0,0,1,low_data_completeness
e0cc1cb794b0e79d,경기,경기도 고양시 일산동구 식사동 231-1번지,경기도 고양시 일산동구 견달산로210번길 47-5 (식사동),10100,41285,11041100324895,드림팰리스,,2022,1,1,0.0,0,1,0,0,unknown,0.667,0,0,0,0,1,low_data_completeness
e0d025fb4971b86a,서울,서울특별시 강북구 미아동 3-199번지,서울특별시 강북구 오현로9길 29 (미아동),10100,11305,1010112855,,공동주택,1991,0,1,0.0,1,0,0,0,unknown,0.833,1,0,0,0,1,old_building
e10828b2a0da3d66,경기,경기도 구리시 갈매동 510번지,경기도 구리시 갈매순환로204번길 65 (갈매동),10100,41310,11091100207247,구리 스마트벤처타워,,2022,1,1,0.0,0,1,0,0,unknown,0.667,0,0,0,0,1,low_data_completeness
e10f007104c303b8,경기,경기도 고양시 일산동구 식사동 5번지,경기도 고양시 일산동구 사리현로 69 (식사동),10100,41285,11041100238000,,정비공장,2013,0,1,198.0,1,0,1,0,unknown,0.833,0,1,0,0,1,non_residential_main_use
e111cecb3bb09bf4,서울,서울특별시 금천구 가산동 50-3번지,서울특별시 금천구 벚꽃로 298 (가산동),10100,11545,10191100191337,대륭 포스트타워 6차,,2022,1,1,0.0,0,1,0,0,unknown,0.667,0,0,0,0,1,low_data_completeness
e115f6d468d5df5c,서울,서울특별시 금천구 가산동 7-18번지,서울특별시 금천구 벚꽃로56길 28 (가산동),10100,11545,1019110044,,"근린생활시설, 주택",1992,0,1,176.3,1,0,0,0,unknown,0.833,1,0,0,0,1,old_building
e130eb3289270d19,인천,인천광역시 동구 만석동 1-13번지,인천광역시 동구 보세로 22 (만석동),10100,28140,10551210,,창고,2007,0,1,444.69,1,0,1,0,unknown,0.833,0,1,0,0,1,non_residential_main_use
e13b052fd4811426,인천,인천광역시 서구 백석동 블록,인천광역시 서구 한중1로 14 (백석동),10100,28260,1000000000000002732020,센트럴빌딩,,2023,1,1,0.0,0,1,0,0,unknown,0.667,0,0,0,0,1,low_data_completeness
e13fbd34c05fda12,경기,경기도 고양시 일산서구 일산동 551-16번지,경기도 고양시 일산서구 고양대로 701-6 (일산동),10100,41287,11041100176592,대명아트빌,,2022,1,1,0.0,0,1,0,0,unknown,0.667,0,0,0,0,1,low_data_completeness
e14de0b13d75fbe8,경기,경기도 광명시 광명동 25-8번지,경기도 광명시 광삼로13번길 23-1 (광명동),10100,41210,1098117423,,,2022,1,1,0.0,0,1,0,0,unknown,0.667,0,0,0,0,1,low_data_completeness
e150857abec1795a,경기,경기도 광주시 경안동 11-45번지,경기도 광주시 광주대로71번길 16 (경안동),10100,41610,1000000000000004040313,,주택,1960,0,1,0.0,1,0,0,0,unknown,0.833,1,0,0,0,1,old_building
e1518b1608b00380,경기,경기도 군포시 당동 14-1번지,경기도 군포시 공단로 149 (당동),10100,41410,111319544,아이밸리 군포,,2022,1,1,0.0,0,1,0,0,unknown,0.667,0,0,1,0,1,basement_or_unknown_floor|low_data_completeness
e16901fd941a701e,경기,경기도 구리시 갈매동 510번지,경기도 구리시 갈매순환로204번길 65 (갈매동),10100,41310,11091100207167,구리 스마트벤처타워,,2022,1,1,0.0,0,1,0,0,unknown,0.667,0,0,0,0,1,low_data_completeness
e16a34d2be9d6f4e,서울,서울특별시 도봉구 쌍문동 21-5번지,서울특별시 도봉구 도봉로133길 50 (쌍문동),10500,11320,10111100193463,창동교회,종교시설,2012,0,1,0.0,1,0,0,0,unknown,0.833,0,1,0,0,1,non_residential_main_use
e17a89b72f7bb45d,경기,경기도 김포시 북변동 200-19번지,경기도 김포시 봉화로 164 (북변동),10100,41570,1123140614,한터하이빌,,2022,1,1,0.0,0,1,0,0,unknown,0.667,0,0,0,0,1,low_data_completeness
e17b677f51a341e4,서울,서울특별시 광진구 중곡동 18-23번지,서울특별시 광진구 용마산로 138 (중곡동),10100,11215,1006127444,,,2022,1,1,0.0,0,1,0,0,unknown,0.667,0,0,0,0,1,low_data_completeness
e18ec0cee633db9b,경기,경기도 고양시 일산동구 식사동 2-8번지,경기도 고양시 일산동구 사리현로 101-11 (식사동),10100,41285,11041100333604,켄달스퀘어 일산DC,일반창고,2017,0,4,71769.27,1,0,1,0,unknown,0.833,0,1,0,0,1,non_residential_main_use
e198dda47c30e266,인천,인천광역시 옹진군 북도면 신도리 451-2번지,인천광역시 옹진군 신도로 842 (북도면 신도리),31022,28720,10631100173351,,,2022,1,1,0.0,0,1,0,0,unknown,0.667,0,0,0,0,1,low_data_completeness
e1bc58a6562b8ac1,경기,경기도 군포시 당동 14-1번지,경기도 군포시 공단로 149 (당동),10100,41410,111319599,아이밸리 군포,,2022,1,1,0.0,0,1,0,0,unknown,0.667,0,0,1,0,1,basement_or_unknown_floor|low_data_completeness
e1c1ad51f3fa97cd,서울,서울특별시 금천구 가산동 40-11번지,서울특별시 금천구 벚꽃로42길 13 (가산동),10100,11545,10191100200309,휴먼빌,,2022,1,1,0.0,0,1,0,0,unknown,0.667,0,0,0,0,1,low_data_completeness
e1c7cfbea03dbf9a,경기,경기도 광주시 경안동,,10100,41610,1125110790,,기타공공시설,2022,0,1,42.6,1,0,1,0,unknown,0.833,0,1,0,0,1,non_residential_main_use
e1d887494df148f6,서울,서울특별시 강남구 역삼동 601-29번지,서울특별시 강남구 강남대로110길 19-1 (역삼동),10100,11680,10241100302383,케이빌딩,근린생활시설,2021,0,1,290.9,1,0,0,0,unknown,0.833,0,1,0,0,1,non_residential_main_use
e1d9ba0067af2cd3,경기,경기도 구리시 갈매동 510번지,경기도 구리시 갈매순환로204번길 65 (갈매동),10100,41310,11091100207228,구리 스마트벤처타워,,2022,1,1,0.0,0,1,0,0,unknown,0.667,0,0,0,0,1,low_data_completeness
e1e58d1de67a1144,서울,서울특별시 노원구 월계동 12번지,서울특별시 노원구 마들로 127 (월계동),10200,11350,10121134273,,,2022,1,1,0.0,0,1,0,0,unknown,0.667,0,0,0,0,1,low_data_completeness
e207ea56831d9323,경기,경기도 고양시 덕양구 주교동 221-6번지,,10100,41281,110411545,,주택,2022,0,1,0.0,1,0,0,0,unknown,0.833,0,0,0,0,0,
e2168166390d2697,인천,인천광역시 연수구 옥련동 81-68번지,인천광역시 연수구 독배로 111 (옥련동),10100,28185,105718106,,,2022,1,1,0.0,0,1,0,0,unknown,0.667,0,0,1,0,1,basement_or_unknown_floor|low_data_completeness
e22009ac8b3e4556,경기,경기도 김포시 북변동 185번지,,10100,41570,112313627,,주택,2022,0,1,0.0,1,0,0,0,unknown,0.833,0,0,0,0,0,
e24597e46e126308,경기,경기도 과천시 문원동 15-9번지,경기도 과천시 공원마을1길 49 (문원동),10200,41290,11081165,,단독주택(다가구주택-6가구),2005,0,1,248.0,1,0,0,0,unknown,0.833,1,0,0,0,1,old_building
e24afaec415af1f7,경기,경기도 광명시 광명동 24-44번지,경기도 광명시 광삼로13번길 30-8 (광명동),10100,41210,1098117393,,,2022,1,1,0.0,0,1,0,0,unknown,0.667,0,0,1,0,1,basement_or_unknown_floor|low_data_completeness
e265639fbfaef857,서울,서울특별시 강남구 역삼동 601-11번지,,10100,11680,1024123352,,근린생활시설,1986,0,1,202.5,1,0,0,0,unknown,0.833,1,1,0,0,1,old_building|non_residential_main_use
e269f6d815d8dd1a,인천,인천광역시 남동구 구월동 3-42번지,인천광역시 남동구 석산로228번길 17-4 (구월동),10100,28200,10581100337773,이안애,공동주택,2021,0,1,630.1,1,0,0,0,unknown,0.833,0,0,0,0,0,
e26ecac040eca702,경기,경기도 고양시 덕양구 주교동 221-7번지,경기도 고양시 덕양구 대주로 501-1 (주교동),10100,41281,11041100196144,,단독주택,2009,0,1,108.0,1,0,0,0,unknown,0.833,0,0,0,0,0,
e2b30ed609e515c2,서울,서울특별시 금천구 가산동 50-3번지,서울특별시 금천구 벚꽃로 298 (가산동),10100,11545,10191100191285,대륭 포스트타워 6차,,2022,1,1,0.0,0,1,0,0,unknown,0.667,0,0,0,0,1,low_data_completeness
e2b777fe1ffb15b6,인천,인천광역시 연수구 옥련동 118-44번지,인천광역시 연수구 한진로 77 (옥련동),10100,28185,1000000000000005573129,송도역 서해그랑블 더파크,,2025,1,1,0.0,0,1,0,0,unknown,0.667,0,0,0,0,1,low_data_completeness
e2b786f152ba1802,경기,경기도 김포시 북변동 200-19번지,경기도 김포시 봉화로 164 (북변동),10100,41570,1123140621,한터하이빌,,2022,1,1,0.0,0,1,0,0,unknown,0.667,0,0,0,0,1,low_data_completeness
e2dc4fd28befadbc,서울,서울특별시 강남구 역삼동 606-22번지,서울특별시 강남구 논현로 561 (역삼동),10100,11680,10241100275475,언주에스타워,근린생활시설,2018,0,1,566.5,1,0,0,0,unknown,0.833,0,1,0,0,1,non_residential_main_use
e2eec7d7e27f2bb4,서울,서울특별시 강남구 역삼동 754번지,서울특별시 강남구 역삼로 306 (역삼동),10100,11680,1024124748,개나리 래미안,,2022,1,1,0.0,0,1,0,0,unknown,0.667,0,0,0,0,1,low_data_completeness
e2efdf4dc3fdaced,서울,서울특별시 강북구 미아동 3-10번지,서울특별시 강북구 오현로9길 19 (미아동),10100,11305,1010130841,,연립주택,2022,1,1,39.69,0,1,0,1,unknown,0.833,0,0,0,0,0,
e2f7c73b69c5cd93,경기,경기도 구리시 갈매동 142-23번지,,10100,41310,11091100219392,검수/분류창고,교정및군사시설,1991,0,1,13141.0,1,0,0,0,unknown,0.833,1,1,0,0,1,old_building|non_residential_main_use
e2fa5bb88099e4e2,경기,경기도 군포시 당동 5-4번지,경기도 군포시 공단로 171 (당동),10100,41410,11131516,,일반공장,1989,0,3,3298.3,1,0,1,0,unknown,0.833,1,1,0,0,1,old_building|non_residential_main_use
e30f6a27e1b334a4,인천,인천광역시 남동구 구월동 3-4번지,인천광역시 남동구 석산로 230-4 (구월동),10100,28200,105811822,장영자씨 주택 신축 공사,다가구주택,1993,0,2,634.56,1,0,1,0,unknown,0.833,1,0,0,0,1,old_building
e326097fe75104ad,서울,서울특별시 관악구 봉천동 1-1116번지,서울특별시 관악구 청림3길 84 (봉천동),10100,11620,1022191853,,,2022,1,1,0.0,0,1,0,0,unknown,0.667,0,0,0,0,1,low_data_completeness
e3344bcf2cf3ecff,서울,서울특별시 구로구 신도림동 271-25번지,서울특별시 구로구 신도림로19길 144 (신도림동),10100,11530,10181100189216,신도림삼성쉐르빌 1,,2022,1,1,0.0,0,1,0,0,unknown,0.667,0,0,0,0,1,low_data_completeness
e335e90a198ee280,경기,경기도 김포시 북변동 200-15번지,경기도 김포시 봉화로 164-8 (북변동),10100,41570,112313656,,단독주택,2003,0,1,226.0,1,0,0,0,unknown,0.833,1,0,0,0,1,old_building
e3479c507dee8a8c,경기,경기도 구리시 갈매동 510번지,경기도 구리시 갈매순환로204번길 65 (갈매동),10100,41310,11091100207218,구리 스마트벤처타워,,2022,1,1,0.0,0,1,0,0,unknown,0.667,0,0,0,0,1,low_data_completeness
e356be6a746162ad,경기,경기도 고양시 일산동구 식사동 210-1번지,경기도 고양시 일산동구 사리현로 24-75 (식사동),10100,41285,11041204928,,,2022,1,1,0.0,0,1,0,0,unknown,0.667,0,0,1,0,1,basement_or_unknown_floor|low_data_completeness
e358b5a8c69bf1e6,경기,경기도 구리시 갈매동 136-2번지,경기도 구리시 갈매순환로 231 (갈매동),10100,41310,11091250,,제조업소,2007,0,1,684.26,1,0,1,0,unknown,0.833,0,1,0,0,1,non_residential_main_use
e3841dd50e9fdd38,인천,인천광역시 부평구 부평동 10-253번지,인천광역시 부평구 주부토로104번길 12 (부평동),10100,28237,1059110203,로얄하이츠빌라,다세대주택,1993,0,1,249.0,1,0,0,0,unknown,0.833,1,0,0,0,1,old_building
e391381b1f77e7d8,서울,서울특별시 광진구 중곡동 18-12번지,서울특별시 광진구 용마산로 156 (중곡동),10100,11215,10061100225207,월드하우스,,2022,1,1,0.0,0,1,0,0,unknown,0.667,0,0,0,0,1,low_data_completeness
e391d8e6fd9dd8c0,인천,인천광역시 계양구 효성동 1-17번지,인천광역시 계양구 새벌로 191 (효성동),10100,28245,1060113245,그린파크,,2022,1,1,0.0,0,1,0,0,unknown,0.667,0,0,0,0,1,low_data_completeness
e3a5dbbea3139c2f,서울,서울특별시 도봉구 쌍문동 21-50번지,서울특별시 도봉구 도봉로133길 40 (쌍문동),10500,11320,101114177,,"다세대주택, 근린생활시설",1993,0,1,337.0,1,0,0,0,unknown,0.833,1,0,0,0,1,old_building
e3d1a0ee2f8ed754,서울,서울특별시 금천구 가산동 32-33번지,서울특별시 금천구 벚꽃로52길 11 (가산동),10100,11545,1019114644,,다가구용단독주택(3가구),1991,0,1,0.0,1,0,0,0,unknown,0.833,1,0,0,0,1,old_building
e3e58dc7e9e37666,서울,서울특별시 강북구 미아동 3-9번지,서울특별시 강북구 오현로9길 23 (미아동),10100,11305,1010130824,,다세대주택,2022,1,3,64.89,0,1,0,1,unknown,0.833,0,0,1,0,1,basement_or_unknown_floor
e3e5d0c6b58dd154,경기,경기도 광주시 경안동 10-24번지,경기도 광주시 광주대로71번길 6 (경안동),10100,41610,11251100247150,,,2022,1,1,0.0,0,1,0,0,unknown,0.667,0,0,0,0,1,low_data_completeness
e3e970c9f7a15fb9,서울,서울특별시 강동구 명일동 15번지,서울특별시 강동구 명일로 375 (명일동),10100,11740,10261100280353,삼익그린맨션,일반음식점,2022,0,1,25.017,0,0,0,1,unknown,0.833,0,1,0,0,1,non_residential_main_use
e3ef2ed27a634fc4,인천,인천광역시 옹진군 북도면 시도리 27-22번지,인천광역시 옹진군 시도로86번길 291-19 (북도면 시도리),31021,28720,10631100210420,,기타창고시설,2021,0,1,85.51,1,0,1,0,unknown,0.833,0,1,0,0,1,non_residential_main_use
e3f895a290e17025,서울,서울특별시 관악구 봉천동 1-485번지,서울특별시 관악구 청림3길 60 (봉천동),10100,11620,1022188227,,,2022,1,1,0.0,0,1,0,0,unknown,0.667,0,0,0,0,1,low_data_completeness
e4008fad97e673a7,인천,인천광역시 연수구 옥련동 116-57번지,인천광역시 연수구 한진로72번길 38 (옥련동),10100,28185,10571647,,주택,1985,0,1,0.0,1,0,0,0,unknown,0.833,1,0,0,0,1,old_building
e42fcb41d2dc758f,인천,인천광역시 옹진군 북도면 모도리 267-1번지,인천광역시 옹진군 모도로140번길 19-16 (북도면 모도리),31023,28720,1000000000000001872501,모도파라다이스,,2023,0,1,0.0,0,1,0,0,unknown,0.667,0,0,1,0,1,basement_or_unknown_floor|low_data_completeness
e433891ea9ae2f35,인천,인천광역시 중구 중앙동2가 3-1번지,인천광역시 중구 신포로23번길 57 (중앙동2가),10200,28110,10541633,,영업소,2022,0,1,0.0,1,0,0,0,unknown,0.833,0,1,0,0,1,non_residential_main_use
e436ba3b73e65df0,서울,서울특별시 금천구 가산동 4-9번지,서울특별시 금천구 벚꽃로56길 16 (가산동),10100,11545,101913315,,단독주택,1969,0,1,66.21,1,0,1,0,unknown,0.833,1,0,0,0,1,old_building
e448ac92a9b5e7b7,인천,인천광역시 서구 백석동 블록,인천광역시 서구 한들로 73 (백석동),10100,28260,1000000000000002036465,검암역 로열파크씨티 푸르지오 2단지,,2023,1,1,0.0,0,1,0,0,unknown,0.667,0,0,0,0,1,low_data_completeness
e4524d1f98ec758d,인천,인천광역시 계양구 효성동 1-12번지,인천광역시 계양구 길마로88번길 7 (효성동),10100,28245,1060113216,원익그린맨션,,2022,1,1,0.0,0,1,0,0,unknown,0.667,0,0,0,0,1,low_data_completeness
e46ab990e4ba4625,인천,인천광역시 서구 백석동 블록,인천광역시 서구 한들로 33 (백석동),10100,28260,1000000000000002032743,검암역 로열파크씨티 푸르지오 1단지,,2023,1,1,0.0,0,1,0,0,unknown,0.667,0,0,0,0,1,low_data_completeness
e46e0fd351044a5f,서울,서울특별시 도봉구 쌍문동 11-17번지,서울특별시 도봉구 방학로7길 41 (쌍문동),10500,11320,10111100208261,젬스톤빌리지,,2022,1,1,0.0,0,1,0,0,unknown,0.667,0,0,0,0,1,low_data_completeness
e47f782560531aea,서울,서울특별시 도봉구 쌍문동 23-41번지,서울특별시 도봉구 도당로2길 46-10 (쌍문동),10500,11320,10111589,,단독주택,1971,0,1,96.87,1,0,0,0,unknown,0.833,1,0,0,0,1,old_building
e49504622f9e99c0,서울,서울특별시 강남구 대치동 511번지,서울특별시 강남구 삼성로 150 (대치동),10600,11680,1024124988,한보미도맨션206동,,2022,1,1,0.0,0,1,0,0,unknown,0.667,0,0,0,0,1,low_data_completeness
e498f742804b140b,경기,경기도 고양시 덕양구 주교동 273-1번지,경기도 고양시 덕양구 원당로59번길 120 (주교동),10100,41281,11041103859,예중파크뷰아파트,,2022,1,1,0.0,0,1,0,0,unknown,0.667,0,0,0,0,1,low_data_completeness
e49bfd85d168701c,서울,서울특별시 구로구 신도림동 271-25번지,서울특별시 구로구 신도림로19길 144 (신도림동),10100,11530,10181100189180,신도림삼성쉐르빌 1,,2022,1,1,0.0,0,1,0,0,unknown,0.667,0,0,0,0,1,low_data_completeness
e4a714c8c9e5f413,경기,경기도 광명시 광명동 24-56번지,경기도 광명시 광삼로13번길 27 (광명동),10100,41210,109815392,,다세대주택,2002,0,1,220.0,1,0,0,0,unknown,0.833,1,0,0,0,1,old_building
e4a7f671b8dc116a,인천,인천광역시 서구 백석동 블록,인천광역시 서구 한들로 33 (백석동),10100,28260,1000000000000002031915,검암역 로열파크씨티 푸르지오 1단지,,2023,1,1,0.0,0,1,0,0,unknown,0.667,0,0,0,0,1,low_data_completeness
e4abb7da1302f7f2,경기,경기도 가평군 가평읍 읍내리 214번지,경기도 가평군 가평제방길 233 (가평읍 읍내리),25021,41820,1000000000000002714612,힐스테이트 가평 더뉴클래스,,2023,1,1,0.0,0,1,0,0,unknown,0.667,0,0,0,0,1,low_data_completeness
e4acda5964049396,인천,인천광역시 동구 만석동 1-53번지,인천광역시 동구 보세로26번길 24-36 (만석동),10100,28140,10551100181544,,,2022,1,1,0.0,0,1,0,0,unknown,0.667,0,0,0,0,1,low_data_completeness
e4cd4252213a5c11,인천,인천광역시 동구 만석동 2-224번지,인천광역시 동구 만석부두로 4-1 (만석동),10100,28140,1055112097,,,2022,1,1,0.0,0,1,0,0,unknown,0.667,0,0,1,0,1,basement_or_unknown_floor|low_data_completeness
e4ce79c351cf8c71,서울,서울특별시 강남구 대치동 511번지,서울특별시 강남구 삼성로 150 (대치동),10600,11680,1024125007,,,2022,1,1,0.0,0,1,0,0,unknown,0.667,0,0,0,0,1,low_data_completeness
e4da70ce4ba6e895,경기,경기도 가평군 가평읍 읍내리 214번지,경기도 가평군 가평제방길 233 (가평읍 읍내리),25021,41820,1000000000000002714718,힐스테이트 가평 더뉴클래스,,2023,1,1,0.0,0,1,0,0,unknown,0.667,0,0,0,0,1,low_data_completeness
e4db0b4890988ce3,서울,서울특별시 도봉구 쌍문동 10-2번지,서울특별시 도봉구 도봉로139길 78 (쌍문동),10500,11320,10111549,,다가구주택,1978,0,1,118.48,1,0,1,0,unknown,0.833,1,0,0,0,1,old_building
e4e282cd6d261199,서울,서울특별시 강서구 염창동 45-4번지,서울특별시 강서구 양천로73길 17 (염창동),10100,11500,101714334,서울염동초등학교,초등학교,1997,0,4,22326.99,1,0,1,0,unknown,0.833,1,1,0,0,1,old_building|non_residential_main_use
e4f30f2696544fe8,경기,경기도 고양시 일산동구 식사동 13-8번지,,10100,41285,11041100436785,저장고(탄3),교정및군사시설,1975,0,1,652295.0,1,0,0,0,unknown,0.833,1,1,0,0,1,old_building|non_residential_main_use
e50a966736db3a97,인천,인천광역시 동구 만석동 5-22번지,인천광역시 동구 인중로 442 (만석동),10100,28140,1055112138,서해빌라,,2022,1,1,0.0,0,1,0,0,unknown,0.667,0,0,1,0,1,basement_or_unknown_floor|low_data_completeness
e51609a569ccbd95,경기,경기도 광명시 광명동 24-39번지,,10100,41210,10981739,,변소,1975,0,1,0.0,1,0,0,0,unknown,0.833,1,1,0,0,1,old_building|non_residential_main_use
e5336935f8c1bf72,서울,서울특별시 관악구 봉천동 1-69번지,서울특별시 관악구 청림3길 49 (봉천동),10100,11620,1022188551,,,2022,1,1,0.0,0,1,0,0,unknown,0.667,0,0,0,0,1,low_data_completeness
e5387f82b70f9f09,서울,서울특별시 강서구 염창동 65번지,서울특별시 강서구 양천로67길 71-3 (염창동),10100,11500,10171100318516,진영리버타운,,2022,1,1,0.0,0,1,0,0,unknown,0.667,0,0,0,0,1,low_data_completeness
e53c12ac15e9fdea,경기,경기도 고양시 일산서구 일산동 524-16번지,경기도 고양시 일산서구 일중로 17 (일산동),10100,41287,11041325948,포오스프라자,,2022,1,1,0.0,0,1,0,0,unknown,0.667,0,0,0,0,1,low_data_completeness
e5412fd6b1dcfdd6,경기,경기도 광주시 경안동 10-2번지,경기도 광주시 광주대로71번길 12-8 (경안동),10100,41610,1125113880,,단독주택,1997,0,1,344.34,1,0,1,0,unknown,0.833,1,0,0,0,1,old_building
e5414c1621e931ce,인천,인천광역시 강화군 강화읍 신문리 12-10번지,인천광역시 강화군 남문로 66 (강화읍 신문리),25021,28710,106218251,,주택,1950,0,1,0.0,1,0,0,0,unknown,0.833,1,0,0,0,1,old_building
e5440ac85801a568,서울,서울특별시 광진구 중곡동 18-4번지,서울특별시 광진구 용마산로28길 8 (중곡동),10100,11215,10061100230892,,,2022,1,1,0.0,0,1,0,0,unknown,0.667,0,0,0,0,1,low_data_completeness
e557ec5e67e72ae7,경기,경기도 고양시 일산서구 일산동 525-21번지,경기도 고양시 일산서구 고양대로 724-8 (일산동),10100,41287,11041320769,,,2022,1,1,0.0,0,1,0,0,unknown,0.667,0,0,0,0,1,low_data_completeness
e5612cd03d024b2c,경기,경기도 김포시 북변동 200-41번지,경기도 김포시 봉화로 162-3 (북변동),10100,41570,11231100515367,,,2022,1,1,0.0,0,1,0,0,unknown,0.667,0,0,0,0,1,low_data_completeness
e56d4e0ad123979c,서울,서울특별시 금천구 가산동 7-4번지,서울특별시 금천구 벚꽃로 338-3 (가산동),10100,11545,1019111788,,다가구주택,1996,0,3,369.49,1,0,1,0,unknown,0.833,1,0,0,0,1,old_building
e571439eb8189995,인천,인천광역시 동구 만석동 1-38번지,인천광역시 동구 만석부두로7번길 7 (만석동),10100,28140,10551100173659,,일반공장,2008,0,2,1096.72,1,0,1,0,unknown,0.833,0,1,0,0,1,non_residential_main_use
e5721c4674730be4,서울,서울특별시 강서구 염창동 97-63번지,서울특별시 강서구 양천로73길 69 (염창동),10100,11500,10171100210509,센트빌,다세대주택(9세대) 및 근린생활시설,2010,0,1,384.0,1,0,0,0,unknown,0.833,0,0,0,0,0,
e5796bc9268c6b4b,경기,경기도 가평군 가평읍 읍내리 214번지,경기도 가평군 가평제방길 233 (가평읍 읍내리),25021,41820,1000000000000002714611,힐스테이트 가평 더뉴클래스,,2023,1,1,0.0,0,1,0,0,unknown,0.667,0,0,0,0,1,low_data_completeness
e57c790e6c495889,경기,경기도 광명시 광명동 24-47번지,경기도 광명시 광삼로13번길 30-2 (광명동),10100,41210,10981745,,다가구주택,1992,0,1,104.6,1,0,0,0,unknown,0.833,1,0,0,0,1,old_building
e594605a6878681c,인천,인천광역시 옹진군 북도면 모도리 267-1번지,인천광역시 옹진군 모도로140번길 19-16 (북도면 모도리),31023,28720,1000000000000001872484,모도파라다이스,,2023,1,1,0.0,0,1,0,0,unknown,0.667,0,0,0,0,1,low_data_completeness
e5a25d31478c6840,경기,경기도 고양시 일산서구 일산동 551-13번지,경기도 고양시 일산서구 원일로 116 (일산동),10100,41287,11041239310,,"제1,2종근린생활시설",1990,0,1,0.0,1,0,0,0,unknown,0.833,1,1,0,0,1,old_building|non_residential_main_use
e5a5b93bdb75da59,서울,서울특별시 금천구 가산동 40-11번지,서울특별시 금천구 벚꽃로42길 13 (가산동),10100,11545,10191100200301,휴먼빌,,2022,1,1,0.0,0,1,0,0,unknown,0.667,0,0,0,0,1,low_data_completeness
e5a72bd4ec505303,경기,경기도 구리시 갈매동 136-10번지,경기도 구리시 갈매순환로 235-7 (갈매동),10100,41310,11091254,,축사,1996,0,1,789.1,1,0,1,0,unknown,0.833,1,1,0,0,1,old_building|non_residential_main_use
e5af508a189eddf3,서울,서울특별시 강서구 염창동 65번지,서울특별시 강서구 양천로67길 71-3 (염창동),10100,11500,10171100318493,진영리버타운,,2022,1,1,0.0,0,1,0,0,unknown,0.667,0,0,0,0,1,low_data_completeness
e5d3746235a10daa,서울,서울특별시 강서구 가양동 14-3번지,서울특별시 강서구 양천로 489 (가양동),10400,11500,10171120624,가양우성아파트,아파트,2022,0,2,104.5,0,0,0,1,unknown,0.833,0,0,0,0,0,
e5d801c55317ac28,서울,서울특별시 강북구 미아동 3-8번지,서울특별시 강북구 오현로9길 27 (미아동),10100,11305,10101758,,기타아동관련시설,1975,0,3,646.24,1,0,1,0,unknown,0.833,1,1,0,0,1,old_building|non_residential_main_use
e5eb2bd78832af33,경기,경기도 군포시 당동 14-1번지,경기도 군포시 공단로 149 (당동),10100,41410,111319609,아이밸리 군포,,2022,1,1,0.0,0,1,0,0,unknown,0.667,0,0,1,0,1,basement_or_unknown_floor|low_data_completeness
e5f24838443b4b89,인천,인천광역시 서구 백석동 블록,인천광역시 서구 한들로 73 (백석동),10100,28260,1000000000000002035329,검암역 로열파크씨티 푸르지오 2단지,,2023,1,1,0.0,0,1,0,0,unknown,0.667,0,0,0,0,1,low_data_completeness
e5fff9a65019286f,경기,경기도 고양시 일산동구 식사동 13-8번지,,10100,41285,11041100436791,저장고(탄9),국방ㆍ군사시설,1976,0,1,652599.92,1,0,1,0,unknown,0.833,1,1,0,0,1,old_building|non_residential_main_use
e627adbaa36d39ee,경기,경기도 구리시 갈매동 137-1번지,경기도 구리시 담터길21번길 88 (갈매동),10100,41310,11091257,,일반공장,2001,0,2,4452.05,1,0,1,0,unknown,0.833,1,1,0,0,1,old_building|non_residential_main_use
e62e041662f3c9a3,서울,서울특별시 강서구 염창동 58번지,서울특별시 강서구 양천로67길 50-29 (염창동),10100,11500,1017191907,블래스밸리,,2022,1,1,0.0,0,1,0,0,unknown,0.667,0,0,0,0,1,low_data_completeness
e63486780ac1d13b,서울,서울특별시 도봉구 쌍문동 13번지,서울특별시 도봉구 도당로 22 (쌍문동),10500,11320,10111552,,근린생활시설,2005,0,1,641.0,1,0,0,0,unknown,0.833,1,1,0,0,1,old_building|non_residential_main_use
e6389b63f7aae178,서울,서울특별시 광진구 중곡동 18-23번지,서울특별시 광진구 용마산로 138 (중곡동),10100,11215,1006127439,,,2022,1,1,0.0,0,1,0,0,unknown,0.667,0,0,0,0,1,low_data_completeness
e63abecf9167f6ab,서울,서울특별시 광진구 중곡동 18-23번지,서울특별시 광진구 용마산로 138 (중곡동),10100,11215,1006127436,,,2022,1,1,0.0,0,1,0,0,unknown,0.667,0,0,0,0,1,low_data_completeness
e63e1fb48d32f4de,경기,경기도 고양시 덕양구 주교동 221-8번지,경기도 고양시 덕양구 대주로 503-1 (주교동),10100,41281,11041100205518,,단독주택 및 근린생활시설,2010,0,1,81.0,1,0,0,0,unknown,0.833,0,0,0,0,0,
e63f7b97902edf0d,인천,인천광역시 강화군 강화읍 신문리 28번지,인천광역시 강화군 남문안길 2 (강화읍 신문리),25021,28710,1062117841,,근린생활시설,1993,0,1,114.0,1,0,0,0,unknown,0.833,1,1,0,0,1,old_building|non_residential_main_use
e691da960dbefb40,경기,경기도 가평군 가평읍 읍내리 87번지,경기도 가평군 잎너비길 35-237 (가평읍 읍내리),25021,41820,11301100232329,,단독주택,2016,0,1,61.56,1,0,1,0,unknown,0.833,0,0,0,0,0,
e6af29bb971a6c08,인천,인천광역시 부평구 부평동 10번지,,10100,28237,105917361,,단독주택,2022,0,1,22.48,1,0,1,0,unknown,0.833,0,0,0,0,0,
e6d720ad4f10a3bf,인천,인천광역시 동구 만석동 1-53번지,인천광역시 동구 보세로26번길 24-36 (만석동),10100,28140,10551100181551,,,2022,1,1,0.0,0,1,0,0,unknown,0.667,0,0,0,0,1,low_data_completeness
e6d9b5f1ce5df463,인천,인천광역시 옹진군 북도면 모도리 267-1번지,인천광역시 옹진군 모도로140번길 19-16 (북도면 모도리),31023,28720,1000000000000001872421,모도파라다이스,,2023,1,1,0.0,0,1,0,0,unknown,0.667,0,0,0,0,1,low_data_completeness
e6dee0576f9c3d7e,서울,서울특별시 강서구 염창동 57번지,서울특별시 강서구 양천로67길 50-33 (염창동),10100,11500,1017171441,지오빌,,2022,1,1,0.0,0,1,0,0,unknown,0.667,0,0,0,0,1,low_data_completeness
e6eaf034af6f116f,경기,경기도 광주시 경안동 20-16번지,경기도 광주시 광주대로 31 (경안동),10100,41610,1000000000000002747920,지에이타워,,2023,1,1,0.0,0,1,0,0,unknown,0.667,0,0,0,0,1,low_data_completeness
e7063ae71a486afa,서울,서울특별시 노원구 월계동 13번지,서울특별시 노원구 마들로 111 (월계동),10200,11350,101211593,,아파트,1986,0,1,0.0,1,0,0,0,unknown,0.833,1,0,0,0,1,old_building
e714dc57eff4e66e,인천,인천광역시 미추홀구 숭의동 1-10번지,인천광역시 미추홀구 경인로 150 (숭의동),10100,28177,10561100237780,한우리,,2022,1,1,0.0,0,1,0,0,unknown,0.667,0,0,0,0,1,low_data_completeness
e715255a46fe2057,서울,서울특별시 강북구 미아동 3-15번지,서울특별시 강북구 오현로9길 5 (미아동),10100,11305,10101100182844,미아동 3-15 종교시설 (기독교대한감리회유지재단),기타종교집회장,1979,0,3,823.52,1,0,1,0,unknown,0.833,1,1,0,0,1,old_building|non_residential_main_use
e7429451e180abaa,경기,경기도 구리시 갈매동 43-4번지,경기도 구리시 130 (갈매동),10100,41310,11091100177343,,소매점,2010,0,1,901.0,1,0,1,0,unknown,0.833,0,1,0,0,1,non_residential_main_use
e74760dc20921e67,경기,경기도 군포시 당동 51-1번지,경기도 군포시 공단로 143 (당동),10100,41410,11131100201292,수경빌딩,제조업소,2016,0,2,1640.5,1,0,1,0,unknown,0.833,0,1,0,0,1,non_residential_main_use
e766a749b9b4d3f4,경기,경기도 군포시 당동 14-1번지,경기도 군포시 공단로 149 (당동),10100,41410,111319608,아이밸리 군포,,2022,1,1,0.0,0,1,0,0,unknown,0.667,0,0,1,0,1,basement_or_unknown_floor|low_data_completeness
e76809a5a4fbddf5,인천,인천광역시 옹진군 북도면 시도리 47번지,인천광역시 옹진군 시도로86번길 291-54 (북도면 시도리),31021,28720,1000000000000002310793,,사무소,2023,0,1,348.0,1,0,1,0,unknown,0.833,0,1,0,0,1,non_residential_main_use
e7880f343cbdccdf,서울,서울특별시 강남구 대치동 511번지,서울특별시 강남구 삼성로 150 (대치동),10600,11680,1024125668,한보미도맨션208동,,2022,1,1,0.0,0,1,0,0,unknown,0.667,0,0,0,0,1,low_data_completeness
e7a37ba1250458b3,경기,경기도 과천시 문원동 15-20번지,경기도 과천시 공원마을2길 51 (문원동),10200,41290,110813604,로즈빌2,,2022,1,1,0.0,0,1,0,0,unknown,0.667,0,0,0,0,1,low_data_completeness
e7aa74deaec2f3f1,경기,경기도 구리시 갈매동 484번지,경기도 구리시 갈매길 113-9 (갈매동),10100,41310,11091100177897,,,2022,1,1,0.0,0,1,0,0,unknown,0.667,0,0,0,0,1,low_data_completeness
e7ad4f50c46e221e,서울,서울특별시 노원구 월계동 13번지,서울특별시 노원구 마들로 111 (월계동),10200,11350,101211579,,상가,1986,0,1,0.0,1,0,0,0,unknown,0.833,1,1,0,0,1,old_building|non_residential_main_use
e7b395880ddf3b16,경기,경기도 고양시 일산서구 일산동 524-16번지,경기도 고양시 일산서구 일중로 17 (일산동),10100,41287,11041325924,포오스프라자,,2022,1,1,0.0,0,1,0,0,unknown,0.667,0,0,0,0,1,low_data_completeness
e7b68540e98e922a,경기,경기도 구리시 갈매동 44번지,경기도 구리시 동구릉로459번길 224 (갈매동),10100,41310,1000000000000003993714,광신빌딩,일반음식점,2024,0,2,696.68,1,0,1,0,unknown,0.833,0,1,0,0,1,non_residential_main_use
e7b7cf8501b55fd2,경기,경기도 고양시 일산동구 식사동 13-8번지,,10100,41285,11041100436774,저장고(탄37),국방ㆍ군사시설,1973,0,1,652379.0,1,0,1,0,unknown,0.833,1,1,0,0,1,old_building|non_residential_main_use
e7c93e8f000c60d2,서울,서울특별시 강서구 염창동 57번지,서울특별시 강서구 양천로67길 50-33 (염창동),10100,11500,1017171446,지오빌,아파트,2022,1,2,100.46,0,1,0,1,unknown,0.833,0,0,1,0,1,basement_or_unknown_floor
e7e246cbe5328213,서울,서울특별시 금천구 가산동 32-54번지,서울특별시 금천구 벚꽃로56길 42 (가산동),10100,11545,1019114247,,"제1,2종근린생활시설, 단독주택",1994,0,1,152.43,1,0,0,0,unknown,0.833,1,0,0,0,1,old_building
e7e39aa47baedfdd,인천,인천광역시 부평구 부평동 10-260번지,인천광역시 부평구 장제로205번길 49 (부평동),10100,28237,1059138194,그린하이빌,공동주택(다세대주택),2001,0,1,165.0,1,0,0,0,unknown,0.833,1,0,0,0,1,old_building
e7f16fdc9553a5b4,서울,서울특별시 강동구 명일동 42번지,서울특별시 강동구 고덕로62길 66 (명일동),10100,11740,102611809,우성아파트,상가,1986,0,1,0.0,1,0,0,0,unknown,0.833,1,1,0,0,1,old_building|non_residential_main_use
e8051eba5429bcda,인천,인천광역시 미추홀구 숭의동 1-11번지,인천광역시 미추홀구 경인로 148 (숭의동),10100,28177,10561100237080,다우림,,2022,1,1,0.0,0,1,0,0,unknown,0.667,0,0,0,0,1,low_data_completeness
e8183195b1153c17,서울,서울특별시 강동구 명일동 15번지,서울특별시 강동구 고덕로 210 (명일동),10100,11740,1026137959,삼익그린맨션,,2022,1,1,0.0,0,1,0,0,unknown,0.667,0,0,0,0,1,low_data_completeness
e835d63c70a55f77,서울,서울특별시 관악구 봉천동 1-494번지,서울특별시 관악구 청림5길 72-8 (봉천동),10100,11620,1022119032,,단독주택,1994,0,1,139.0,1,0,0,0,unknown,0.833,1,0,0,0,1,old_building
e839385178d5dbaa,인천,인천광역시 미추홀구 숭의동 1-11번지,인천광역시 미추홀구 경인로 148 (숭의동),10100,28177,10561100237053,다우림,,2022,1,1,0.0,0,1,0,0,unknown,0.667,0,0,0,0,1,low_data_completeness
e84815b7212599f5,인천,인천광역시 미추홀구 숭의동 1-57번지,인천광역시 미추홀구 수봉로33번길 28-11 (숭의동),10100,28177,10561100204031,해오름타운,다세대주택,2009,0,1,273.0,1,0,0,0,unknown,0.833,0,0,0,0,0,
e84afb6de3e8a9a3,경기,경기도 군포시 당동 14-1번지,경기도 군포시 공단로 149 (당동),10100,41410,111319557,아이밸리 군포,,2022,1,1,0.0,0,1,0,0,unknown,0.667,0,0,1,0,1,basement_or_unknown_floor|low_data_completeness
e84b32d218495997,서울,서울특별시 도봉구 쌍문동 21-15번지,서울특별시 도봉구 도봉로133길 42 (쌍문동),10500,11320,10111569,,"근린생활시설, 주택",1995,0,1,310.0,1,0,0,0,unknown,0.833,1,0,0,0,1,old_building
e858f492b4a9c183,서울,서울특별시 관악구 봉천동 1-72번지,서울특별시 관악구 청림3다길 8 (봉천동),10100,11620,1022180681,,,2022,1,1,0.0,0,1,0,0,unknown,0.667,0,0,0,0,1,low_data_completeness
e86b144e3495414f,인천,인천광역시 연수구 옥련동 91-2번지,인천광역시 연수구 비류대로 111 (옥련동),10100,28185,10571590,,사무소,1998,0,3,2140.84,1,0,1,0,unknown,0.833,1,1,0,0,1,old_building|non_residential_main_use
e87b9391869fa616,경기,경기도 광주시 경안동 10-24번지,경기도 광주시 광주대로71번길 6 (경안동),10100,41610,11251100247152,,,2022,1,1,0.0,0,1,0,0,unknown,0.667,0,0,0,0,1,low_data_completeness
e8889e77b636e88d,인천,인천광역시 미추홀구 숭의동 1-111번지,인천광역시 미추홀구 경인로144번길 50 (숭의동),10100,28177,105612212,,단독주택(4가구용),1990,0,1,0.0,1,0,0,0,unknown,0.833,1,0,0,0,1,old_building
e89b252cdbe311b1,서울,서울특별시 강동구 명일동 15번지,서울특별시 강동구 고덕로 210 (명일동),10100,11740,1026139025,삼익그린맨션,,2022,1,1,0.0,0,1,0,0,unknown,0.667,0,0,0,0,1,low_data_completeness
e8a64d1c71df0cde,경기,경기도 고양시 일산서구 일산동,,10100,41287,11041229458,,축사,2022,0,1,102.06,1,0,1,0,unknown,0.833,0,1,0,0,1,non_residential_main_use
e8b9bd4954274294,서울,서울특별시 강북구 미아동 3-36번지,서울특별시 강북구 오현로9길 45 (미아동),10100,11305,10101100197335,,,2022,1,1,0.0,0,1,0,0,unknown,0.667,0,0,0,0,1,low_data_completeness
e8d020b832243b50,서울,서울특별시 강서구 등촌동 14-7번지,서울특별시 강서구 양천로 424 (등촌동),10200,11500,10171100352456,가양역 데시앙플렉스 지식산업센터,기타공장,2022,0,2,86.19,0,0,0,1,unknown,0.833,0,1,1,0,1,non_residential_main_use|basement_or_unknown_floor
e8e5d732cb5cf7a5,인천,인천광역시 옹진군 북도면 시도리 116-1번지,,31021,28720,10631579,,단독주택,2022,0,1,136238.0,1,0,0,0,unknown,0.833,0,0,0,0,0,
e8f995a729dbcc66,서울,서울특별시 관악구 봉천동 1-480번지,서울특별시 관악구 청림3바길 5 (봉천동),10100,11620,1022117064,,단독주택,1989,0,1,0.0,1,0,0,0,unknown,0.833,1,0,0,0,1,old_building
e9061a29dbc65f1f,서울,서울특별시 금천구 가산동 50-3번지,서울특별시 금천구 벚꽃로 298 (가산동),10100,11545,10191100191082,대륭 포스트타워 6차,,2022,1,1,0.0,0,1,0,0,unknown,0.667,0,0,0,0,1,low_data_completeness
e9204b8704e06402,인천,인천광역시 동구 만석동 1-50번지,인천광역시 동구 보세로26번길 24-60 (만석동),10100,28140,10551100189202,주식회사세일샵,공장,2021,0,1,708.4,1,0,0,0,unknown,0.833,0,1,0,0,1,non_residential_main_use
e921a8f29c164779,서울,서울특별시 강동구 명일동 47-1번지,서울특별시 강동구 동남로75길 29 (명일동),10100,11740,1026112520,세종프라자,"근린생활시설, 교육연구시설, 업무시설",1997,0,1,1062.4,1,0,0,0,unknown,0.833,1,1,0,0,1,old_building|non_residential_main_use
e9253ceddd5f3f54,경기,경기도 고양시 덕양구 주교동 38-13번지,경기도 고양시 덕양구 원당로 112 (주교동),10100,41281,11041100458187,고양 엘림프라자,의원,2022,0,4,5531.27,1,0,1,0,unknown,0.833,0,1,0,0,1,non_residential_main_use
e925f58fa9c1851a,서울,서울특별시 도봉구 쌍문동 21-5번지,서울특별시 도봉구 도봉로133길 50 (쌍문동),10500,11320,10111566,창동교회,종교시설,2002,0,1,0.0,1,0,0,0,unknown,0.833,1,1,0,0,1,old_building|non_residential_main_use
e9264357cce68f4f,경기,경기도 군포시 당동 14-1번지,경기도 군포시 공단로 149 (당동),10100,41410,111319570,아이밸리 군포,,2022,1,1,0.0,0,1,0,0,unknown,0.667,0,0,1,0,1,basement_or_unknown_floor|low_data_completeness
e94032398652d650,인천,인천광역시 서구 백석동 블록,인천광역시 서구 한들로 73 (백석동),10100,28260,1000000000000002035514,검암역 로열파크씨티 푸르지오 2단지,,2023,1,1,0.0,0,1,0,0,unknown,0.667,0,0,0,0,1,low_data_completeness
e949c14380c3d792,인천,인천광역시 부평구 부평동 10-43번지,인천광역시 부평구 길주남로102번길 11-11 (부평동),10100,28237,1000000000000004484334,부평동세창주택1차,,2024,1,1,0.0,0,1,0,0,unknown,0.667,0,0,0,0,1,low_data_completeness
e94a2420d3fc7b26,인천,인천광역시 연수구 옥련동 53-13번지,인천광역시 연수구 독배로172번길 68-6 (옥련동),10100,28185,10571500,,단독주택,1985,0,1,64.38,1,0,1,0,unknown,0.833,1,0,0,0,1,old_building
e95fd06e12069e8f,인천,인천광역시 미추홀구 숭의동 1-60번지,인천광역시 미추홀구 수봉로33번길 36-22 (숭의동),10100,28177,10561100275588,행복주택,공동주택,2018,0,1,353.0,1,0,0,0,unknown,0.833,0,0,0,0,0,
e96a7e090caf8ae8,인천,인천광역시 옹진군 북도면 장봉리 654번지,인천광역시 옹진군 장봉로720번길 12 (북도면 장봉리),31024,28720,106318383,장봉리다세대주택,,2022,1,1,0.0,0,1,0,0,unknown,0.667,0,0,0,0,1,low_data_completeness
e96a8e49b2934689,인천,인천광역시 서구 백석동 블록,인천광역시 서구 한들로 73 (백석동),10100,28260,1000000000000002035602,검암역 로열파크씨티 푸르지오 2단지,,2023,1,1,0.0,0,1,0,0,unknown,0.667,0,0,0,0,1,low_data_completeness
e9755748f8947a9e,경기,경기도 고양시 일산동구 식사동 236-4번지,경기도 고양시 일산동구 견달산로210번길 45-15 (식사동),10100,41285,11041100226823,루미나리,,2022,1,1,0.0,0,1,0,0,unknown,0.667,0,0,0,0,1,low_data_completeness
e97b3e156c07d1f1,경기,경기도 군포시 당동 14-1번지,경기도 군포시 공단로 149 (당동),10100,41410,111319574,아이밸리 군포,,2022,1,1,0.0,0,1,0,0,unknown,0.667,0,0,1,0,1,basement_or_unknown_floor|low_data_completeness
e9815ae265000f9d,서울,서울특별시 강북구 미아동 3-10번지,서울특별시 강북구 오현로9길 19 (미아동),10100,11305,1010130843,,연립주택,2022,1,1,39.69,0,1,0,1,unknown,0.833,0,0,0,0,0,
e9a51662d215157e,경기,경기도 고양시 일산동구 식사동 210-1번지,경기도 고양시 일산동구 사리현로 24-75 (식사동),10100,41285,11041204935,,,2022,1,1,0.0,0,1,0,0,unknown,0.667,0,0,1,0,1,basement_or_unknown_floor|low_data_completeness
e9ad812885618c68,경기,경기도 광주시 경안동 11번지,,10100,41610,112517183,,주택,1950,0,1,0.0,1,0,0,0,unknown,0.833,1,0,0,0,1,old_building
e9b36ac10d5380e1,경기,경기도 군포시 당동 44번지,경기도 군포시 공단로 125 (당동),10100,41410,11131100197272,,정비공장,2015,0,3,3906.2,1,0,1,0,unknown,0.833,0,1,0,0,1,non_residential_main_use
e9bf10ad8029d251,인천,인천광역시 서구 백석동 28-10번지,인천광역시 서구 아라로51번길 72-8 (백석동),10100,28260,10611100195006,,버섯재배사,2009,0,1,900.0,1,0,1,0,unknown,0.833,0,1,0,0,1,non_residential_main_use
e9ca1f2b0edef9d4,서울,서울특별시 강남구 역삼동 607번지,서울특별시 강남구 봉은사로26길 19 (역삼동),10100,11680,10241100195427,,근린생활시설,2009,0,1,223.5,1,0,0,0,unknown,0.833,0,1,0,0,1,non_residential_main_use
e9da6c72fae1f009,경기,경기도 고양시 덕양구 주교동 221-15번지,경기도 고양시 덕양구 대주로 503 (주교동),10100,41281,1104111553,,주택,2022,0,1,0.0,1,0,0,0,unknown,0.833,0,0,0,0,0,
e9dd89ce8d610754,서울,서울특별시 도봉구 쌍문동 13-2번지,서울특별시 도봉구 도당로 18 (쌍문동),10500,11320,101114168,,아파트,1989,0,1,0.0,1,0,0,0,unknown,0.833,1,0,0,0,1,old_building
e9ed69243ae434c9,경기,경기도 고양시 덕양구 주교동 38-13번지,경기도 고양시 덕양구 원당로 112 (주교동),10100,41281,11041100458203,고양 엘림프라자,,2022,1,1,0.0,0,1,0,0,unknown,0.667,0,0,0,0,1,low_data_completeness
ea072244f0b13ba8,경기,경기도 구리시 갈매동 136-38번지,경기도 구리시 경춘북로303번길 7-6 (갈매동),10100,41310,11091100177022,,소매점,2010,0,1,222.94,1,0,1,0,unknown,0.833,0,1,0,0,1,non_residential_main_use
ea0d5e39252e50eb,경기,경기도 광명시 광명동 24-73번지,경기도 광명시 연서일로17번길 29-20 (광명동),10100,41210,1098117413,,,2022,1,1,0.0,0,1,0,0,unknown,0.667,0,0,0,0,1,low_data_completeness
ea25995db2490797,인천,인천광역시 동구 만석동 1-53번지,인천광역시 동구 보세로26번길 24-36 (만석동),10100,28140,10551100181641,,,2022,1,1,0.0,0,1,0,0,unknown,0.667,0,0,0,0,1,low_data_completeness
ea320d74e627f006,인천,인천광역시 강화군 강화읍 신문리 2-21번지,인천광역시 강화군 강화대로409번길 5 (강화읍 신문리),25021,28710,1062124438,,기타제1종근린생활시설,1988,0,3,240.1,1,0,1,0,unknown,0.833,1,1,0,0,1,old_building|non_residential_main_use
ea43a6b1bcc30f75,경기,경기도 광주시 경안동 10-24번지,경기도 광주시 광주대로71번길 6 (경안동),10100,41610,11251100247139,,,2022,1,1,0.0,0,1,0,0,unknown,0.667,0,0,0,0,1,low_data_completeness
ea4949d07cc48914,서울,서울특별시 강남구 역삼동 755-1번지,서울특별시 강남구 역삼로 314 (역삼동),10100,11680,1024124464,개나리 푸르지오,,2022,1,1,0.0,0,1,0,0,unknown,0.667,0,0,0,0,1,low_data_completeness
ea51f814dc3c2ff3,서울,서울특별시 강서구 염창동 66-9번지,서울특별시 강서구 양천로67길 77 (염창동),10100,11500,10171106609,염창동우성아파트,,2022,1,1,0.0,0,1,0,0,unknown,0.667,0,0,0,0,1,low_data_completeness
ea5fd649e3e359ce,서울,서울특별시 도봉구 쌍문동 7-22번지,서울특별시 도봉구 도봉로139길 63 (쌍문동),10500,11320,1011117019,,,2022,1,1,0.0,0,1,0,0,unknown,0.667,0,0,0,0,1,low_data_completeness
ea695115b60164d1,경기,경기도 구리시 갈매동 510번지,경기도 구리시 갈매순환로204번길 65 (갈매동),10100,41310,11091100207130,구리 스마트벤처타워,,2022,1,1,0.0,0,1,0,0,unknown,0.667,0,0,0,0,1,low_data_completeness
ea6f93435464f594,서울,서울특별시 강동구 명일동 15번지,서울특별시 강동구 고덕로 210 (명일동),10100,11740,1026188629,삼익그린맨션,,2022,1,1,0.0,0,1,0,0,unknown,0.667,0,0,0,0,1,low_data_completeness
ea70afc7eda79938,인천,인천광역시 동구 만석동 1-43번지,인천광역시 동구 만석부두로7번길 15-16 (만석동),10100,28140,10551100177220,,창고,2009,0,1,3606.54,1,0,1,0,unknown,0.833,0,1,0,0,1,non_residential_main_use
ea86bf1abe7a44bc,서울,서울특별시 금천구 가산동 29-21번지,서울특별시 금천구 벚꽃로56길 62 (가산동),10100,11545,1019110010,,"근린생활시설, 사무실, 단독주택",1984,0,1,387.0,1,0,0,0,unknown,0.833,1,0,0,0,1,old_building
ea86f80eb3bf2695,서울,서울특별시 도봉구 쌍문동 11-5번지,서울특별시 도봉구 도봉로139길 102 (쌍문동),10500,11320,1011117039,선우아파트,,2022,1,1,0.0,0,1,0,0,unknown,0.667,0,0,0,0,1,low_data_completeness
ea8edaba84470cec,서울,서울특별시 강동구 명일동 15번지,서울특별시 강동구 고덕로 210 (명일동),10100,11740,1026138473,삼익그린맨션,아파트,2022,0,3,77.21,0,0,0,1,unknown,0.833,0,0,0,0,0,
ea96200646ecb2c0,경기,경기도 과천시 문원동 15-46번지,경기도 과천시 공원마을5길 35 (문원동),10200,41290,110813629,,,2022,1,1,0.0,0,1,0,0,unknown,0.667,0,0,0,0,1,low_data_completeness
eaaa076f160c1e64,인천,인천광역시 계양구 효성동 1-13번지,인천광역시 계양구 길마로88번길 9 (효성동),10100,28245,1060113228,원익그린맨션,,2022,1,1,0.0,0,1,0,0,unknown,0.667,0,0,0,0,1,low_data_completeness
eaab96514a8a8bcc,인천,인천광역시 남동구 구월동 4-9번지,인천광역시 남동구 당좌로 17 (구월동),10100,28200,105811902,세빛교회,문화및집회시설,2003,0,1,394.5,1,0,0,0,unknown,0.833,1,1,0,0,1,old_building|non_residential_main_use
eab8ab80a114aa01,경기,경기도 고양시 덕양구 주교동 221-14번지,경기도 고양시 덕양구 고양대로 1278-1 (주교동),10100,41281,1104111477,김점원씨근생,제2종근린생활시설(사무실),2003,0,1,89.0,1,0,0,0,unknown,0.833,1,1,0,0,1,old_building|non_residential_main_use
eabde063fa0dbbf8,서울,서울특별시 노원구 월계동 13번지,서울특별시 노원구 마들로 111 (월계동),10200,11350,101211598,,아파트,1986,0,1,0.0,1,0,0,0,unknown,0.833,1,0,0,0,1,old_building
eace9857282dd1ee,서울,서울특별시 강남구 역삼동 605-22번지,서울특별시 강남구 봉은사로26길 12 (역삼동),10100,11680,102413742,,근린생활시설,2004,0,1,338.5,1,0,0,0,unknown,0.833,1,1,0,0,1,old_building|non_residential_main_use
eb0f370cd1ed8187,인천,인천광역시 부평구 부평동 10-225번지,인천광역시 부평구 길주남로 112-17 (부평동),10100,28237,10591133689,삼성빌라,,2022,1,1,0.0,0,1,0,0,unknown,0.667,0,0,0,0,1,low_data_completeness
eb11e2314a771c47,인천,인천광역시 연수구 옥련동 46번지,,10100,28185,10571472,,단독주택,2022,0,1,29.75,1,0,1,0,unknown,0.833,0,0,0,0,0,
eb204cff90f949c2,인천,인천광역시 중구 중앙동1가 10-4번지,인천광역시 중구 신포로23번길 90 (중앙동1가),10100,28110,10541610,,기타제1종근린생활시설,1977,0,2,131.64,1,0,1,0,unknown,0.833,1,1,0,0,1,old_building|non_residential_main_use
eb64375f4e794e8f,서울,서울특별시 도봉구 쌍문동 8-6번지,서울특별시 도봉구 도봉로139길 74-8 (쌍문동),10500,11320,10111541,,다가구주택,1983,0,2,188.1,1,0,1,0,unknown,0.833,1,0,0,0,1,old_building
eb6ac6c8f9d249ef,인천,인천광역시 연수구 옥련동 118-44번지,인천광역시 연수구 한진로 77 (옥련동),10100,28185,1000000000000005573124,송도역 서해그랑블 더파크,,2025,1,1,0.0,0,1,0,0,unknown,0.667,0,0,0,0,1,low_data_completeness
eb6cc57c4ddb9c07,서울,서울특별시 도봉구 쌍문동 23-2번지,서울특별시 도봉구 방학로3가길 7-5 (쌍문동),10500,11320,1000000000000006790418,경서리치빌,"공동주택(다세대주택), 근린생활시설",2025,0,1,278.0,1,0,0,0,unknown,0.833,0,0,0,0,0,
eb8054d2b0d98bf7,경기,경기도 과천시 문원동 15-54번지,경기도 과천시 공원마을6길 27 (문원동),10200,41290,11081100186676,,,2022,1,1,0.0,0,1,0,0,unknown,0.667,0,0,0,0,1,low_data_completeness
eb99f32b43a54dd9,서울,서울특별시 강북구 미아동 3-36번지,서울특별시 강북구 오현로9길 45 (미아동),10100,11305,10101100197332,,다세대주택,2012,0,4,746.18,1,0,1,0,unknown,0.833,0,0,0,0,0,
ebab6205a8a24852,서울,서울특별시 노원구 월계동 13번지,서울특별시 노원구 마들로 111 (월계동),10200,11350,101211595,,아파트,1986,0,1,0.0,1,0,0,0,unknown,0.833,1,0,0,0,1,old_building
ebb35523f8327d67,서울,서울특별시 노원구 월계동 12번지,서울특별시 노원구 마들로 127 (월계동),10200,11350,10121182563,,,2022,1,1,0.0,0,1,0,0,unknown,0.667,0,0,0,0,1,low_data_completeness
ebc696231b0759b7,인천,인천광역시 서구 백석동 58번지,인천광역시 서구 자원순환로 410 (백석동),10100,28260,10611100376046,,자원순환관련시설,2020,0,1,0.0,1,0,0,0,unknown,0.833,0,1,0,0,1,non_residential_main_use
ebcf8c3cc351251a,서울,서울특별시 강서구 염창동 58번지,서울특별시 강서구 양천로67길 50-29 (염창동),10100,11500,1017191901,블래스밸리,,2022,1,1,0.0,0,1,0,0,unknown,0.667,0,0,0,0,1,low_data_completeness
ebdb00d30d88a066,경기,경기도 과천시 문원동 15-15번지,경기도 과천시 공원마을1길 38 (문원동),10200,41290,11081100182905,,,2022,1,1,0.0,0,1,0,0,unknown,0.667,0,0,0,0,1,low_data_completeness
ebedf4d541ab1dd7,서울,서울특별시 금천구 가산동 7-9번지,서울특별시 금천구 벚꽃로 338-5 (가산동),10100,11545,101916281,,다가구주택,1994,0,2,247.26,1,0,1,0,unknown,0.833,1,0,0,0,1,old_building
ebfe191530114139,서울,서울특별시 구로구 신도림동 281-98번지,서울특별시 구로구 구로중앙로42길 128-8 (신도림동),10100,11530,1018116107,,근린생활시설,1975,0,1,0.0,1,0,0,0,unknown,0.833,1,1,0,0,1,old_building|non_residential_main_use
ec006e22d45d8d2e,서울,서울특별시 관악구 봉천동 1-207번지,서울특별시 관악구 청림3길 79-5 (봉천동),10100,11620,10221122952,,,2022,1,1,0.0,0,1,0,0,unknown,0.667,0,0,0,0,1,low_data_completeness
ec1b33afce330d36,서울,서울특별시 구로구 신도림동 271-25번지,서울특별시 구로구 신도림로19길 144 (신도림동),10100,11530,10181100189313,신도림삼성쉐르빌 1,,2022,1,1,0.0,0,1,0,0,unknown,0.667,0,0,0,0,1,low_data_completeness
ec2c37de281bbfe1,경기,경기도 군포시 당동 7-6번지,경기도 군포시 공단로 161 (당동),10100,41410,11131517,클로버 빌딩,사무소,1994,0,2,601.94,1,0,1,0,unknown,0.833,1,1,0,0,1,old_building|non_residential_main_use
ec32dddacceecbe4,서울,서울특별시 관악구 봉천동 1-618번지,서울특별시 관악구 청림3다길 17 (봉천동),10100,11620,1022178541,,,2022,1,1,0.0,0,1,0,0,unknown,0.667,0,0,0,0,1,low_data_completeness
ec55643a907c8d25,인천,인천광역시 강화군 강화읍 신문리 205-5번지,인천광역시 강화군 강화대로 429 (강화읍 신문리),25021,28710,1062135810,중앙시장,,2022,1,1,0.0,0,1,0,0,unknown,0.667,0,0,1,0,1,basement_or_unknown_floor|low_data_completeness
ec587e3e695e6de9,서울,서울특별시 관악구 봉천동 1-459번지,서울특별시 관악구 관악로38길 19 (봉천동),10100,11620,102216095,,단독주택,1985,0,1,0.0,1,0,0,0,unknown,0.833,1,0,0,0,1,old_building
ec5f5436fe164487,서울,서울특별시 강북구 미아동 3-202번지,서울특별시 강북구 오현로9길 39 (미아동),10100,11305,10101880,,단독주택,1994,0,1,185.0,1,0,0,0,unknown,0.833,1,0,0,0,1,old_building
ec84fdb9fc3c7ee0,경기,경기도 가평군 가평읍 읍내리 214번지,경기도 가평군 가평제방길 233 (가평읍 읍내리),25021,41820,1000000000000002714966,힐스테이트 가평 더뉴클래스,,2023,1,1,0.0,0,1,0,0,unknown,0.667,0,0,0,0,1,low_data_completeness
ec8fa4ffa8a30097,서울,서울특별시 강서구 내발산동 647번지,서울특별시 강서구 강서로52길 43 (내발산동),10600,11500,1000000000000002238219,DH647,다세대주택,2023,0,4,90.81,0,0,0,1,unknown,0.833,0,0,1,0,1,basement_or_unknown_floor
ec9cd01df0282c99,경기,경기도 과천시 문원동 15-54번지,경기도 과천시 공원마을6길 27 (문원동),10200,41290,11081100186673,,,2022,1,1,0.0,0,1,0,0,unknown,0.667,0,0,0,0,1,low_data_completeness
eca369d1082617e4,인천,인천광역시 부평구 부평동 10-43번지,인천광역시 부평구 길주남로102번길 11-11 (부평동),10100,28237,1000000000000004483929,부평동세창주택1차,,2024,1,1,0.0,0,1,0,0,unknown,0.667,0,0,0,0,1,low_data_completeness
ecb38295d1a0782e,서울,서울특별시 금천구 가산동 29-32번지,서울특별시 금천구 벚꽃로56길 66 (가산동),10100,11545,101917386,,"근린생활시설, 사무실, 주택",1984,0,1,0.0,1,0,0,0,unknown,0.833,1,0,0,0,1,old_building
ecb465df05006c05,경기,경기도 군포시 당동 116-6번지,경기도 군포시 군포로538번길 23 (당동),10100,41410,11131549,,주택,1951,0,1,0.0,1,0,0,0,unknown,0.833,1,0,0,0,1,old_building
ecbe519ea37028da,인천,인천광역시 남동구 구월동 3-8번지,인천광역시 남동구 석산로 230 (구월동),10100,28200,10581100314411,호진다온채,,2022,1,1,0.0,0,1,0,0,unknown,0.667,0,0,0,0,1,low_data_completeness
eccddce40353d8a7,인천,인천광역시 서구 백석동 49-11번지,인천광역시 서구 아라로51번길 63 (백석동),10100,28260,10611100247834,,기타동식물관련시설,2012,0,1,644.28,1,0,1,0,unknown,0.833,0,1,0,0,1,non_residential_main_use
ecd5089fc137dc8c,서울,서울특별시 강남구 역삼동 605-21번지,서울특별시 강남구 봉은사로26길 10 (역삼동),10100,11680,1024115513,건양빌딩,근린생활시설,2003,0,1,519.6,1,0,0,0,unknown,0.833,1,1,0,0,1,old_building|non_residential_main_use
ecea88a640380dcd,인천,인천광역시 계양구 효성동 1-4번지,인천광역시 계양구 새벌로171번길 4 (효성동),10100,28245,1000000000000007288311,인천효성동초등학교,초등학교,1997,0,5,5455.66,1,0,1,0,unknown,0.833,1,1,1,0,1,old_building|non_residential_main_use|basement_or_unknown_floor
ecf03723dd9f66d9,서울,서울특별시 광진구 중곡동 18-12번지,서울특별시 광진구 용마산로 156 (중곡동),10100,11215,10061100225211,월드하우스,,2022,1,1,0.0,0,1,0,0,unknown,0.667,0,0,0,0,1,low_data_completeness
ecfd7bd8bb9d8b03,경기,경기도 군포시 당동 168-7번지,경기도 군포시 공단로 39-5 (당동),10100,41410,11131592,,"공장,창고,사무실,휴게소",2004,0,1,0.0,1,0,0,0,unknown,0.833,1,1,0,0,1,old_building|non_residential_main_use
ed1b5adfd1193be2,경기,경기도 가평군 가평읍 읍내리 214번지,경기도 가평군 가평제방길 233 (가평읍 읍내리),25021,41820,1000000000000002714929,힐스테이트 가평 더뉴클래스,,2023,1,1,0.0,0,1,0,0,unknown,0.667,0,0,0,0,1,low_data_completeness
ed1b6f5af5527c07,경기,경기도 군포시 당동 14-1번지,경기도 군포시 공단로 149 (당동),10100,41410,111319583,아이밸리 군포,,2022,1,1,0.0,0,1,0,0,unknown,0.667,0,0,1,0,1,basement_or_unknown_floor|low_data_completeness
ed2bdefce1c18620,경기,경기도 고양시 일산동구 식사동 13-8번지,,10100,41285,11041100436830,수송부-2,국방ㆍ군사시설,1977,0,1,652395.0,1,0,1,0,unknown,0.833,1,1,0,0,1,old_building|non_residential_main_use
ed353720ebb59986,경기,경기도 과천시 문원동 15-40번지,경기도 과천시 공원마을4길 41 (문원동),10200,41290,11081842,우리빌,다세대주택,2002,0,1,248.0,1,0,0,0,unknown,0.833,1,0,0,0,1,old_building
ed35be00159b1963,인천,인천광역시 미추홀구 숭의동 1-10번지,인천광역시 미추홀구 경인로 150 (숭의동),10100,28177,10561100237778,한우리,,2022,1,1,0.0,0,1,0,0,unknown,0.667,0,0,0,0,1,low_data_completeness
ed5796f542ae3b00,인천,인천광역시 부평구 부평동 10-225번지,인천광역시 부평구 길주남로 112-17 (부평동),10100,28237,10591133687,삼성빌라,,2022,1,1,0.0,0,1,0,0,unknown,0.667,0,0,0,0,1,low_data_completeness
ed7357432dd51bec,인천,인천광역시 남동구 구월동 3-21번지,인천광역시 남동구 석산로228번길 19 (구월동),10100,28200,10581100321242,하누리,,2022,1,1,0.0,0,1,0,0,unknown,0.667,0,0,0,0,1,low_data_completeness
ed7fb44f0055164c,경기,경기도 고양시 일산동구 식사동 236-4번지,경기도 고양시 일산동구 견달산로210번길 45-15 (식사동),10100,41285,11041100226832,루미나리,,2022,1,1,0.0,0,1,0,0,unknown,0.667,0,0,0,0,1,low_data_completeness
ed82e60c9e199aab,경기,경기도 가평군 가평읍 읍내리 81-2번지,경기도 가평군 잎너비길 17-80 (가평읍 읍내리),25021,41820,11301100179790,,교육(연수)원,2008,0,1,15.0,1,0,1,0,unknown,0.833,0,1,0,0,1,non_residential_main_use
ed8fdbd394f74eb2,경기,경기도 고양시 일산동구 식사동 236-6번지,경기도 고양시 일산동구 견달산로210번길 45-11 (식사동),10100,41285,11041100218295,루미나리,,2022,1,1,0.0,0,1,0,0,unknown,0.667,0,0,0,0,1,low_data_completeness
ed910d534e38d38b,인천,인천광역시 연수구 옥련동 118-44번지,인천광역시 연수구 한진로 77 (옥련동),10100,28185,1000000000000005573181,송도역 서해그랑블 더파크,,2025,1,1,0.0,0,1,0,0,unknown,0.667,0,0,0,0,1,low_data_completeness
ed93c5f527658b13,서울,서울특별시 관악구 봉천동 1-315번지,서울특별시 관악구 관악로 294-5 (봉천동),10100,11620,102214300,,단독주택,1991,0,1,0.0,1,0,0,0,unknown,0.833,1,0,0,0,1,old_building
ed98e0f965aea9e1,인천,인천광역시 계양구 효성동 1-14번지,인천광역시 계양구 길마로88번길 11 (효성동),10100,28245,1060113240,원익그린맨션,,2022,1,1,0.0,0,1,0,0,unknown,0.667,0,0,0,0,1,low_data_completeness
eda76fb19f8dd5ec,경기,경기도 김포시 북변동 125번지,경기도 김포시 김포대로 1025 (북변동),10100,41570,112313588,,단독주택,1985,0,1,58.85,1,0,1,0,unknown,0.833,1,0,0,0,1,old_building
edad66a909e1e078,인천,인천광역시 동구 만석동 1-24번지,인천광역시 동구 보세로 22 (만석동),10100,28140,10551213,B동,창고,2007,0,1,444.69,1,0,1,0,unknown,0.833,0,1,0,0,1,non_residential_main_use
edc2c0fecab66276,서울,서울특별시 광진구 중곡동 18-70번지,서울특별시 광진구 용마산로 122 (중곡동),10100,11215,10061768,동화오일,위험물저장및처리시설,1994,0,1,337.5,1,0,0,0,unknown,0.833,1,1,0,0,1,old_building|non_residential_main_use
edd583415538bbd0,인천,인천광역시 미추홀구 숭의동 1-87번지,인천광역시 미추홀구 경인로 156 (숭의동),10100,28177,10561100246621,새힘아파트(오피스텔),공동주택 및 업무시설,2016,0,1,510.0,1,0,0,0,unknown,0.833,0,0,0,0,0,
eddf094df0b172e9,경기,경기도 광명시 광명동 25-9번지,경기도 광명시 광명로928번길 41-8 (광명동),10100,41210,1098117430,,,2022,1,1,0.0,0,1,0,0,unknown,0.667,0,0,1,0,1,basement_or_unknown_floor|low_data_completeness
ede233d458a8731d,인천,인천광역시 동구 만석동 5-22번지,인천광역시 동구 인중로 442 (만석동),10100,28140,1055112140,서해빌라,,2022,1,1,0.0,0,1,0,0,unknown,0.667,0,0,1,0,1,basement_or_unknown_floor|low_data_completeness
edf301ac8e6499b3,인천,인천광역시 부평구 부평동 10-258번지,인천광역시 부평구 주부토로104번길 34 (부평동),10100,28237,1059112314,현대빌라,다세대주택,1998,0,1,312.0,1,0,0,0,unknown,0.833,1,0,0,0,1,old_building
edf7034a18796e30,서울,서울특별시 관악구 봉천동 1-72번지,서울특별시 관악구 청림3다길 8 (봉천동),10100,11620,1022180683,,,2022,1,1,0.0,0,1,0,0,unknown,0.667,0,0,0,0,1,low_data_completeness
ee0790f46b061e78,서울,서울특별시 관악구 봉천동 1-72번지,서울특별시 관악구 청림3다길 8 (봉천동),10100,11620,1022180682,,,2022,1,1,0.0,0,1,0,0,unknown,0.667,0,0,0,0,1,low_data_completeness
ee114e23b093566a,서울,서울특별시 도봉구 쌍문동 21-5번지,서울특별시 도봉구 도봉로133길 50 (쌍문동),10500,11320,10111565,창동교회,종교시설,1995,0,1,0.0,1,0,0,0,unknown,0.833,1,1,1,0,1,old_building|non_residential_main_use|basement_or_unknown_floor
ee2a289dd828f8c0,경기,경기도 구리시 갈매동 162-10번지,경기도 구리시 금강로 50 (갈매동),10100,41310,11091293,,제2종근린생활시설,2005,0,1,330.0,1,0,0,0,unknown,0.833,1,1,0,0,1,old_building|non_residential_main_use
ee30f970f354b645,인천,인천광역시 남동구 구월동 3-5번지,인천광역시 남동구 석산로 230-3 (구월동),10100,28200,1058127523,조은그린빌,,2022,1,1,0.0,0,1,0,0,unknown,0.667,0,0,0,0,1,low_data_completeness
ee31d101b3772a25,서울,서울특별시 노원구 월계동 18번지,서울특별시 노원구 마들로 31 (월계동),10200,11350,101213226,그랑빌아파트,공동주택(아파트),2002,0,1,0.0,1,0,0,0,unknown,0.833,1,0,0,0,1,old_building
ee3466c3dba41df0,경기,경기도 광명시 광명동 24-9번지,경기도 광명시 광삼로13번길 28-18 (광명동),10100,41210,10981716,,단독주택,1975,0,1,0.99,1,0,1,0,unknown,0.833,1,0,0,0,1,old_building
ee505d38e08e0cb1,서울,서울특별시 광진구 중곡동 18-12번지,서울특별시 광진구 용마산로 156 (중곡동),10100,11215,10061100225210,월드하우스,,2022,1,1,0.0,0,1,0,0,unknown,0.667,0,0,0,0,1,low_data_completeness
ee526a3ebababdec,서울,서울특별시 강북구 미아동 3-61번지,서울특별시 강북구 오패산로30가길 13 (미아동),10100,11305,10101785,,단독주택(다가구주택),1996,0,1,123.24,1,0,0,0,unknown,0.833,1,0,0,0,1,old_building
ee656e99c56fb430,서울,서울특별시 강남구 역삼동 601-29번지,서울특별시 강남구 강남대로110길 19-1 (역삼동),10100,11680,10241100302384,케이빌딩,일반음식점,2022,0,1,185.49,0,0,0,1,unknown,0.833,0,1,0,0,1,non_residential_main_use
ee6d637c04925d75,서울,서울특별시 강서구 염창동 79-7번지,서울특별시 강서구 양천로67길 96-12 (염창동),10100,11500,10171100217119,,제2종근린생활시설,2011,0,1,176.0,1,0,0,0,unknown,0.833,0,1,0,0,1,non_residential_main_use
ee89da91d036d821,인천,인천광역시 계양구 효성동 1-13번지,인천광역시 계양구 길마로88번길 9 (효성동),10100,28245,1060113227,원익그린맨션,,2022,1,1,0.0,0,1,0,0,unknown,0.667,0,0,0,0,1,low_data_completeness
eea42d9d2b623699,인천,인천광역시 부평구 부평동 10-233번지,인천광역시 부평구 주부토로100번길 20 (부평동),10100,28237,10591100263622,스마트빌,,2022,1,1,0.0,0,1,0,0,unknown,0.667,0,0,0,0,1,low_data_completeness
eea451b1d4022d0f,경기,경기도 김포시 북변동 200-7번지,경기도 김포시 봉화로 162-1 (북변동),10100,41570,11231100515332,,,2022,1,1,0.0,0,1,0,0,unknown,0.667,0,0,0,0,1,low_data_completeness
eec126b5015e79a2,인천,인천광역시 남동구 구월동 4-8번지,인천광역시 남동구 석산로228번길 67 (구월동),10100,28200,105816265,,공동주택,1989,0,1,0.0,1,0,0,0,unknown,0.833,1,0,0,0,1,old_building
eec538701eb3abc0,경기,경기도 고양시 일산동구 식사동 236-6번지,경기도 고양시 일산동구 견달산로210번길 45-11 (식사동),10100,41285,11041100218296,루미나리,,2022,1,1,0.0,0,1,0,0,unknown,0.667,0,0,0,0,1,low_data_completeness
eec695c36c28ece1,경기,경기도 고양시 덕양구 주교동 215번지,경기도 고양시 덕양구 고양대로1290번길 4 (주교동),10100,41281,11041100178273,,제2종근린생활시설(수리점),2008,0,1,590.0,1,0,0,0,unknown,0.833,0,1,0,0,1,non_residential_main_use
eee1e835c73b4f99,경기,경기도 김포시 북변동 200-6번지,경기도 김포시 봉화로 164-4 (북변동),10100,41570,1000000000000002665904,MU빌리지,,2023,1,1,0.0,0,1,0,0,unknown,0.667,0,0,0,0,1,low_data_completeness
eee861fef63b4abb,인천,인천광역시 강화군 강화읍 신문리 1-2번지,인천광역시 강화군 강화대로 405 (강화읍 신문리),25021,28710,106218239,,기타제1종근린생활시설,1977,0,2,122.89,1,0,1,0,unknown,0.833,1,1,0,0,1,old_building|non_residential_main_use
eef430cf0773e78f,인천,인천광역시 동구 만석동 2-224번지,인천광역시 동구 만석부두로 4-1 (만석동),10100,28140,1055112098,,,2022,1,1,0.0,0,1,0,0,unknown,0.667,0,0,1,0,1,basement_or_unknown_floor|low_data_completeness
eef70f96b62fd330,서울,서울특별시 도봉구 쌍문동 13-2번지,서울특별시 도봉구 도당로 18 (쌍문동),10500,11320,1011117127,,,2022,1,1,0.0,0,1,0,0,unknown,0.667,0,0,0,0,1,low_data_completeness
ef18cf68b085fd95,서울,서울특별시 도봉구 쌍문동 10-1번지,,10500,11320,101114164,,다세대주택,1978,0,1,116.96,1,0,1,0,unknown,0.833,1,0,0,0,1,old_building
ef1caa6e68026a91,경기,경기도 고양시 일산동구 식사동 233-2번지,경기도 고양시 일산동구 견달산로210번길 45-14 (식사동),10100,41285,11041100227611,식사동 233-2 공동주택 (김영한),,2022,1,1,0.0,0,1,0,0,unknown,0.667,0,0,0,0,1,low_data_completeness
ef2e9c59dfa6c993,인천,인천광역시 계양구 효성동 11-2번지,인천광역시 계양구 봉오대로601번길 13-2 (효성동),10100,28245,106011109,,주택,1979,0,1,0.0,1,0,0,0,unknown,0.833,1,0,0,0,1,old_building
ef4219dd37522d75,서울,서울특별시 강동구 명일동 15번지,서울특별시 강동구 명일로 375 (명일동),10100,11740,10261100280345,삼익그린맨션,,2022,1,1,0.0,0,1,0,0,unknown,0.667,0,0,0,0,1,low_data_completeness
ef43845eaf54c28a,인천,인천광역시 중구 중앙동1가 16-2번지,인천광역시 중구 제물량로232번안길 9-1 (중앙동1가),10100,28110,10541620,,주택,2022,0,1,0.0,1,0,0,0,unknown,0.833,0,0,0,0,0,
ef5160381058f300,경기,경기도 과천시 문원동 15-39번지,경기도 과천시 공원마을4길 39 (문원동),10200,41290,110813618,우리빌,,2022,1,1,0.0,0,1,0,0,unknown,0.667,0,0,0,0,1,low_data_completeness
ef6f71e23db1ee51,인천,인천광역시 동구 만석동 1-51번지,인천광역시 동구 보세로26번길 24-52 (만석동),10100,28140,10551100185842,대한조선(주),공장,2019,0,1,2890.0,1,0,0,0,unknown,0.833,0,1,0,0,1,non_residential_main_use
ef71bb366b3d58c7,경기,경기도 구리시 갈매동 151-2번지,경기도 구리시 별내3로 1 (갈매동),10100,41310,11091100193188,,근린생활시설,2016,0,1,330.0,1,0,0,0,unknown,0.833,0,1,0,0,1,non_residential_main_use
ef8ad7671a672931,인천,인천광역시 연수구 옥련동 81-68번지,인천광역시 연수구 독배로 111 (옥련동),10100,28185,105718103,,,2022,1,1,0.0,0,1,0,0,unknown,0.667,0,0,1,0,1,basement_or_unknown_floor|low_data_completeness
ef92985f8be59ee2,경기,경기도 고양시 덕양구 주교동 272-1번지,경기도 고양시 덕양구 원당로59번길 94-7 (주교동),10100,41281,11041117536,윤창아파트,,2022,1,1,0.0,0,1,0,0,unknown,0.667,0,0,1,0,1,basement_or_unknown_floor|low_data_completeness
efae24bdf3bf5a1b,서울,서울특별시 광진구 중곡동 18-16번지,서울특별시 광진구 용마산로28길 24 (중곡동),10100,11215,1006127415,,,2022,1,1,0.0,0,1,0,0,unknown,0.667,0,0,0,0,1,low_data_completeness
efc9bcc2826c6f2d,경기,경기도 구리시 갈매동 147-8번지,경기도 구리시 금강로 75-1 (갈매동),10100,41310,11091100195897,,근린생활시설,2017,0,1,347.0,1,0,0,0,unknown,0.833,0,1,0,0,1,non_residential_main_use
efd28dc90ba1ac95,경기,경기도 고양시 일산동구 식사동 236-6번지,경기도 고양시 일산동구 견달산로210번길 45-11 (식사동),10100,41285,11041100218303,루미나리,,2022,1,1,0.0,0,1,0,0,unknown,0.667,0,0,0,0,1,low_data_completeness
efdfb2a218e2a3b3,서울,서울특별시 강서구 염창동 65번지,서울특별시 강서구 양천로67길 71-3 (염창동),10100,11500,10171100318486,진영리버타운,,2022,1,1,0.0,0,1,0,0,unknown,0.667,0,0,0,0,1,low_data_completeness
eff4e2d269f1faf1,서울,서울특별시 금천구 가산동 40-11번지,서울특별시 금천구 벚꽃로42길 13 (가산동),10100,11545,10191100200311,휴먼빌,,2022,1,1,0.0,0,1,0,0,unknown,0.667,0,0,0,0,1,low_data_completeness
effe9a3ff6d1797c,서울,서울특별시 강동구 명일동 15번지,서울특별시 강동구 고덕로 210 (명일동),10100,11740,1026139234,삼익그린맨션,,2022,1,1,0.0,0,1,0,0,unknown,0.667,0,0,0,0,1,low_data_completeness
f00aa272461a6491,경기,경기도 김포시 북변동 110번지,,10100,41570,112313580,,단독주택,2022,0,1,27.25,1,0,1,0,unknown,0.833,0,0,0,0,0,
f038ff9e024b0ed7,인천,인천광역시 계양구 효성동 11-5번지,인천광역시 계양구 봉오대로601번길 11-2 (효성동),10100,28245,106011113,,주택,1979,0,1,0.0,1,0,0,0,unknown,0.833,1,0,0,0,1,old_building
f04733de4b59143e,서울,서울특별시 도봉구 쌍문동 13-2번지,서울특별시 도봉구 도당로 18 (쌍문동),10500,11320,1011117054,,,2022,1,1,0.0,0,1,0,0,unknown,0.667,0,0,0,0,1,low_data_completeness
f0565aa227339c57,서울,서울특별시 강서구 염창동 66-9번지,서울특별시 강서구 양천로67길 77 (염창동),10100,11500,101713834,염창동우성아파트,아파트,1990,0,1,0.0,1,0,0,0,unknown,0.833,1,0,0,0,1,old_building
f05caffb7d91006a,경기,경기도 김포시 북변동 200-7번지,경기도 김포시 봉화로 162-1 (북변동),10100,41570,11231100515334,,,2022,1,1,0.0,0,1,0,0,unknown,0.667,0,0,0,0,1,low_data_completeness
f060fe6012b904af,경기,경기도 고양시 일산서구 일산동 542-2번지,경기도 고양시 일산서구 일중로 55 (일산동),10100,41287,11041239320,,"근린생활시설, 단독주택",1990,0,1,0.0,1,0,0,0,unknown,0.833,1,0,0,0,1,old_building
f07bc01acd65cf98,경기,경기도 고양시 일산서구 일산동 551-16번지,경기도 고양시 일산서구 고양대로 701-6 (일산동),10100,41287,11041100176585,대명아트빌,,2022,1,1,0.0,0,1,0,0,unknown,0.667,0,0,0,0,1,low_data_completeness
f0854cdfbc2dd5d5,서울,서울특별시 강동구 명일동 15번지,서울특별시 강동구 고덕로 210 (명일동),10100,11740,1026138610,삼익그린맨션,,2022,1,1,0.0,0,1,0,0,unknown,0.667,0,0,0,0,1,low_data_completeness
f0936a2dcac4b326,서울,서울특별시 관악구 봉천동 1-482번지,서울특별시 관악구 청림3길 66 (봉천동),10100,11620,1022122283,,단독주택,1966,0,1,0.0,1,0,0,0,unknown,0.833,1,0,0,0,1,old_building
f094ab32a6849c3d,인천,인천광역시 미추홀구 숭의동 1-106번지,인천광역시 미추홀구 수봉로21번길 28 (숭의동),10100,28177,105612206,,주택,1989,0,1,0.0,1,0,0,0,unknown,0.833,1,0,0,0,1,old_building
f09d186cfe2add80,서울,서울특별시 관악구 봉천동 1-471번지,서울특별시 관악구 청림3바길 7-4 (봉천동),10100,11620,1022113106,,단독주택,1993,0,1,188.0,1,0,0,0,unknown,0.833,1,0,0,0,1,old_building
f0be57c4a053a98d,경기,경기도 광주시 경안동 10-24번지,경기도 광주시 광주대로71번길 6 (경안동),10100,41610,11251100247142,,,2022,1,1,0.0,0,1,0,0,unknown,0.667,0,0,0,0,1,low_data_completeness
f0de4f21236e170c,인천,인천광역시 부평구 부평동 10-43번지,인천광역시 부평구 길주남로102번길 11-11 (부평동),10100,28237,1000000000000004484332,부평동세창주택1차,,2024,1,1,0.0,0,1,0,0,unknown,0.667,0,0,0,0,1,low_data_completeness
f0fbdc5d7ebf6ef0,인천,인천광역시 서구 백석동 58번지,인천광역시 서구 자원순환로 210-20 (백석동),10100,28260,10611100320519,,분뇨및쓰레기처리시설,1992,0,1,0.0,1,0,0,0,unknown,0.833,1,1,0,0,1,old_building|non_residential_main_use
f106270fef92f6dd,서울,서울특별시 도봉구 쌍문동 7-22번지,서울특별시 도봉구 도봉로139길 63 (쌍문동),10500,11320,1011117025,,,2022,1,1,0.0,0,1,0,0,unknown,0.667,0,0,0,0,1,low_data_completeness
f1196aa15da6a645,인천,인천광역시 연수구 옥련동 81-19번지,인천광역시 연수구 독배로 109 (옥련동),10100,28185,105718098,,,2022,1,1,0.0,0,1,0,0,unknown,0.667,0,0,1,0,1,basement_or_unknown_floor|low_data_completeness
f119838c425c4642,인천,인천광역시 서구 백석동 블록,인천광역시 서구 한들로 33 (백석동),10100,28260,1000000000000002032371,검암역 로열파크씨티 푸르지오 1단지,,2023,1,1,0.0,0,1,0,0,unknown,0.667,0,0,0,0,1,low_data_completeness
f11e7cf17326da4e,서울,서울특별시 강서구 개화동 421-70번지,서울특별시 강서구 개화동로5길 9-11 (개화동),11000,11500,10171100238160,경동 미르웰,다세대주택,2022,0,1,31.47,0,0,0,1,unknown,0.833,0,0,0,0,0,
f14ba7dea72e7ac1,경기,경기도 고양시 일산동구 식사동 236-6번지,경기도 고양시 일산동구 견달산로210번길 45-11 (식사동),10100,41285,11041100218294,루미나리,,2022,1,1,0.0,0,1,0,0,unknown,0.667,0,0,0,0,1,low_data_completeness
f15c0156dac89ed7,서울,서울특별시 강서구 염창동 75-2번지,서울특별시 강서구 양천로67길 93-9 (염창동),10100,11500,1017128700,,"근린생활시설, 주택",1997,0,1,474.0,1,0,0,0,unknown,0.833,1,0,0,0,1,old_building
f16d92c10de5c221,서울,서울특별시 금천구 가산동 40-11번지,서울특별시 금천구 벚꽃로42길 13 (가산동),10100,11545,10191100200302,휴먼빌,,2022,1,1,0.0,0,1,0,0,unknown,0.667,0,0,0,0,1,low_data_completeness
f172b5a5b5989e57,경기,경기도 군포시 당동 14-1번지,경기도 군포시 공단로 149 (당동),10100,41410,111319625,아이밸리 군포,,2022,1,1,0.0,0,1,0,0,unknown,0.667,0,0,1,0,1,basement_or_unknown_floor|low_data_completeness
f17b70676c0f7384,경기,경기도 고양시 덕양구 주교동 272-1번지,경기도 고양시 덕양구 원당로59번길 94-7 (주교동),10100,41281,11041117524,윤창아파트,,2022,1,1,0.0,0,1,0,0,unknown,0.667,0,0,1,0,1,basement_or_unknown_floor|low_data_completeness
f18b867b6c7cdb5d,서울,서울특별시 도봉구 쌍문동 7-21번지,서울특별시 도봉구 도봉로139길 65 (쌍문동),10500,11320,10111100204646,와이앤캐슬,,2022,1,1,0.0,0,1,0,0,unknown,0.667,0,0,0,0,1,low_data_completeness
f18d485176f9a1b1,서울,서울특별시 강남구 역삼동 754번지,서울특별시 강남구 역삼로 306 (역삼동),10100,11680,1024124678,개나리 래미안,,2022,1,1,0.0,0,1,0,0,unknown,0.667,0,0,0,0,1,low_data_completeness
f198c97f6e49128f,경기,경기도 김포시 북변동 200-19번지,경기도 김포시 봉화로 164 (북변동),10100,41570,1123140612,한터하이빌,,2022,1,1,0.0,0,1,0,0,unknown,0.667,0,0,0,0,1,low_data_completeness
f1b22e4514e72a8c,인천,인천광역시 옹진군 북도면 장봉리 654번지,인천광역시 옹진군 장봉로720번길 12 (북도면 장봉리),31024,28720,106318381,장봉리다세대주택,,2022,1,1,0.0,0,1,0,0,unknown,0.667,0,0,0,0,1,low_data_completeness
f1b884054ccde45a,경기,경기도 과천시 문원동 15-46번지,경기도 과천시 공원마을5길 35 (문원동),10200,41290,11081843,,공동주택(다세대주택),2005,0,1,242.0,1,0,0,0,unknown,0.833,1,0,0,0,1,old_building
f1ca914bf2bcb190,경기,경기도 군포시 당동 14-1번지,경기도 군포시 공단로 149 (당동),10100,41410,111319572,아이밸리 군포,,2022,1,1,0.0,0,1,0,0,unknown,0.667,0,0,1,0,1,basement_or_unknown_floor|low_data_completeness
f1f93cc1d7d39622,서울,서울특별시 강동구 명일동 47-10번지,서울특별시 강동구 동남로75길 13-15 (명일동),10100,11740,1026121826,,"근린생활시설, 업무시설",1992,0,1,674.6,1,0,0,0,unknown,0.833,1,1,0,0,1,old_building|non_residential_main_use
f2239e4f067c3afc,서울,서울특별시 강북구 미아동 3-12번지,서울특별시 강북구 오현로9길 13 (미아동),10100,11305,10101100195800,,,2022,1,1,0.0,0,1,0,0,unknown,0.667,0,0,0,0,1,low_data_completeness
f244c44a518ab4d6,인천,인천광역시 중구 중앙동3가 4-8번지,인천광역시 중구 홍예문로 7 (중앙동3가),10300,28110,1054115564,,,2022,1,1,0.0,0,1,0,0,unknown,0.667,0,0,0,0,1,low_data_completeness
f24829dc8434923e,서울,서울특별시 노원구 월계동 13번지,서울특별시 노원구 마들로 59 (월계동),10200,11350,101211608,,아파트,1986,0,1,0.0,1,0,0,0,unknown,0.833,1,0,0,0,1,old_building
f275ba795ebe8112,경기,경기도 과천시 관문동 107-5번지,경기도 과천시 관악산길 58 (관문동),10100,41290,11081152,온온사,온온사,1985,0,1,0.0,1,0,0,0,unknown,0.833,1,1,0,0,1,old_building|non_residential_main_use
f27694769c001382,인천,인천광역시 서구 백석동 블록,인천광역시 서구 한들로 73 (백석동),10100,28260,1000000000000002037046,검암역 로열파크씨티 푸르지오 2단지,,2023,1,1,0.0,0,1,0,0,unknown,0.667,0,0,0,0,1,low_data_completeness
f27848d529023151,인천,인천광역시 연수구 옥련동 118-14번지,인천광역시 연수구 비류대로144번길 26 (옥련동),10100,28185,105718308,,,2022,1,1,0.0,0,1,0,0,unknown,0.667,0,0,1,0,1,basement_or_unknown_floor|low_data_completeness
f28ec5f4523b3bbc,서울,서울특별시 금천구 가산동 41-1번지,서울특별시 금천구 벚꽃로42길 20 (가산동),10100,11545,1019144677,,,2022,1,1,0.0,0,1,0,0,unknown,0.667,0,0,0,0,1,low_data_completeness
f2ad4801769afa06,인천,인천광역시 미추홀구 숭의동 1-11번지,인천광역시 미추홀구 경인로 148 (숭의동),10100,28177,10561100237079,다우림,,2022,1,1,0.0,0,1,0,0,unknown,0.667,0,0,0,0,1,low_data_completeness
f2d6ceae37958088,인천,인천광역시 서구 백석동 블록,인천광역시 서구 한들로 33 (백석동),10100,28260,1000000000000002032565,검암역 로열파크씨티 푸르지오 1단지,,2023,1,1,0.0,0,1,0,0,unknown,0.667,0,0,0,0,1,low_data_completeness
f2e073cab8dcc750,서울,서울특별시 노원구 월계동 12번지,서울특별시 노원구 마들로 127 (월계동),10200,11350,1012141657,,,2022,1,1,0.0,0,1,0,0,unknown,0.667,0,0,0,0,1,low_data_completeness
f2f541df1c229c86,서울,서울특별시 광진구 중곡동 18-94번지,서울특별시 광진구 용마산로22길 11-15 (중곡동),10100,11215,10061788,,주택,1988,0,1,215.9,1,0,0,0,unknown,0.833,1,0,0,0,1,old_building
f31f66c08ea762a4,서울,서울특별시 강북구 미아동 3-51번지,서울특별시 강북구 오패산로30가길 8-6 (미아동),10100,11305,1010130892,,,2022,1,1,0.0,0,1,0,0,unknown,0.667,0,0,0,0,1,low_data_completeness
f33702de5073e120,경기,경기도 광주시 경안동 11-38번지,경기도 광주시 광주대로71번길 16-10 (경안동),10100,41610,1125130549,,주택,1965,0,1,213.0,1,0,0,0,unknown,0.833,1,0,0,0,1,old_building
f338717c7b84ccd3,인천,인천광역시 강화군 강화읍 신문리 5-7번지,인천광역시 강화군 강화대로393번길 5 (강화읍 신문리),25021,28710,10621100255357,,제2종근린생활시설,2021,0,1,0.0,1,0,0,0,unknown,0.833,0,1,0,0,1,non_residential_main_use
f33a13f939f03fcf,인천,인천광역시 중구 중앙동1가 15-1번지,인천광역시 중구 신포로23번길 96 (중앙동1가),10100,28110,10541617,,주택,1965,0,1,0.0,1,0,0,0,unknown,0.833,1,0,0,0,1,old_building
f36c5de6fc8257bb,경기,경기도 광명시 광명동 26-12번지,경기도 광명시 광명로928번길 42-10 (광명동),10100,41210,10981100216564,하늘숲,"공동주택(다세대주택),업무시설(오피스텔)",2017,0,1,400.0,1,0,0,0,unknown,0.833,0,0,0,0,0,
f37678f3c4f5012b,경기,경기도 광명시 광명동 24-87번지,경기도 광명시 광삼로13번길 31 (광명동),10100,41210,10981759,,단독주택,1979,0,1,126.0,1,0,0,0,unknown,0.833,1,0,0,0,1,old_building
f39b2e1918ab899f,인천,인천광역시 연수구 옥련동 118-44번지,인천광역시 연수구 한진로 77 (옥련동),10100,28185,1000000000000005573331,송도역 서해그랑블 더파크,,2025,1,1,0.0,0,1,0,0,unknown,0.667,0,0,0,0,1,low_data_completeness
f3b28799d86ce13c,인천,인천광역시 동구 만석동 2-370번지,인천광역시 동구 만석부두로13번길 47 (만석동),10100,28140,10551100174243,,,2022,1,1,0.0,0,1,0,0,unknown,0.667,0,0,0,0,1,low_data_completeness
f3b4b4f0d74d7fae,인천,인천광역시 남동구 구월동 3-26번지,인천광역시 남동구 당좌로35번길 8-1 (구월동),10100,28200,10581100331203,삼성주택,,2022,1,1,0.0,0,1,0,0,unknown,0.667,0,0,0,0,1,low_data_completeness
f3bbec2ec39f9606,경기,경기도 구리시 갈매동 484번지,경기도 구리시 갈매길 113-9 (갈매동),10100,41310,11091100177890,,,2022,1,1,0.0,0,1,0,0,unknown,0.667,0,0,0,0,1,low_data_completeness
f3c4ac0fd5b171af,인천,인천광역시 동구 만석동 1-31번지,인천광역시 동구 보세로26번길 24-20 (만석동),10100,28140,10551100181781,JS마그네트,기타공장,2013,0,3,836.5,1,0,1,0,unknown,0.833,0,1,0,0,1,non_residential_main_use
f3cd70f045409af5,경기,경기도 김포시 북변동 168-4번지,경기도 김포시 김포대로1127번길 123 (북변동),10100,41570,112313614,,농기계창고,1997,0,1,592.0,1,0,0,0,unknown,0.833,1,1,0,0,1,old_building|non_residential_main_use
f3cef7a34f722e70,인천,인천광역시 강화군 강화읍 신문리 30-2번지,인천광역시 강화군 신문길 6 (강화읍 신문리),25021,28710,1062125379,,제1종근린생활시설,1979,0,1,144.0,1,0,0,0,unknown,0.833,1,1,0,0,1,old_building|non_residential_main_use
f3e56c1a742a62d3,서울,서울특별시 금천구 가산동 41-1번지,서울특별시 금천구 벚꽃로42길 20 (가산동),10100,11545,1019144676,,,2022,1,1,0.0,0,1,0,0,unknown,0.667,0,0,0,0,1,low_data_completeness
f3ed1d51119c708c,서울,서울특별시 관악구 봉천동 1-58번지,서울특별시 관악구 청림3다길 29 (봉천동),10100,11620,1022110054,,다가구주택,1992,0,2,245.48,1,0,1,0,unknown,0.833,1,0,0,0,1,old_building
f3fa3e5f17c7577e,인천,인천광역시 서구 백석동 58번지,인천광역시 서구 녹색숲로22번길 6 (백석동),10100,28260,10611100260059,,분뇨 및 쓰레기처리시설,2013,0,1,0.0,1,0,0,0,unknown,0.833,0,1,0,0,1,non_residential_main_use
f40d6a24e1d761f2,서울,서울특별시 강남구 역삼동 606-3번지,서울특별시 강남구 봉은사로 176 (역삼동),10100,11680,102417890,다나빌딩,근린생활시설,2000,0,1,522.7,1,0,0,0,unknown,0.833,1,1,0,0,1,old_building|non_residential_main_use
f422416fce53d650,경기,경기도 구리시 갈매동 510번지,경기도 구리시 갈매순환로204번길 65 (갈매동),10100,41310,11091100207226,구리 스마트벤처타워,,2022,1,1,0.0,0,1,0,0,unknown,0.667,0,0,0,0,1,low_data_completeness
f42645b4a3b08292,서울,서울특별시 광진구 중곡동 18-67번지,서울특별시 광진구 용마산로 128 (중곡동),10100,11215,10061766,,"근린생활시설, 교육연구시설",1990,0,1,686.6,1,0,0,0,unknown,0.833,1,1,0,0,1,old_building|non_residential_main_use
f42f1b419a795231,인천,인천광역시 옹진군 백령면 진촌리 959-4번지,인천광역시 옹진군 백령로278번길 133-20 (백령면 진촌리),33021,28720,10631100209098,백령 공공실버 마을,,2022,1,1,0.0,0,1,0,0,unknown,0.667,0,0,0,0,1,low_data_completeness
f451a2680912db79,경기,경기도 고양시 덕양구 주교동 212-17번지,경기도 고양시 덕양구 고양대로1315번길 11 (주교동),10100,41281,11041100453487,,자동차관련시설,2022,0,1,970.0,1,0,0,0,unknown,0.833,0,1,0,0,1,non_residential_main_use
f4749dd05776c4bf,인천,인천광역시 강화군 강화읍 신문리 3-8번지,인천광역시 강화군 강화대로393번길 8-1 (강화읍 신문리),25021,28710,1062120516,,숙박시설,1979,0,1,0.0,1,0,0,0,unknown,0.833,1,1,0,0,1,old_building|non_residential_main_use
f48bb2749f691ed6,경기,경기도 군포시 당동 134번지,,10100,41410,11131554,,"사무실,선로반,관사,창고",2022,0,1,0.0,1,0,0,0,unknown,0.833,0,1,0,0,1,non_residential_main_use
f491be4aefc4ad06,경기,경기도 군포시 당동 14-1번지,경기도 군포시 공단로 149 (당동),10100,41410,111319587,아이밸리 군포,,2022,1,1,0.0,0,1,0,0,unknown,0.667,0,0,1,0,1,basement_or_unknown_floor|low_data_completeness
f4ade4d02c6e5937,인천,인천광역시 부평구 부평동 10-228번지,인천광역시 부평구 길주남로 112-19 (부평동),10100,28237,10591142148,,,2022,1,1,0.0,0,1,0,0,unknown,0.667,0,0,0,0,1,low_data_completeness
f4cd1a81581350f7,인천,인천광역시 중구 중앙동1가 17-1번지,인천광역시 중구 신포로23번길 97 (중앙동1가),10100,28110,10541624,,문화및집회시설,1942,0,1,413.2,1,0,0,0,unknown,0.833,1,1,0,0,1,old_building|non_residential_main_use
f4cf0dca9f51c4a0,경기,경기도 광명시 광명동 25-13번지,경기도 광명시 광명로928번길 42-3 (광명동),10100,41210,1098117441,,,2022,1,1,0.0,0,1,0,0,unknown,0.667,0,0,0,0,1,low_data_completeness
f4d537e3d3308928,서울,서울특별시 관악구 봉천동 1-542번지,서울특별시 관악구 청림3마길 14-17 (봉천동),10100,11620,1022126138,,근린생활시설 외1,1992,0,1,0.0,1,0,0,0,unknown,0.833,1,1,0,0,1,old_building|non_residential_main_use
f4d9980c21147edd,서울,서울특별시 금천구 가산동 50-3번지,서울특별시 금천구 벚꽃로 298 (가산동),10100,11545,10191100191301,대륭 포스트타워 6차,,2022,1,1,0.0,0,1,0,0,unknown,0.667,0,0,0,0,1,low_data_completeness
f4dab578d895411e,경기,경기도 군포시 당동 67-9번지,경기도 군포시 군포로580번길 13 (당동),10100,41410,111312251,은성빌라,연립주택,1985,0,1,0.0,1,0,0,0,unknown,0.833,1,0,0,0,1,old_building
f4dcbbdb9a87dd40,경기,경기도 과천시 관문동 71-13번지,경기도 과천시 산마을길 54 (관문동),10100,41290,11081100180595,관문동 71-13 단독주택 (이정범),단독주택,2011,0,2,1153.17,1,0,1,0,unknown,0.833,0,0,0,0,0,
f4efb4bb0c9f86f0,경기,경기도 가평군 가평읍 읍내리 102-4번지,경기도 가평군 잎너비길 17-66 (가평읍 읍내리),25021,41820,11301100213672,바동,숙박시설,2014,0,1,0.0,1,0,0,0,unknown,0.833,0,1,0,0,1,non_residential_main_use
f4f96fda59fd3b7c,경기,경기도 고양시 덕양구 주교동 192번지,경기도 고양시 덕양구 고양대로1290번길 20 (주교동),10100,41281,11041100178393,,소매점,2008,0,2,1441.84,1,0,1,0,unknown,0.833,0,1,0,0,1,non_residential_main_use
f4f9a0c1e1fd820b,경기,경기도 가평군 가평읍 읍내리 98-2번지,경기도 가평군 잎너비길 17-46 (가평읍 읍내리),25021,41820,113011998,,단독주택,2002,0,2,988.18,1,0,1,0,unknown,0.833,1,0,0,0,1,old_building
f507ab76608b8785,인천,인천광역시 남동구 구월동 3-14번지,인천광역시 남동구 석산로228번길 7-1 (구월동),10100,28200,1058127536,동부주택2동,,2022,1,1,0.0,0,1,0,0,unknown,0.667,0,0,0,0,1,low_data_completeness
f52b20b46e78a9d4,경기,경기도 가평군 가평읍 읍내리 57-1번지,경기도 가평군 잎너비길 35-124 (가평읍 읍내리),25021,41820,11301100194841,,단독주택,2011,0,1,664.0,1,0,1,0,unknown,0.833,0,0,0,0,0,
f5307d0f0ad0b272,경기,경기도 고양시 덕양구 주교동 38-13번지,경기도 고양시 덕양구 원당로 112 (주교동),10100,41281,11041100458200,고양 엘림프라자,,2022,1,1,0.0,0,1,0,0,unknown,0.667,0,0,0,0,1,low_data_completeness
f532fccd870b3194,경기,경기도 과천시 문원동 15-28번지,경기도 과천시 공원마을3길 39 (문원동),10200,41290,11081100188173,,단독주택(다가구주택),2018,0,1,242.0,1,0,0,0,unknown,0.833,0,0,0,0,0,
f53bdb9e61998deb,서울,서울특별시 강남구 역삼동 604번지,서울특별시 강남구 논현로105길 52 (역삼동),10100,11680,102415135,리치타워아파트,아파트,1996,0,1,739.9,1,0,0,0,unknown,0.833,1,0,0,0,1,old_building
f5404b99c2508394,서울,서울특별시 강서구 염창동 70-20번지,서울특별시 강서구 양천로67길 71-16 (염창동),10100,11500,1017114583,삼천리아파트,"아파트, 경비실, 공중변소, 노인정",1992,0,1,0.0,1,0,0,0,unknown,0.833,1,0,0,0,1,old_building
f560ebdc5b51568b,서울,서울특별시 도봉구 쌍문동 23-38번지,서울특별시 도봉구 도당로2길 46-14 (쌍문동),10500,11320,10111586,,단독주택,1986,0,1,130.74,1,0,0,0,unknown,0.833,1,0,0,0,1,old_building
f56ec48cf2198df4,서울,서울특별시 금천구 가산동 40-14번지,서울특별시 금천구 벚꽃로42길 7 (가산동),10100,11545,1019151424,,,2022,1,1,0.0,0,1,0,0,unknown,0.667,0,0,0,0,1,low_data_completeness
f5731bf65a1c93ea,서울,서울특별시 강서구 방화동 129-2번지,서울특별시 강서구 양천로27길 115-9 (방화동),10900,11500,10171100247753,소담밸리,사무소,2022,0,1,50.56,0,0,0,1,unknown,0.833,0,1,0,0,1,non_residential_main_use
f57899e131272e21,인천,인천광역시 계양구 효성동 11-14번지,인천광역시 계양구 봉오대로601번길 5 (효성동),10100,28245,106011123,,주택,1982,0,1,0.0,1,0,0,0,unknown,0.833,1,0,0,0,1,old_building
f583461f744e4a02,서울,서울특별시 도봉구 쌍문동 11-3번지,서울특별시 도봉구 도봉로139길 80-9 (쌍문동),10500,11320,10111100193051,,,2022,1,1,0.0,0,1,0,0,unknown,0.667,0,0,0,0,1,low_data_completeness
f593b2ea772d1a81,서울,서울특별시 노원구 월계동 13번지,서울특별시 노원구 마들로 111 (월계동),10200,11350,101211589,,아파트,1986,0,1,0.0,1,0,0,0,unknown,0.833,1,0,0,0,1,old_building
f5a2e773212ba181,서울,서울특별시 금천구 가산동 32-19번지,서울특별시 금천구 벚꽃로56길 30 (가산동),10100,11545,1019116460,,"근린생활시설, 다가구용단독주택",1994,0,1,90.89,1,0,0,0,unknown,0.833,1,0,0,0,1,old_building
f5a309bf78207d17,경기,경기도 가평군 가평읍 읍내리 78-2번지,경기도 가평군 잎너비길 17-122 (가평읍 읍내리),25021,41820,11301100198672,,다가구주택,2012,0,2,1003.83,1,0,1,0,unknown,0.833,0,0,0,0,0,
f5cd3be0d91e09a4,경기,경기도 구리시 갈매동 510번지,경기도 구리시 갈매순환로204번길 65 (갈매동),10100,41310,11091100207165,구리 스마트벤처타워,,2022,1,1,0.0,0,1,0,0,unknown,0.667,0,0,0,0,1,low_data_completeness
f5cd8d6c80f0631b,경기,경기도 고양시 일산서구 일산동 524-16번지,경기도 고양시 일산서구 일중로 17 (일산동),10100,41287,11041325950,포오스프라자,,2022,1,1,0.0,0,1,0,0,unknown,0.667,0,0,0,0,1,low_data_completeness
f5d8058ea65e3857,경기,경기도 광명시 광명동 25-8번지,경기도 광명시 광삼로13번길 23-1 (광명동),10100,41210,1098117424,,,2022,1,1,0.0,0,1,0,0,unknown,0.667,0,0,0,0,1,low_data_completeness
f5e885fba6a03f34,인천,인천광역시 미추홀구 숭의동 1-10번지,인천광역시 미추홀구 경인로 150 (숭의동),10100,28177,10561100237798,한우리,,2022,1,1,0.0,0,1,0,0,unknown,0.667,0,0,0,0,1,low_data_completeness
f5ef4561cbcb033e,경기,경기도 군포시 당동 14-1번지,경기도 군포시 공단로 149 (당동),10100,41410,111319547,아이밸리 군포,,2022,1,1,0.0,0,1,0,0,unknown,0.667,0,0,1,0,1,basement_or_unknown_floor|low_data_completeness
f5f8ada3a4d7d86b,서울,서울특별시 강남구 역삼동 601-23번지,서울특별시 강남구 봉은사로4길 9 (역삼동),10100,11680,10241119670,,다세대주택,2022,0,2,47.13,0,0,0,1,unknown,0.833,0,0,1,0,1,basement_or_unknown_floor
f60aa7a2ef67ca80,경기,경기도 김포시 북변동 146-3번지,경기도 김포시 북변중로 137 (북변동),10100,41570,112313607,,예식장,2001,0,5,4236.45,1,0,1,0,unknown,0.833,1,1,0,0,1,old_building|non_residential_main_use
f62955d88fe19d91,경기,경기도 광명시 광명동 25-8번지,경기도 광명시 광삼로13번길 23-1 (광명동),10100,41210,109815395,,다세대주택,1990,0,1,155.0,1,0,0,0,unknown,0.833,1,0,0,0,1,old_building
f63c011c116ac0ec,서울,서울특별시 강동구 명일동 46-3번지,서울특별시 강동구 고덕로 266 (명일동),10100,11740,10261100290311,고덕역 대명벨리온,"업무시설(오피스텔),근린생활시설",2021,0,1,2665.8,1,0,0,0,unknown,0.833,0,0,0,0,0,
f63f6e52b394db6d,서울,서울특별시 강동구 명일동 29-5번지,서울특별시 강동구 고덕로 210 (명일동),10100,11740,102611217,삼익그린맨션,아파트,1985,0,1,0.0,1,0,0,0,unknown,0.833,1,0,0,0,1,old_building
f6443dfb7c4044d3,경기,경기도 구리시 갈매동 163-13번지,경기도 구리시 담터길 9 (갈매동),10100,41310,11091299,(주)너트클럽,"제1,2종근린생활시설 및 단독주택",2007,0,1,1257.0,1,0,0,0,unknown,0.833,0,0,0,0,0,
f645f1c408e8716f,서울,서울특별시 금천구 가산동 29-11번지,서울특별시 금천구 벚꽃로56길 64-1 (가산동),10100,11545,10191100212197,,다가구주택,2014,0,1,152.0,1,0,0,0,unknown,0.833,0,0,0,0,0,
f6647cb35400ad09,서울,서울특별시 관악구 봉천동 1-264번지,서울특별시 관악구 청림3다길 21 (봉천동),10100,11620,1022195480,,,2022,1,1,0.0,0,1,0,0,unknown,0.667,0,0,0,0,1,low_data_completeness
f66961c967534b43,인천,인천광역시 옹진군 북도면 모도리 267-1번지,인천광역시 옹진군 모도로140번길 19-16 (북도면 모도리),31023,28720,1000000000000001872497,모도파라다이스,,2023,1,1,0.0,0,1,0,0,unknown,0.667,0,0,0,0,1,low_data_completeness
f66ab52d14a472c9,서울,서울특별시 강서구 개화동 421-70번지,서울특별시 강서구 개화동로5길 9-11 (개화동),11000,11500,10171100238144,경동 미르웰,다세대주택,2022,0,1,30.95,0,0,0,1,unknown,0.833,0,0,0,0,0,
f677aeb8c82f7588,서울,서울특별시 관악구 봉천동 1-704번지,서울특별시 관악구 청림3마길 25 (봉천동),10100,11620,10221110695,,,2022,1,1,0.0,0,1,0,0,unknown,0.667,0,0,0,0,1,low_data_completeness
f678f69448a2ecc1,서울,서울특별시 도봉구 쌍문동 13-2번지,서울특별시 도봉구 도당로 18 (쌍문동),10500,11320,101114167,,아파트,1989,0,1,0.0,1,0,0,0,unknown,0.833,1,0,0,0,1,old_building
f687b5651de518c2,경기,경기도 광명시 광명동 24-11번지,경기도 광명시 광삼로13번길 28-15 (광명동),10100,41210,10981719,,단독주택,1984,0,1,4.2,1,0,1,0,unknown,0.833,1,0,0,0,1,old_building
f68ad80518443d2c,경기,경기도 과천시 관문동 99번지,경기도 과천시 관악산길 32 (관문동),10100,41290,11081150,,"근린생활시설(대중음식점), 창고, 화장실",1934,0,1,1381.0,1,0,0,0,unknown,0.833,1,1,0,0,1,old_building|non_residential_main_use
f68b8d4956805f28,서울,서울특별시 강서구 염창동 64-1번지,서울특별시 강서구 양천로67길 63 (염창동),10100,11500,101712993,염창동공장,공장,2001,0,1,3352.0,1,0,0,0,unknown,0.833,1,1,0,0,1,old_building|non_residential_main_use
f68c8a68ce890fc5,인천,인천광역시 미추홀구 숭의동 1-10번지,인천광역시 미추홀구 경인로 150 (숭의동),10100,28177,10561100237762,한우리,,2022,1,1,0.0,0,1,0,0,unknown,0.667,0,0,0,0,1,low_data_completeness
f69e4f37039b28bd,인천,인천광역시 미추홀구 숭의동 1-113번지,인천광역시 미추홀구 경인로142번길 55-9 (숭의동),10100,28177,105612214,,주택,1983,0,1,0.0,1,0,0,0,unknown,0.833,1,0,0,0,1,old_building
f6a18419ff2e67f8,경기,경기도 가평군 가평읍 읍내리 214번지,경기도 가평군 가평제방길 233 (가평읍 읍내리),25021,41820,1000000000000002714717,힐스테이트 가평 더뉴클래스,,2023,1,1,0.0,0,1,0,0,unknown,0.667,0,0,0,0,1,low_data_completeness
f6a2ea66a464a63d,경기,경기도 광주시 경안동 20-16번지,경기도 광주시 광주대로 31 (경안동),10100,41610,1000000000000002747846,지에이타워,,2023,1,1,0.0,0,1,0,0,unknown,0.667,0,0,0,0,1,low_data_completeness
f6b4ab49220d1416,인천,인천광역시 연수구 옥련동 116-52번지,인천광역시 연수구 비류대로156번길 9 (옥련동),10100,28185,10571645,,단독주택,2001,0,1,237.0,1,0,0,0,unknown,0.833,1,0,0,0,1,old_building
f6c9d033a00889ce,서울,서울특별시 도봉구 쌍문동 23-45번지,서울특별시 도봉구 방학로3가길 30-4 (쌍문동),10500,11320,10111590,,다가구용단독주택(5가구),1994,0,1,130.86,1,0,0,0,unknown,0.833,1,0,0,0,1,old_building
f6d8b1b8199717e8,인천,인천광역시 옹진군 북도면 모도리 267-1번지,인천광역시 옹진군 모도로140번길 19-16 (북도면 모도리),31023,28720,1000000000000001872480,모도파라다이스,,2023,1,1,0.0,0,1,0,0,unknown,0.667,0,0,0,0,1,low_data_completeness
f6da4a30ad7509aa,경기,경기도 군포시 당동 14-1번지,경기도 군포시 공단로 149 (당동),10100,41410,111319586,아이밸리 군포,,2022,1,1,0.0,0,1,0,0,unknown,0.667,0,0,1,0,1,basement_or_unknown_floor|low_data_completeness
f6e1edd7cba89c22,인천,인천광역시 중구 중앙동3가 4-8번지,인천광역시 중구 홍예문로 7 (중앙동3가),10300,28110,1054115496,,,2022,1,1,0.0,0,1,0,0,unknown,0.667,0,0,0,0,1,low_data_completeness
f6f2678de6c778e5,인천,인천광역시 서구 백석동 블록,인천광역시 서구 한중로 10 (백석동),10100,28260,1000000000000003501276,메르시타워,,2024,1,1,0.0,0,1,0,0,unknown,0.667,0,0,0,0,1,low_data_completeness
f6f678c84409e1c6,서울,서울특별시 관악구 봉천동 1-704번지,서울특별시 관악구 청림3마길 25 (봉천동),10100,11620,10221110693,,,2022,1,1,0.0,0,1,0,0,unknown,0.667,0,0,0,0,1,low_data_completeness
f6fd93d9709f6646,인천,인천광역시 연수구 옥련동 116-2번지,인천광역시 연수구 비류대로146번길 6 (옥련동),10100,28185,10571608,,단독주택,1985,0,1,92.55,1,0,1,0,unknown,0.833,1,0,0,0,1,old_building
f6fdabe566a6914d,경기,경기도 광명시 광명동 24-12번지,경기도 광명시 광삼로13번길 28-13 (광명동),10100,41210,10981720,,단독주택,1975,0,1,144.29,1,0,1,0,unknown,0.833,1,0,0,0,1,old_building
f70082b50890e791,인천,인천광역시 옹진군 북도면 시도리 41-1번지,인천광역시 옹진군 시도로86번길 291-20 (북도면 시도리),31021,28720,10631100200059,,단독주택,2017,0,1,328.92,1,0,1,0,unknown,0.833,0,0,0,0,0,
f700c337976f7fcb,서울,서울특별시 광진구 중곡동 18-72번지,서울특별시 광진구 용마산로 118 (중곡동),10100,11215,10061770,,"근린생활시설, 주택",1989,0,1,0.0,1,0,0,0,unknown,0.833,1,0,0,0,1,old_building
f72fd3d5ee8dd2b2,경기,경기도 군포시 당동 14-1번지,경기도 군포시 공단로 149 (당동),10100,41410,111319627,아이밸리 군포,,2022,1,1,0.0,0,1,0,0,unknown,0.667,0,0,1,0,1,basement_or_unknown_floor|low_data_completeness
f7385352dad79a96,경기,경기도 구리시 갈매동 510번지,경기도 구리시 갈매순환로204번길 65 (갈매동),10100,41310,11091100207171,구리 스마트벤처타워,,2022,1,1,0.0,0,1,0,0,unknown,0.667,0,0,0,0,1,low_data_completeness
f742b1b71ef168e6,서울,서울특별시 강서구 염창동 65번지,서울특별시 강서구 양천로67길 71-3 (염창동),10100,11500,10171100318518,진영리버타운,,2022,1,1,0.0,0,1,0,0,unknown,0.667,0,0,0,0,1,low_data_completeness
f7481a79d7c2283d,경기,경기도 군포시 당동 14-1번지,경기도 군포시 공단로 149 (당동),10100,41410,111319559,아이밸리 군포,,2022,1,1,0.0,0,1,0,0,unknown,0.667,0,0,1,0,1,basement_or_unknown_floor|low_data_completeness
f74f6e09802ac88b,서울,서울특별시 구로구 신도림동 280-26번지,서울특별시 구로구 신도림로15길 21-35 (신도림동),10100,11530,1018112016,,"근린생활시설, 주택",1993,0,1,135.57,1,0,0,0,unknown,0.833,1,0,0,0,1,old_building
f752dd3d932eab00,경기,경기도 광명시 광명동 24-31번지,경기도 광명시 광삼로13번길 38 (광명동),10100,41210,1098117384,공주빌라,,2022,1,1,0.0,0,1,0,0,unknown,0.667,0,0,1,0,1,basement_or_unknown_floor|low_data_completeness
f75e633c7eef32f7,인천,인천광역시 연수구 옥련동 53-17번지,인천광역시 연수구 수인선길120번길 30 (옥련동),10100,28185,10571501,,단독주택,1985,0,1,94.2,1,0,1,0,unknown,0.833,1,0,0,0,1,old_building
f7677adc9ae344ce,경기,경기도 고양시 덕양구 주교동 38-13번지,경기도 고양시 덕양구 원당로 112 (주교동),10100,41281,11041100458211,고양 엘림프라자,,2022,1,1,0.0,0,1,0,0,unknown,0.667,0,0,0,0,1,low_data_completeness
f7706f422afe1cbe,서울,서울특별시 강북구 미아동 3-109번지,서울특별시 강북구 오패산로30가길 5-7 (미아동),10100,11305,10101811,,단독주택,1968,0,1,0.0,1,0,0,0,unknown,0.833,1,0,0,0,1,old_building
f770cc94510ed817,경기,경기도 고양시 일산동구 식사동 2-14번지,경기도 고양시 일산동구 사리현로 101-8 (식사동),10100,41285,11041100339788,,제조업소,2018,0,1,352.8,1,0,1,0,unknown,0.833,0,1,0,0,1,non_residential_main_use
f77d600a0bb51987,경기,경기도 가평군 가평읍 읍내리 122-5번지,경기도 가평군 잎너비길 31-1 (가평읍 읍내리),25021,41820,11301100291892,,단독주택,2022,0,1,605.0,1,0,0,0,unknown,0.833,0,0,0,0,0,
f7a4ab152821a341,경기,경기도 고양시 덕양구 주교동 127번지,,10100,41281,110411540,,단독주택,2022,0,1,56.44,1,0,1,0,unknown,0.833,0,0,0,0,0,
f7c077623b174a9b,인천,인천광역시 중구 중앙동1가 19-1번지,인천광역시 중구 신포로23번길 102 (중앙동1가),10100,28110,10541100175305,,"단독주택,제2종근린생활시설",2009,0,1,165.3,1,0,0,0,unknown,0.833,0,0,0,0,0,
f7d399829fc6474e,경기,경기도 고양시 일산서구 일산동 524-16번지,경기도 고양시 일산서구 일중로 17 (일산동),10100,41287,11041325949,포오스프라자,,2022,1,1,0.0,0,1,0,0,unknown,0.667,0,0,0,0,1,low_data_completeness
f7dd5f9610abaa01,서울,서울특별시 광진구 중곡동 18-76번지,서울특별시 광진구 용마산로22길 5 (중곡동),10100,11215,10061100236669,봉황옥체,"다세대주택, 근린생활시설",2017,0,1,218.2,1,0,0,0,unknown,0.833,0,0,0,0,0,
f7e4de67fe45b71a,인천,인천광역시 중구 중앙동3가 4-8번지,인천광역시 중구 홍예문로 7 (중앙동3가),10300,28110,1054115480,,,2022,1,1,0.0,0,1,0,0,unknown,0.667,0,0,0,0,1,low_data_completeness
f7f31f2a2fcfbf17,서울,서울특별시 강동구 명일동 15번지,서울특별시 강동구 고덕로 210 (명일동),10100,11740,1026138927,삼익그린맨션,,2022,1,1,0.0,0,1,0,0,unknown,0.667,0,0,0,0,1,low_data_completeness
f80453a696a14630,서울,서울특별시 강동구 명일동 15번지,서울특별시 강동구 고덕로 210 (명일동),10100,11740,1026188615,삼익그린맨션,,2022,1,1,0.0,0,1,0,0,unknown,0.667,0,0,0,0,1,low_data_completeness
f8055afdd75244f0,서울,서울특별시 광진구 중곡동 18-23번지,서울특별시 광진구 용마산로 138 (중곡동),10100,11215,1006127446,,,2022,1,1,0.0,0,1,0,0,unknown,0.667,0,0,0,0,1,low_data_completeness
f8064803419cd7fd,인천,인천광역시 강화군 강화읍 신문리 2-2번지,인천광역시 강화군 강화대로409번길 9 (강화읍 신문리),25021,28710,1062114313,대용빌딩,일반음식점,1986,0,4,1347.16,1,0,1,0,unknown,0.833,1,1,0,0,1,old_building|non_residential_main_use
f854eebe17841cfb,서울,서울특별시 노원구 월계동 12번지,서울특별시 노원구 마들로 127 (월계동),10200,11350,10121112988,,,2022,1,1,0.0,0,1,0,0,unknown,0.667,0,0,0,0,1,low_data_completeness
f85fd5d3d545df40,경기,경기도 고양시 일산동구 식사동 210-1번지,경기도 고양시 일산동구 사리현로 24-75 (식사동),10100,41285,11041204930,,,2022,1,1,0.0,0,1,0,0,unknown,0.667,0,0,1,0,1,basement_or_unknown_floor|low_data_completeness
f86c737635ab7f53,서울,서울특별시 도봉구 쌍문동 19-1번지,서울특별시 도봉구 도당로2길 9 (쌍문동),10500,11320,10111555,,"근린생활시설, 다가구용단독주택(2)",1994,0,1,137.0,1,0,0,0,unknown,0.833,1,0,0,0,1,old_building
f87c4fcffe14586f,서울,서울특별시 도봉구 쌍문동 13-2번지,서울특별시 도봉구 도당로 18 (쌍문동),10500,11320,1011117071,,,2022,1,1,0.0,0,1,0,0,unknown,0.667,0,0,0,0,1,low_data_completeness
f87f87e8c2951823,서울,서울특별시 노원구 월계동 13번지,서울특별시 노원구 마들로 111 (월계동),10200,11350,101211596,,아파트,1986,0,1,0.0,1,0,0,0,unknown,0.833,1,0,0,0,1,old_building
f892d800b6e217ce,경기,경기도 고양시 일산서구 일산동 524-23번지,경기도 고양시 일산서구 일중로15번길 7 (일산동),10100,41287,11041228161,,일반음식점,2022,0,1,342.0,1,0,1,0,unknown,0.833,0,1,0,0,1,non_residential_main_use
f89382b0dc703137,인천,인천광역시 중구 중앙동1가 15-2번지,인천광역시 중구 신포로23번길 98 (중앙동1가),10100,28110,1054115412,중앙파크빌,,2022,1,1,0.0,0,1,0,0,unknown,0.667,0,0,0,0,1,low_data_completeness
f89c714d99413281,서울,서울특별시 구로구 신도림동 279-12번지,서울특별시 구로구 신도림로11라길 61 (신도림동),10100,11530,1018121304,,연립주택,1975,0,1,0.0,1,0,0,0,unknown,0.833,1,0,0,0,1,old_building
f8a3a135729de0b0,경기,경기도 가평군 가평읍 읍내리 214번지,경기도 가평군 가평제방길 233 (가평읍 읍내리),25021,41820,1000000000000002714811,힐스테이트 가평 더뉴클래스,,2023,1,1,0.0,0,1,0,0,unknown,0.667,0,0,0,0,1,low_data_completeness
f8ac908698b5064f,서울,서울특별시 도봉구 쌍문동 24-1번지,서울특별시 도봉구 도당로2길 46-6 (쌍문동),10500,11320,10111593,,다가구용단독주택(7가구),1994,0,1,166.65,1,0,0,0,unknown,0.833,1,0,0,0,1,old_building
f8b5ae2f532d16c2,경기,경기도 고양시 일산서구 일산동 103번지,,10100,41287,11041236498,,단독주택,2022,0,1,34.77,1,0,1,0,unknown,0.833,0,0,0,0,0,
f8d5c159648a6bcb,경기,경기도 고양시 덕양구 주교동 272-1번지,경기도 고양시 덕양구 원당로59번길 94-7 (주교동),10100,41281,11041117547,윤창아파트,,2022,1,1,0.0,0,1,0,0,unknown,0.667,0,0,1,0,1,basement_or_unknown_floor|low_data_completeness
f8d7625751a5b3f5,서울,서울특별시 강북구 미아동 3-12번지,서울특별시 강북구 오현로9길 13 (미아동),10100,11305,10101100195798,,,2022,1,1,0.0,0,1,0,0,unknown,0.667,0,0,0,0,1,low_data_completeness
f8d7acdd3fcda183,서울,서울특별시 구로구 신도림동 277-2번지,서울특별시 구로구 신도림로19길 100 (신도림동),10100,11530,1018123701,,"업무시설, 근린생활시설",1991,0,1,0.0,1,0,0,0,unknown,0.833,1,1,0,0,1,old_building|non_residential_main_use
f900c3ca2488206e,인천,인천광역시 동구 만석동 1-13번지,인천광역시 동구 보세로 22 (만석동),10100,28140,10551209,,창고,2007,0,2,491.64,1,0,1,0,unknown,0.833,0,1,0,0,1,non_residential_main_use
f936bcb747c48c41,인천,인천광역시 연수구 옥련동 116-12번지,인천광역시 연수구 한진로72번길 34 (옥련동),10100,28185,10571610,,기타공공시설,2000,0,2,565.09,1,0,1,0,unknown,0.833,1,1,0,0,1,old_building|non_residential_main_use
f9380fa8c52d9207,인천,인천광역시 옹진군 백령면 진촌리 959-4번지,인천광역시 옹진군 백령로278번길 133-20 (백령면 진촌리),33021,28720,10631100209078,백령 공공실버 마을,,2022,1,1,0.0,0,1,0,0,unknown,0.667,0,0,0,0,1,low_data_completeness
f93aaf4ffe52a886,서울,서울특별시 강동구 명일동 15번지,서울특별시 강동구 고덕로 210 (명일동),10100,11740,1026139274,삼익그린맨션,,2022,1,1,0.0,0,1,0,0,unknown,0.667,0,0,0,0,1,low_data_completeness
f93e284414309fb8,서울,서울특별시 강서구 염창동 65번지,서울특별시 강서구 양천로67길 71-3 (염창동),10100,11500,10171100318477,진영리버타운,,2022,1,1,0.0,0,1,0,0,unknown,0.667,0,0,0,0,1,low_data_completeness
f940aee5f09eac3e,서울,서울특별시 강서구 공항동 8-5번지,서울특별시 강서구 방화대로19길 3 (공항동),10800,11500,1000000000000003188870,헬리그라프 마곡에디션,오피스텔,2024,0,4,56.48,0,0,0,1,unknown,0.833,0,0,1,0,1,basement_or_unknown_floor
f94bdb6877ac88bb,경기,경기도 구리시 갈매동 162-25번지,경기도 구리시 금강로 54 (갈매동),10100,41310,11091100207831,,동.식물관련시설,2019,0,1,977.0,1,0,0,0,unknown,0.833,0,1,0,0,1,non_residential_main_use
f9628cfd08be40e4,인천,인천광역시 옹진군 북도면 시도리 204-1번지,인천광역시 옹진군 시도로104번길 54 (북도면 시도리),31021,28720,10631591,,단독주택,2003,0,1,631.0,1,0,0,0,unknown,0.833,1,0,0,0,1,old_building
f976fd63d47e2fed,인천,인천광역시 서구 백석동 28-9번지,인천광역시 서구 아라로51번길 72-10 (백석동),10100,28260,10611100195007,,버섯재배사,2009,0,1,900.0,1,0,1,0,unknown,0.833,0,1,0,0,1,non_residential_main_use
f97d27b9c6c0e6dc,인천,인천광역시 서구 백석동 블록,인천광역시 서구 한들로 33 (백석동),10100,28260,1000000000000002034176,검암역 로열파크씨티 푸르지오 1단지,,2023,1,1,0.0,0,1,0,0,unknown,0.667,0,0,0,0,1,low_data_completeness
f99ef2271a8b2118,인천,인천광역시 옹진군 북도면 시도리 1-30번지,인천광역시 옹진군 시도로86번길 396 (북도면 시도리),31021,28720,10631100178810,,다가구주택,2011,0,2,220.82,1,0,1,0,unknown,0.833,0,0,0,0,0,
f9a99d6eeffa8dfd,인천,인천광역시 부평구 부평동 10-233번지,인천광역시 부평구 주부토로100번길 20 (부평동),10100,28237,10591100263620,스마트빌,공동주택 제2종근린생활시설,2015,0,1,330.0,1,0,0,0,unknown,0.833,0,0,0,0,0,
f9b6c3a1b5d307ed,서울,서울특별시 강동구 명일동 48-9번지,서울특별시 강동구 동남로71길 20-9 (명일동),10100,11740,1026120169,,"근린생활시설, 교육연구시설",1992,0,1,699.8,1,0,0,0,unknown,0.833,1,1,0,0,1,old_building|non_residential_main_use
f9c174886f90d172,인천,인천광역시 중구 중앙동2가 20-4번지,인천광역시 중구 신포로27번길 71 (중앙동2가),10200,28110,10541667,,"주택, 영업소",2022,0,1,0.0,1,0,0,0,unknown,0.833,0,0,0,0,0,
f9cf9aaff6d33af3,경기,경기도 군포시 당동 14-1번지,경기도 군포시 공단로 149 (당동),10100,41410,111319580,아이밸리 군포,,2022,1,1,0.0,0,1,0,0,unknown,0.667,0,0,1,0,1,basement_or_unknown_floor|low_data_completeness
f9d4b42e40e87976,경기,경기도 고양시 일산서구 일산동 133번지,,10100,41287,11041239907,,단독주택,2022,0,1,61.44,1,0,1,0,unknown,0.833,0,0,0,0,0,
f9eddb8f10fb783a,서울,서울특별시 노원구 월계동 12번지,서울특별시 노원구 마들로 127 (월계동),10200,11350,10121134284,,,2022,1,1,0.0,0,1,0,0,unknown,0.667,0,0,0,0,1,low_data_completeness
fa075e28d0544fa6,경기,경기도 가평군 가평읍 읍내리 214번지,경기도 가평군 가평제방길 233 (가평읍 읍내리),25021,41820,1000000000000002714546,힐스테이트 가평 더뉴클래스,,2023,1,1,0.0,0,1,0,0,unknown,0.667,0,0,0,0,1,low_data_completeness
fa2e007e263892d7,경기,경기도 김포시 북변동 200-7번지,경기도 김포시 봉화로 162-1 (북변동),10100,41570,11231100515330,,"공동주택,업무시설",2022,0,1,406.0,1,0,0,0,unknown,0.833,0,0,0,0,0,
fa2e4e2da4861088,경기,경기도 과천시 문원동 15-25번지,경기도 과천시 공원마을2길 46 (문원동),10200,41290,11081176,,주택,1999,0,1,248.0,1,0,0,0,unknown,0.833,1,0,0,0,1,old_building
fa5244022d0176a6,서울,서울특별시 구로구 신도림동 271-25번지,서울특별시 구로구 신도림로19길 144 (신도림동),10100,11530,10181100189279,신도림삼성쉐르빌 1,,2022,1,1,0.0,0,1,0,0,unknown,0.667,0,0,0,0,1,low_data_completeness
fa56ca82cbb47318,서울,서울특별시 강서구 염창동 65번지,서울특별시 강서구 양천로67길 71-3 (염창동),10100,11500,10171100318495,진영리버타운,,2022,1,1,0.0,0,1,0,0,unknown,0.667,0,0,0,0,1,low_data_completeness
fa5c1729ef32cdb1,인천,인천광역시 강화군 강화읍 신문리 205-5번지,인천광역시 강화군 강화대로 429 (강화읍 신문리),25021,28710,1062135855,중앙시장,,2022,1,1,0.0,0,1,0,0,unknown,0.667,0,0,1,0,1,basement_or_unknown_floor|low_data_completeness
fa606abc82dff2cf,경기,경기도 광명시 광명동 24-36번지,경기도 광명시 광삼로13번길 30-17 (광명동),10100,41210,1098117390,,,2022,1,1,0.0,0,1,0,0,unknown,0.667,0,0,0,0,1,low_data_completeness
fa6d88cab4b0e061,경기,경기도 가평군 가평읍 읍내리 214번지,경기도 가평군 가평제방길 233 (가평읍 읍내리),25021,41820,1000000000000002714823,힐스테이트 가평 더뉴클래스,,2023,1,1,0.0,0,1,0,0,unknown,0.667,0,0,0,0,1,low_data_completeness
fa71d98c4e60c17c,경기,경기도 구리시 갈매동 142-23번지,,10100,41310,11091100219390,통합막사,교정및군사시설,1992,0,1,13141.0,1,0,0,0,unknown,0.833,1,1,0,0,1,old_building|non_residential_main_use
fa7cb8a6a7b052eb,인천,인천광역시 동구 만석동 1-11번지,인천광역시 동구 만석부두로7번길 15-12 (만석동),10100,28140,10551100173724,,일반공장,2009,0,1,2638.1,1,0,1,0,unknown,0.833,0,1,0,0,1,non_residential_main_use
fa9b31b0be49fe6b,인천,인천광역시 부평구 부평동 10-74번지,인천광역시 부평구 길주남로65번길 12-15 (부평동),10100,28237,1059113196,,단독주택,1975,0,1,128.0,1,0,1,0,unknown,0.833,1,0,0,0,1,old_building
fab527a6963d1360,인천,인천광역시 동구 만석동 1-34번지,인천광역시 동구 만석부두로7번길 15-2 (만석동),10100,28140,10551100174030,,일반공장,2009,0,1,973.2,1,0,1,0,unknown,0.833,0,1,0,0,1,non_residential_main_use
fab973003163744b,인천,인천광역시 강화군 강화읍 신문리 5-15번지,인천광역시 강화군 강화대로393번길 6 (강화읍 신문리),25021,28710,1062122845,,"근린생활시설, 위락시설",1991,0,1,165.0,1,0,0,0,unknown,0.833,1,1,0,0,1,old_building|non_residential_main_use
fabc2bcea674c34f,인천,인천광역시 옹진군 북도면 시도리 53-7번지,인천광역시 옹진군 시도로86번길 217-39 (북도면 시도리),31021,28720,10631100175611,,단독주택,2010,0,1,282.4,1,0,1,0,unknown,0.833,0,0,0,0,0,
fabe67c3af53c6a0,서울,서울특별시 강서구 염창동 5-5번지,,10100,11500,1017122060,,양수장,1967,0,1,100.83,1,0,1,0,unknown,0.833,1,1,0,0,1,old_building|non_residential_main_use
faeb5422eb9a8963,인천,인천광역시 미추홀구 숭의동 1-61번지,인천광역시 미추홀구 수봉로45번길 23 (숭의동),10100,28177,105617924,동일빌라,다세대주택,1993,0,1,286.0,1,0,0,0,unknown,0.833,1,0,0,0,1,old_building
faf38d36c863a794,서울,서울특별시 강서구 염창동 113-1번지,서울특별시 강서구 양천로75길 40 (염창동),10100,11500,101715475,,다세대주택,1994,0,1,357.0,1,0,0,0,unknown,0.833,1,0,0,0,1,old_building
faf46f6e6b5bf1ca,경기,경기도 구리시 갈매동 510번지,경기도 구리시 갈매순환로204번길 65 (갈매동),10100,41310,11091100207191,구리 스마트벤처타워,,2022,1,1,0.0,0,1,0,0,unknown,0.667,0,0,0,0,1,low_data_completeness
fb07f8221af553d5,서울,서울특별시 강서구 염창동 75-7번지,서울특별시 강서구 양천로67길 93-23 (염창동),10100,11500,101716491,,"근린생활시설, 주택",1996,0,1,102.0,1,0,0,0,unknown,0.833,1,0,0,0,1,old_building
fb116e2c0f3ddd11,경기,경기도 김포시 북변동 200-26번지,경기도 김포시 봉화로 162 (북변동),10100,41570,112313662,,제1.2종근린생활시설 및 주택,1996,0,1,187.0,1,0,0,0,unknown,0.833,1,0,0,0,1,old_building
fb3289f6db545f32,인천,인천광역시 남동구 구월동 3-8번지,인천광역시 남동구 석산로 230 (구월동),10100,28200,10581100314402,호진다온채,,2022,1,1,0.0,0,1,0,0,unknown,0.667,0,0,0,0,1,low_data_completeness
fb435ecabd72b0fc,경기,경기도 가평군 가평읍 읍내리 214번지,경기도 가평군 가평제방길 233 (가평읍 읍내리),25021,41820,1000000000000002714746,힐스테이트 가평 더뉴클래스,,2023,1,1,0.0,0,1,0,0,unknown,0.667,0,0,0,0,1,low_data_completeness
fb507562a643331f,경기,경기도 구리시 갈매동 142-23번지,,10100,41310,11091100219395,재활용창고,교정및군사시설,1991,0,1,13141.0,1,0,0,0,unknown,0.833,1,1,0,0,1,old_building|non_residential_main_use
fb5326850cdcc6f8,서울,서울특별시 광진구 중곡동 18-3번지,서울특별시 광진구 용마산로28길 6 (중곡동),10100,11215,10061100205910,,,2022,1,1,0.0,0,1,0,0,unknown,0.667,0,0,0,0,1,low_data_completeness
fb59eb4817a4275c,서울,서울특별시 강북구 미아동 3-12번지,서울특별시 강북구 오현로9길 13 (미아동),10100,11305,10101100195801,,,2022,1,1,0.0,0,1,0,0,unknown,0.667,0,0,0,0,1,low_data_completeness
fb74a73e0bced917,경기,경기도 과천시 문원동 15-15번지,경기도 과천시 공원마을1길 38 (문원동),10200,41290,11081100182901,,,2022,1,1,0.0,0,1,0,0,unknown,0.667,0,0,0,0,1,low_data_completeness
fb777b551bd4d363,경기,경기도 구리시 갈매동 510번지,경기도 구리시 갈매순환로204번길 65 (갈매동),10100,41310,11091100207170,구리 스마트벤처타워,,2022,1,1,0.0,0,1,0,0,unknown,0.667,0,0,0,0,1,low_data_completeness
fb7e9fbb120c130a,서울,서울특별시 관악구 봉천동 1-409번지,서울특별시 관악구 청림3길 39 (봉천동),10100,11620,1022129851,,단독주택,1993,0,1,97.97,1,0,0,0,unknown,0.833,1,0,0,0,1,old_building
fb8f6f7bb2395b2e,서울,서울특별시 노원구 월계동 12번지,서울특별시 노원구 마들로 127 (월계동),10200,11350,10121195223,,,2022,1,1,0.0,0,1,0,0,unknown,0.667,0,0,0,0,1,low_data_completeness
fb95d244b8854780,경기,경기도 가평군 가평읍 읍내리 106번지,경기도 가평군 잎너비길 35-64 (가평읍 읍내리),25021,41820,113012002,,단독주택,2006,0,1,1286.0,1,0,0,0,unknown,0.833,0,0,0,0,0,
fb9b2c88311421c5,인천,인천광역시 연수구 옥련동 118-16번지,인천광역시 연수구 한진로72번길 30 (옥련동),10100,28185,105718321,,,2022,1,1,0.0,0,1,0,0,unknown,0.667,0,0,1,0,1,basement_or_unknown_floor|low_data_completeness
fb9e6f2ff4c148e3,서울,서울특별시 노원구 월계동 13번지,서울특별시 노원구 마들로 59 (월계동),10200,11350,101211607,,아파트,1986,0,1,0.0,1,0,0,0,unknown,0.833,1,0,0,0,1,old_building
fb9f7c49c78afed0,경기,경기도 고양시 일산동구 식사동 13-8번지,,10100,41285,11041100436798,저장고(탄15),국방ㆍ군사시설,1976,0,1,652544.48,1,0,1,0,unknown,0.833,1,1,0,0,1,old_building|non_residential_main_use
fb9fd3f894039499,경기,경기도 과천시 문원동 15-31번지,경기도 과천시 공원마을3길 49 (문원동),10200,41290,11081100179138,갤러리 House,,2022,1,1,0.0,0,1,0,0,unknown,0.667,0,0,0,0,1,low_data_completeness
fba0724d8d89166c,경기,경기도 군포시 당동 8-8번지,경기도 군포시 공단로 161 (당동),10100,41410,11131519,,소매점,1992,0,2,616.77,1,0,1,0,unknown,0.833,1,1,0,0,1,old_building|non_residential_main_use
fbae92212b9badc7,인천,인천광역시 부평구 부평동 10-43번지,인천광역시 부평구 길주남로102번길 11-11 (부평동),10100,28237,1000000000000004483928,부평동세창주택1차,,2024,1,1,0.0,0,1,0,0,unknown,0.667,0,0,0,0,1,low_data_completeness
fbb51422e898e21b,경기,경기도 고양시 덕양구 주교동 272-1번지,경기도 고양시 덕양구 원당로59번길 94-7 (주교동),10100,41281,11041117521,윤창아파트,,2022,1,1,0.0,0,1,0,0,unknown,0.667,0,0,1,0,1,basement_or_unknown_floor|low_data_completeness
fbbce6d867c415a0,경기,경기도 고양시 일산동구 식사동 236-6번지,경기도 고양시 일산동구 견달산로210번길 45-11 (식사동),10100,41285,11041100218307,루미나리,,2022,1,1,0.0,0,1,0,0,unknown,0.667,0,0,0,0,1,low_data_completeness
fbbe3602ca2700f5,경기,경기도 광주시 경안동 10-24번지,경기도 광주시 광주대로71번길 6 (경안동),10100,41610,11251100247145,,,2022,1,1,0.0,0,1,0,0,unknown,0.667,0,0,0,0,1,low_data_completeness
fbcab777d60a6339,인천,인천광역시 미추홀구 숭의동 1-10번지,인천광역시 미추홀구 경인로 150 (숭의동),10100,28177,10561100237796,한우리,,2022,1,1,0.0,0,1,0,0,unknown,0.667,0,0,0,0,1,low_data_completeness
fbe2250c4925a61f,경기,경기도 광명시 광명동 24-19번지,경기도 광명시 광삼로13번길 28-7 (광명동),10100,41210,10981726,,단독주택,1976,0,1,1.42,1,0,1,0,unknown,0.833,1,0,0,0,1,old_building
fbe63d9435bc46a6,서울,서울특별시 금천구 가산동 32-12번지,서울특별시 금천구 벚꽃로52길 6 (가산동),10100,11545,1019112614,,다가구용단독주택(3가구),1992,0,1,0.0,1,0,0,0,unknown,0.833,1,0,0,0,1,old_building
fbfccf9d49e462bb,서울,서울특별시 강서구 방화동 128-1번지,서울특별시 강서구 방화대로52가길 36 (방화동),10900,11500,10171167862,한림빌리지,연립주택,2022,0,2,91.34,0,0,0,1,unknown,0.833,0,0,1,0,1,basement_or_unknown_floor
fc1fedbe31ffc754,인천,인천광역시 동구 만석동 5-22번지,인천광역시 동구 인중로 442 (만석동),10100,28140,1055112139,서해빌라,,2022,1,1,0.0,0,1,0,0,unknown,0.667,0,0,1,0,1,basement_or_unknown_floor|low_data_completeness
fc2120ebd9c5c9b0,경기,경기도 고양시 일산서구 일산동 517-21번지,,10100,41287,11041238714,중동주유소,주유소,1994,0,2,726.59,1,0,1,0,unknown,0.833,1,1,0,0,1,old_building|non_residential_main_use
fc23bd3eeba84b39,경기,경기도 광명시 광명동 24-41번지,경기도 광명시 광삼로13번길 30-7 (광명동),10100,41210,10981740,,단독주택,1972,0,1,119.0,1,0,0,0,unknown,0.833,1,0,0,0,1,old_building
fc46f34f32dec84f,인천,인천광역시 서구 백석동 58번지,인천광역시 서구 자원순환로364번길 19 (백석동),10100,28260,10611100246121,,변전실동,2012,0,1,0.0,1,0,0,0,unknown,0.833,0,1,0,0,1,non_residential_main_use
fc4b10c728357e0a,인천,인천광역시 계양구 효성동 1-13번지,인천광역시 계양구 길마로88번길 9 (효성동),10100,28245,1060113226,원익그린맨션,,2022,1,1,0.0,0,1,0,0,unknown,0.667,0,0,0,0,1,low_data_completeness
fc4e65a8d354c2ab,서울,서울특별시 도봉구 쌍문동 23-39번지,서울특별시 도봉구 방학로3가길 28 (쌍문동),10500,11320,10111587,,다가구용단독주택(10),1993,0,1,227.0,1,0,0,0,unknown,0.833,1,0,0,0,1,old_building
fc4e98ca39faf7e2,서울,서울특별시 금천구 가산동 50-3번지,서울특별시 금천구 벚꽃로 298 (가산동),10100,11545,10191100191245,대륭 포스트타워 6차,,2022,1,1,0.0,0,1,0,0,unknown,0.667,0,0,0,0,1,low_data_completeness
fc572b698c23d754,경기,경기도 가평군 가평읍 읍내리 214번지,경기도 가평군 가평제방길 233 (가평읍 읍내리),25021,41820,1000000000000002714622,힐스테이트 가평 더뉴클래스,,2023,1,1,0.0,0,1,0,0,unknown,0.667,0,0,0,0,1,low_data_completeness
fc5e1cd79f211200,경기,경기도 광명시 광명동 25-5번지,경기도 광명시 광삼로13번길 25 (광명동),10100,41210,10981762,,다가구주택,1992,0,1,127.8,1,0,0,0,unknown,0.833,1,0,0,0,1,old_building
fc6012af26abd19e,서울,서울특별시 강동구 명일동 15번지,서울특별시 강동구 명일로 375 (명일동),10100,11740,1026137906,삼익그린맨션,,2022,1,1,0.0,0,1,0,0,unknown,0.667,0,0,0,0,1,low_data_completeness
fc62f129e91d6408,서울,서울특별시 노원구 월계동 12번지,서울특별시 노원구 마들로 127 (월계동),10200,11350,10121195168,,,2022,1,1,0.0,0,1,0,0,unknown,0.667,0,0,0,0,1,low_data_completeness
fc67df4fb4042b6d,인천,인천광역시 계양구 효성동 1-76번지,인천광역시 계양구 새벌로 179 (효성동),10100,28245,106012073,삼성하이츠맨션,공동주택,2002,0,1,211.0,1,0,0,0,unknown,0.833,1,0,0,0,1,old_building
fc71c9d9bd8e73c2,서울,서울특별시 강동구 명일동 48-3번지,,10100,11740,1026116243,우진빌딩,"근린시설, 교육연구시설",1993,0,1,828.0,1,0,0,0,unknown,0.833,1,1,0,0,1,old_building|non_residential_main_use
fc8c71b27ca074dc,인천,인천광역시 연수구 옥련동 81-19번지,인천광역시 연수구 독배로 109 (옥련동),10100,28185,105718100,,,2022,1,1,0.0,0,1,0,0,unknown,0.667,0,0,1,0,1,basement_or_unknown_floor|low_data_completeness
fc8cae5c0bd09e6e,서울,서울특별시 강서구 내발산동 647번지,서울특별시 강서구 강서로52길 43 (내발산동),10600,11500,1000000000000002238127,DH647,소매점,2023,0,2,141.5,0,0,0,1,unknown,0.833,0,1,0,0,1,non_residential_main_use
fc9637e43e567736,경기,경기도 구리시 갈매동 510번지,경기도 구리시 갈매순환로204번길 65 (갈매동),10100,41310,11091100207230,구리 스마트벤처타워,,2022,1,1,0.0,0,1,0,0,unknown,0.667,0,0,0,0,1,low_data_completeness
fce0db35148c176c,서울,서울특별시 금천구 가산동 41-1번지,서울특별시 금천구 벚꽃로42길 20 (가산동),10100,11545,1019144680,,,2022,1,1,0.0,0,1,0,0,unknown,0.667,0,0,0,0,1,low_data_completeness
fcea4b91e91cf203,서울,서울특별시 도봉구 쌍문동 8-5번지,서울특별시 도봉구 도봉로139길 74-10 (쌍문동),10500,11320,10111540,,다가구주택,1983,0,2,218.28,1,0,1,0,unknown,0.833,1,0,0,0,1,old_building
fcec0d461ec91282,인천,인천광역시 강화군 강화읍 신문리 1-15번지,인천광역시 강화군 강화대로 401-1 (강화읍 신문리),25021,28710,1062122746,대영양국,일반음식점,1990,0,4,329.7112,1,0,1,0,unknown,0.833,1,1,0,0,1,old_building|non_residential_main_use
fd06a761e065fa07,인천,인천광역시 미추홀구 숭의동 1-110번지,인천광역시 미추홀구 수봉로21번길 34 (숭의동),10100,28177,10561100203593,,주택,1990,0,1,0.0,1,0,0,0,unknown,0.833,1,0,0,0,1,old_building
fd1331020527b5d0,서울,서울특별시 금천구 가산동 41-1번지,서울특별시 금천구 벚꽃로42길 20 (가산동),10100,11545,1019144682,,,2022,1,1,0.0,0,1,0,0,unknown,0.667,0,0,0,0,1,low_data_completeness
fd16bcae2b273f1a,인천,인천광역시 옹진군 북도면 모도리 267-1번지,인천광역시 옹진군 모도로140번길 19-16 (북도면 모도리),31023,28720,1000000000000001872487,모도파라다이스,,2023,1,1,0.0,0,1,0,0,unknown,0.667,0,0,0,0,1,low_data_completeness
fd1a9b9e245a72e1,인천,인천광역시 남동구 구월동 3-18번지,인천광역시 남동구 석산로228번길 17-8 (구월동),10100,28200,1058127540,,,2022,1,1,0.0,0,1,0,0,unknown,0.667,0,0,0,0,1,low_data_completeness
fd1f66abc89c5494,서울,서울특별시 강북구 미아동 3-10번지,서울특별시 강북구 오현로9길 19 (미아동),10100,11305,1010130835,,연립주택,2022,1,1,39.69,0,1,0,1,unknown,0.833,0,0,0,0,0,
fd260aeb628d3705,서울,서울특별시 강동구 명일동 46번지,서울특별시 강동구 고덕로 254 (명일동),10100,11740,102618567,신광빌딩,"제1.2종근린생활시설,업무시설",1995,0,1,1442.5,1,0,0,0,unknown,0.833,1,1,0,0,1,old_building|non_residential_main_use
fd2862972f661f5d,서울,서울특별시 금천구 가산동 32-56번지,서울특별시 금천구 벚꽃로50길 12 (가산동),10100,11545,1019113986,,다가구용 단독주택,1991,0,1,88.0,1,0,0,0,unknown,0.833,1,0,0,0,1,old_building
fd34a8260d4f98eb,경기,경기도 가평군 가평읍 읍내리 91-1번지,경기도 가평군 잎너비길 35-223 (가평읍 읍내리),25021,41820,113011993,,단독주택,2001,0,1,490.53,1,0,1,0,unknown,0.833,1,0,0,0,1,old_building
fd3af298a12c2dff,경기,경기도 구리시 갈매동 43-7번지,경기도 구리시 동구릉로459번길 211 (갈매동),10100,41310,11091100173296,구리시 노인전문요양시설,요양소,2008,0,3,3672.03,1,0,1,0,unknown,0.833,0,1,0,0,1,non_residential_main_use
fd442a800626eba3,경기,경기도 고양시 덕양구 주교동 272-1번지,경기도 고양시 덕양구 원당로59번길 94-7 (주교동),10100,41281,11041117545,윤창아파트,,2022,1,1,0.0,0,1,0,0,unknown,0.667,0,0,1,0,1,basement_or_unknown_floor|low_data_completeness
fd4fe33e9b5d19e2,경기,경기도 구리시 갈매동 510번지,경기도 구리시 갈매순환로204번길 65 (갈매동),10100,41310,11091100207217,구리 스마트벤처타워,,2022,1,1,0.0,0,1,0,0,unknown,0.667,0,0,0,0,1,low_data_completeness
fd501299427f0e07,서울,서울특별시 구로구 신도림동 280-15번지,서울특별시 구로구 신도림로11라길 47-9 (신도림동),10100,11530,1018120948,,다가구용단독주택,1993,0,1,150.65,1,0,0,0,unknown,0.833,1,0,0,0,1,old_building
fd5091cb0e8540a7,경기,경기도 고양시 일산서구 일산동,,10100,41287,11041229460,,단독주택,2022,0,1,13.0,1,0,1,0,unknown,0.833,0,0,0,0,0,
fd57d960d38e454c,경기,경기도 김포시 북변동 162-2번지,경기도 김포시 김포대로1127번길 67 (북변동),10100,41570,11231100349456,,소매점,2017,0,1,590.0,1,0,1,0,unknown,0.833,0,1,0,0,1,non_residential_main_use
fd59c87cf91e21bb,서울,서울특별시 구로구 신도림동 281-41번지,서울특별시 구로구 구로중앙로42길 136 (신도림동),10100,11530,101817097,,근린생활시설,1989,0,1,0.0,1,0,0,0,unknown,0.833,1,1,0,0,1,old_building|non_residential_main_use
fd67388fe63465fd,경기,경기도 고양시 일산서구 일산동 546-1번지,경기도 고양시 일산서구 고양대로 706-13 (일산동),10100,41287,11041234067,,제1종근린생활시설,2003,0,1,289.0,1,0,0,0,unknown,0.833,1,1,0,0,1,old_building|non_residential_main_use
fd6ac3ebaeb8412f,경기,경기도 김포시 북변동 200-19번지,경기도 김포시 봉화로 164 (북변동),10100,41570,1123140606,한터하이빌,,2022,1,1,0.0,0,1,0,0,unknown,0.667,0,0,0,0,1,low_data_completeness
fd8060ff2355b8eb,경기,경기도 고양시 덕양구 주교동 190-1번지,경기도 고양시 덕양구 고양대로1290번길 32-14 (주교동),10100,41281,110411543,,축사,2022,0,1,86.84,1,0,1,0,unknown,0.833,0,1,0,0,1,non_residential_main_use
fd8311f7bab5f253,경기,경기도 광명시 광명동 25-9번지,경기도 광명시 광명로928번길 41-8 (광명동),10100,41210,1098117429,,,2022,1,1,0.0,0,1,0,0,unknown,0.667,0,0,1,0,1,basement_or_unknown_floor|low_data_completeness
fd9631b394bef24c,경기,경기도 과천시 문원동 15-49번지,경기도 과천시 공원마을6길 35 (문원동),10200,41290,11081100185271,보니타스,공동주택,2016,0,1,333.0,1,0,0,0,unknown,0.833,0,0,0,0,0,
fdb2e8c232bdfae3,서울,서울특별시 금천구 가산동 32-26번지,서울특별시 금천구 벚꽃로 334-10 (가산동),10100,11545,1019117272,,다가구주택(6가구),1995,0,1,120.35,1,0,0,0,unknown,0.833,1,0,0,0,1,old_building
fdb3c2d88f8253cb,경기,경기도 가평군 가평읍 읍내리 214번지,경기도 가평군 가평제방길 233 (가평읍 읍내리),25021,41820,1000000000000002714888,힐스테이트 가평 더뉴클래스,,2023,1,1,0.0,0,1,0,0,unknown,0.667,0,0,0,0,1,low_data_completeness
fdb5ebaf7b880c03,서울,서울특별시 강남구 역삼동 601-23번지,서울특별시 강남구 봉은사로4길 9 (역삼동),10100,11680,10241119675,,다세대주택,2022,0,2,35.17,0,0,0,1,unknown,0.833,0,0,1,0,1,basement_or_unknown_floor
fdd880f731d7ef35,경기,경기도 과천시 문원동 15-55번지,경기도 과천시 공원마을5길 30 (문원동),10200,41290,11081100185282,문원동15-55다세대주택,,2022,1,1,0.0,0,1,0,0,unknown,0.667,0,0,0,0,1,low_data_completeness
fdebf893a8afb8a3,인천,인천광역시 서구 백석동 16-2번지,인천광역시 서구 독정로 26-12 (백석동),10100,28260,10611100282468,,단독주택,2015,0,2,300.25,1,0,1,0,unknown,0.833,0,0,0,0,0,
fdecae563f0f05ad,인천,인천광역시 옹진군 북도면 시도리 33-3번지,인천광역시 옹진군 시도로86번길 231 (북도면 시도리),31021,28720,10631575,,일반음식점,2005,0,3,830.02,1,0,1,0,unknown,0.833,1,1,0,0,1,old_building|non_residential_main_use
fdee879f6a00f292,서울,서울특별시 광진구 중곡동 18-23번지,서울특별시 광진구 용마산로 138 (중곡동),10100,11215,1006127432,,,2022,1,1,0.0,0,1,0,0,unknown,0.667,0,0,0,0,1,low_data_completeness
fdf9b9ae91f65e84,서울,서울특별시 도봉구 쌍문동 7-22번지,서울특별시 도봉구 도봉로139길 63 (쌍문동),10500,11320,1011117024,,,2022,1,1,0.0,0,1,0,0,unknown,0.667,0,0,0,0,1,low_data_completeness
fdfa30d169e5e1ea,서울,서울특별시 강북구 미아동 3-88번지,서울특별시 강북구 오패산로30가길 5-4 (미아동),10100,11305,10101799,,단독주택,1968,0,1,0.0,1,0,0,0,unknown,0.833,1,0,0,0,1,old_building
fdfa7fdacc5b1379,경기,경기도 가평군 가평읍 읍내리 75-4번지,경기도 가평군 잎너비길 17-156 (가평읍 읍내리),25021,41820,11301100238069,,탁구장,2017,0,2,50.0,1,0,1,0,unknown,0.833,0,1,0,0,1,non_residential_main_use
fdfb2d40fd972508,경기,경기도 과천시 관문동 52-5번지,경기도 과천시 중앙로 317 (관문동),10100,41290,1000000000000006817596,,일반음식점,2025,0,3,624.63,1,0,1,0,unknown,0.833,0,1,0,0,1,non_residential_main_use
fe131e86a4128189,경기,경기도 광주시 경안동 12-7번지,경기도 광주시 광주대로71번길 19-7 (경안동),10100,41610,112517966,,주택,1980,0,1,0.0,1,0,0,0,unknown,0.833,1,0,0,0,1,old_building
fe161c8e1d10f5d8,서울,서울특별시 강남구 역삼동 604-6번지,서울특별시 강남구 봉은사로 146 (역삼동),10100,11680,102413638,,근린생활시설,1981,0,1,509.8,1,0,0,0,unknown,0.833,1,1,0,0,1,old_building|non_residential_main_use
fe1fa5565fbe9680,서울,서울특별시 강서구 염창동 102-42번지,서울특별시 강서구 양천로71길 65 (염창동),10100,11500,1017116304,,근린생활시설,1982,0,1,0.0,1,0,0,0,unknown,0.833,1,1,0,0,1,old_building|non_residential_main_use
fe3e9cc3fd37d919,서울,서울특별시 금천구 가산동 6-3번지,서울특별시 금천구 벚꽃로56길 20 (가산동),10100,11545,10191100230471,,단독주택,2018,0,5,529.42,1,0,1,0,unknown,0.833,0,0,0,0,0,
fe40b34c409aa7a6,경기,경기도 과천시 문원동 15-26번지,경기도 과천시 공원마을2길 42 (문원동),10200,41290,11081100186715,문원동 15-26 단독주택 (왕동순),다가구주택,2017,0,1,248.0,1,0,0,0,unknown,0.833,0,0,0,0,0,
fe4b07c5f07f229e,경기,경기도 광명시 광명동 24-26번지,경기도 광명시 광삼로13번길 28 (광명동),10100,41210,1098117371,,,2022,1,1,0.0,0,1,0,0,unknown,0.667,0,0,1,0,1,basement_or_unknown_floor|low_data_completeness
fe4ca424e8922980,인천,인천광역시 계양구 효성동 11-6번지,인천광역시 계양구 봉오대로601번길 11 (효성동),10100,28245,106011114,,다가구주택(9가구),1992,0,1,215.0,1,0,0,0,unknown,0.833,1,0,0,0,1,old_building
fe6c1ed8773df099,인천,인천광역시 중구 중앙동3가 4-8번지,인천광역시 중구 홍예문로 7 (중앙동3가),10300,28110,1054115447,,,2022,1,1,0.0,0,1,0,0,unknown,0.667,0,0,0,0,1,low_data_completeness
fe6cf9daf9b0182e,인천,인천광역시 강화군 강화읍 신문리 205-5번지,인천광역시 강화군 강화대로 429 (강화읍 신문리),25021,28710,1062135863,중앙시장,,2022,1,1,0.0,0,1,0,0,unknown,0.667,0,0,1,0,1,basement_or_unknown_floor|low_data_completeness
fe78a2d273588137,서울,서울특별시 강남구 역삼동 607-5번지,서울특별시 강남구 봉은사로26길 23-1 (역삼동),10100,11680,1024111169,린 하우스,다세대주택,2003,0,1,330.8,1,0,0,0,unknown,0.833,1,0,0,0,1,old_building
fe7c152a5d415c6a,경기,경기도 군포시 당동 168-5번지,경기도 군포시 공단로 39 (당동),10100,41410,11131590,당동건물,"제1,2종근린생활시설",1974,0,1,1157.0,1,0,0,0,unknown,0.833,1,1,0,0,1,old_building|non_residential_main_use
fe865f0ec3f39ad9,서울,서울특별시 강북구 미아동 3-50번지,서울특별시 강북구 오패산로30가길 4-5 (미아동),10100,11305,10101776,,단독주택,1993,0,1,65.46,1,0,0,0,unknown,0.833,1,0,0,0,1,old_building
fe9422f14f623e5a,경기,경기도 가평군 가평읍 읍내리 214번지,경기도 가평군 가평제방길 233 (가평읍 읍내리),25021,41820,1000000000000002714462,힐스테이트 가평 더뉴클래스,,2023,1,1,0.0,0,1,0,0,unknown,0.667,0,0,0,0,1,low_data_completeness
fea5f4a8474597aa,인천,인천광역시 부평구 부평동 10-66번지,인천광역시 부평구 장제로221번길 23 (부평동),10100,28237,10591100251176,다온그린빌,다세대주택,2013,0,6,1228.33,1,0,1,0,unknown,0.833,0,0,0,0,0,
feb4839fa3366dda,서울,서울특별시 광진구 중곡동 18-3번지,서울특별시 광진구 용마산로28길 6 (중곡동),10100,11215,10061100205908,,,2022,1,1,0.0,0,1,0,0,unknown,0.667,0,0,0,0,1,low_data_completeness
feb62e28886dd0a9,서울,서울특별시 강북구 미아동 3-205번지,서울특별시 강북구 오패산로 207 (미아동),10100,11305,10101881,,단독주택,1970,0,1,0.0,1,0,0,0,unknown,0.833,1,0,0,0,1,old_building
fec1e9255a371964,서울,서울특별시 강서구 방화동 128-1번지,서울특별시 강서구 방화대로52가길 36 (방화동),10900,11500,10171167858,한림빌리지,연립주택,2022,0,2,93.62,0,0,0,1,unknown,0.833,0,0,1,0,1,basement_or_unknown_floor
fec72c46b2427bd9,인천,인천광역시 미추홀구 숭의동 1-58번지,인천광역시 미추홀구 수봉로33번길 28-15 (숭의동),10100,28177,105617922,,공동주택(다세대주택),2007,0,1,221.0,1,0,0,0,unknown,0.833,0,0,0,0,0,
fede625031e0269f,경기,경기도 고양시 일산서구 일산동 524-16번지,경기도 고양시 일산서구 일중로 17 (일산동),10100,41287,11041325942,포오스프라자,,2022,1,1,0.0,0,1,0,0,unknown,0.667,0,0,0,0,1,low_data_completeness
fedf682cb4812d5e,서울,서울특별시 강서구 염창동 58번지,서울특별시 강서구 양천로67길 50-29 (염창동),10100,11500,1017127830,블래스밸리,공동주택(다세대),2006,0,1,242.0,1,0,0,0,unknown,0.833,0,0,0,0,0,
fee2498ed811231a,인천,인천광역시 계양구 효성동 1-14번지,인천광역시 계양구 길마로88번길 11 (효성동),10100,28245,1060113235,원익그린맨션,,2022,1,1,0.0,0,1,0,0,unknown,0.667,0,0,0,0,1,low_data_completeness
fef52568c946b481,서울,서울특별시 구로구 신도림동 271-25번지,서울특별시 구로구 신도림로19길 144 (신도림동),10100,11530,10181100189218,신도림삼성쉐르빌 1,,2022,1,1,0.0,0,1,0,0,unknown,0.667,0,0,0,0,1,low_data_completeness
feff912844ef15b5,서울,서울특별시 노원구 월계동 12번지,서울특별시 노원구 마들로 127 (월계동),10200,11350,10121195267,,,2022,1,1,0.0,0,1,0,0,unknown,0.667,0,0,0,0,1,low_data_completeness
ff048ebc8826ff71,경기,경기도 가평군 가평읍 읍내리 214번지,경기도 가평군 가평제방길 233 (가평읍 읍내리),25021,41820,1000000000000002714757,힐스테이트 가평 더뉴클래스,,2023,1,1,0.0,0,1,0,0,unknown,0.667,0,0,0,0,1,low_data_completeness
ff0527172ca0f698,서울,서울특별시 강남구 역삼동 603-7번지,서울특별시 강남구 봉은사로 140 (역삼동),10100,11680,10241100225049,신논현 마에스트로,"업무시설(오피스텔),제1종근린생활시설",2013,0,1,514.4,1,0,0,0,unknown,0.833,0,0,0,0,0,
ff0f4d1517bfd863,인천,인천광역시 미추홀구 숭의동 1-10번지,인천광역시 미추홀구 경인로 150 (숭의동),10100,28177,10561100237797,한우리,,2022,1,1,0.0,0,1,0,0,unknown,0.667,0,0,0,0,1,low_data_completeness
ff27ae02d3fd3336,경기,경기도 구리시 갈매동 142-124번지,경기도 구리시 금강로 112 (갈매동),10100,41310,11091277,,식물관련시설(버섯재배사),2002,0,1,324.0,1,0,0,0,unknown,0.833,1,1,0,0,1,old_building|non_residential_main_use
ff368a39d8169dcb,서울,서울특별시 구로구 신도림동 281-33번지,서울특별시 구로구 신도림로15길 83 (신도림동),10100,11530,1018119894,,제2종근린생활시설(제조업소),1976,0,1,0.0,1,0,0,0,unknown,0.833,1,1,0,0,1,old_building|non_residential_main_use
ff3ef6103bc5ce10,서울,서울특별시 강동구 명일동 15번지,서울특별시 강동구 고덕로 210 (명일동),10100,11740,1026138548,삼익그린맨션,아파트,2022,0,3,77.21,0,0,0,1,unknown,0.833,0,0,0,0,0,
ff4bb9b2cfbb98a1,경기,경기도 과천시 문원동 15-12번지,경기도 과천시 공원마을1길 48 (문원동),10200,41290,11081167,,다가구주택-7가구,2002,0,1,248.0,1,0,0,0,unknown,0.833,1,0,0,0,1,old_building
ff4cdd50c603821c,서울,서울특별시 강서구 염창동 114-2번지,서울특별시 강서구 양천로77길 58-25 (염창동),10100,11500,1017119781,염창강변경로당,노유자시설(노인정),1994,0,1,0.0,1,0,0,0,unknown,0.833,1,1,0,0,1,old_building|non_residential_main_use
ff5237e5b53fae0f,경기,경기도 김포시 북변동 200-40번지,경기도 김포시 봉화로 162-2 (북변동),10100,41570,11231100515347,,,2022,1,1,0.0,0,1,0,0,unknown,0.667,0,0,0,0,1,low_data_completeness
ff7717c8a2c5acc0,인천,인천광역시 부평구 부평동 10-225번지,인천광역시 부평구 길주남로 112-17 (부평동),10100,28237,10591133683,삼성빌라,,2022,1,1,0.0,0,1,0,0,unknown,0.667,0,0,0,0,1,low_data_completeness
ff7b9382960aca15,경기,경기도 고양시 일산동구 식사동 13-8번지,,10100,41285,11041100436802,일반창고3,국방ㆍ군사시설,1978,0,1,652375.04,1,0,1,0,unknown,0.833,1,1,0,0,1,old_building|non_residential_main_use
ffc93244f4df1ee2,경기,경기도 가평군 가평읍 읍내리 214번지,경기도 가평군 가평제방길 233 (가평읍 읍내리),25021,41820,1000000000000002714886,힐스테이트 가평 더뉴클래스,,2023,1,1,0.0,0,1,0,0,unknown,0.667,0,0,0,0,1,low_data_completeness
ffce37099042bd20,서울,서울특별시 관악구 봉천동 1-477번지,서울특별시 관악구 청림3길 74 (봉천동),10100,11620,1022110752,,단독주택 외1,1992,0,1,0.0,1,0,0,0,unknown,0.833,1,0,0,0,1,old_building
ffce86593aead734,서울,서울특별시 강서구 공항동 2-85번지,서울특별시 강서구 방화대로23길 29 (공항동),10800,11500,1017190290,,다세대주택,2022,0,1,82.09,0,0,0,1,unknown,0.833,0,0,0,0,0,
ffdadce59453871a,서울,서울특별시 강서구 염창동 57번지,서울특별시 강서구 양천로67길 50-33 (염창동),10100,11500,101719735,지오빌,공동주택(아파트),2006,0,1,791.0,1,0,0,0,unknown,0.833,0,0,0,0,0,
fff31d6f066d3fcc,서울,서울특별시 강남구 역삼동 601-15번지,서울특별시 강남구 봉은사로 114 (역삼동),10100,11680,10241100193367,반디빌딩,"업무시설, 근린생활시설",2009,0,1,394.1,1,0,0,0,unknown,0.833,0,1,0,0,1,non_residential_main_use
